2026-01-21T11:47:43.377+05:30  INFO 11048 --- [ims] [restartedMain] com.cts.ImsApplication                   : Starting ImsApplication using Java 21.0.6 with PID 11048 (C:\Users\2393375\Documents\ADM2026\Backend\ims\target\classes started by 2393375 in C:\Users\2393375\Documents\ADM2026\Backend\ims)
2026-01-21T11:47:43.404+05:30  INFO 11048 --- [ims] [restartedMain] com.cts.ImsApplication                   : No active profile set, falling back to 1 default profile: "default"
2026-01-21T11:47:43.520+05:30  INFO 11048 --- [ims] [restartedMain] .e.DevToolsPropertyDefaultsPostProcessor : Devtools property defaults active! Set 'spring.devtools.add-properties' to 'false' to disable
2026-01-21T11:47:43.521+05:30  INFO 11048 --- [ims] [restartedMain] .e.DevToolsPropertyDefaultsPostProcessor : For additional web related logging consider setting the 'logging.level.web' property to 'DEBUG'
2026-01-21T11:47:45.995+05:30  INFO 11048 --- [ims] [restartedMain] .s.d.r.c.RepositoryConfigurationDelegate : Bootstrapping Spring Data JPA repositories in DEFAULT mode.
2026-01-21T11:47:46.137+05:30  INFO 11048 --- [ims] [restartedMain] .s.d.r.c.RepositoryConfigurationDelegate : Finished Spring Data repository scanning in 106 ms. Found 1 JPA repository interface.
2026-01-21T11:47:48.036+05:30  INFO 11048 --- [ims] [restartedMain] o.s.boot.tomcat.TomcatWebServer          : Tomcat initialized with port 8080 (http)
2026-01-21T11:47:48.085+05:30  INFO 11048 --- [ims] [restartedMain] o.apache.catalina.core.StandardService   : Starting service [Tomcat]
2026-01-21T11:47:48.086+05:30  INFO 11048 --- [ims] [restartedMain] o.apache.catalina.core.StandardEngine    : Starting Servlet engine: [Apache Tomcat/11.0.15]
2026-01-21T11:47:48.271+05:30  INFO 11048 --- [ims] [restartedMain] b.w.c.s.WebApplicationContextInitializer : Root WebApplicationContext: initialization completed in 4749 ms
2026-01-21T11:47:48.945+05:30  INFO 11048 --- [ims] [restartedMain] org.hibernate.orm.jpa                    : HHH008540: Processing PersistenceUnitInfo [name: default]
2026-01-21T11:47:49.182+05:30  INFO 11048 --- [ims] [restartedMain] org.hibernate.orm.core                   : HHH000001: Hibernate ORM core version 7.2.0.Final
2026-01-21T11:47:50.145+05:30  INFO 11048 --- [ims] [restartedMain] o.s.o.j.p.SpringPersistenceUnitInfo      : No LoadTimeWeaver setup: ignoring JPA class transformer
2026-01-21T11:47:50.214+05:30  INFO 11048 --- [ims] [restartedMain] com.zaxxer.hikari.HikariDataSource       : HikariPool-1 - Starting...
2026-01-21T11:47:51.065+05:30  INFO 11048 --- [ims] [restartedMain] com.zaxxer.hikari.pool.HikariPool        : HikariPool-1 - Added connection com.mysql.cj.jdbc.ConnectionImpl@b21401a
2026-01-21T11:47:51.071+05:30  INFO 11048 --- [ims] [restartedMain] com.zaxxer.hikari.HikariDataSource       : HikariPool-1 - Start completed.
2026-01-21T11:47:51.337+05:30  INFO 11048 --- [ims] [restartedMain] org.hibernate.orm.connections.pooling    : HHH10001005: Database info:
	Database JDBC URL [jdbc:mysql://localhost:3306/imsdb?createDatabaseIfNotExist=true]
	Database driver: MySQL Connector/J
	Database dialect: MySQLDialect
	Database version: 8.0.43
	Default catalog/schema: imsdb/undefined
	Autocommit mode: undefined/unknown
	Isolation level: REPEATABLE_READ [default REPEATABLE_READ]
	JDBC fetch size: none
	Pool: DataSourceConnectionProvider
	Minimum pool size: undefined/unknown
	Maximum pool size: undefined/unknown
2026-01-21T11:47:53.612+05:30  INFO 11048 --- [ims] [restartedMain] org.hibernate.orm.core                   : HHH000489: No JTA platform available (set 'hibernate.transaction.jta.platform' to enable JTA platform integration)
2026-01-21T11:47:53.803+05:30  INFO 11048 --- [ims] [restartedMain] j.LocalContainerEntityManagerFactoryBean : Initialized JPA EntityManagerFactory for persistence unit 'default'
2026-01-21T11:47:53.976+05:30  INFO 11048 --- [ims] [restartedMain] o.s.d.j.r.query.QueryEnhancerFactories   : Hibernate is in classpath; If applicable, HQL parser will be used.
2026-01-21T11:47:54.383+05:30  WARN 11048 --- [ims] [restartedMain] JpaBaseConfiguration$JpaWebConfiguration : spring.jpa.open-in-view is enabled by default. Therefore, database queries may be performed during view rendering. Explicitly configure spring.jpa.open-in-view to disable this warning
2026-01-21T11:47:55.224+05:30  INFO 11048 --- [ims] [restartedMain] r$InitializeUserDetailsManagerConfigurer : Global AuthenticationManager configured with UserDetailsService bean with name inMemoryUserDetailsManager
2026-01-21T11:47:55.453+05:30  INFO 11048 --- [ims] [restartedMain] o.s.b.a.e.web.EndpointLinksResolver      : Exposing 13 endpoints beneath base path '/actuator'
2026-01-21T11:47:55.681+05:30  INFO 11048 --- [ims] [restartedMain] o.s.boot.tomcat.TomcatWebServer          : Tomcat started on port 8080 (http) with context path '/'
2026-01-21T11:47:55.691+05:30  INFO 11048 --- [ims] [restartedMain] com.cts.ImsApplication                   : Started ImsApplication in 13.66 seconds (process running for 15.319)
2026-01-21T11:47:56.385+05:30  INFO 11048 --- [ims] [RMI TCP Connection(4)-127.0.0.1] o.a.c.c.C.[Tomcat].[localhost].[/]       : Initializing Spring DispatcherServlet 'dispatcherServlet'
2026-01-21T11:47:56.386+05:30  INFO 11048 --- [ims] [RMI TCP Connection(4)-127.0.0.1] o.s.web.servlet.DispatcherServlet        : Initializing Servlet 'dispatcherServlet'
2026-01-21T11:47:56.389+05:30  INFO 11048 --- [ims] [RMI TCP Connection(4)-127.0.0.1] o.s.web.servlet.DispatcherServlet        : Completed initialization in 3 ms
2026-01-21T11:48:28.160+05:30  WARN 11048 --- [ims] [http-nio-8080-exec-1] o.s.w.s.h.HandlerMappingIntrospector     : Cache miss for REQUEST dispatch to '/api/insurance' (previous null). Performing CorsConfiguration lookup. This is logged once only at WARN level, and every time at TRACE.
2026-01-21T11:48:52.241+05:30  INFO 11048 --- [ims] [File Watcher] rtingClassPathChangeChangedEventListener : Restarting due to 1 class path change (0 additions, 0 deletions, 1 modification)
2026-01-21T11:48:52.257+05:30  INFO 11048 --- [ims] [Thread-1] o.s.boot.tomcat.GracefulShutdown         : Commencing graceful shutdown. Waiting for active requests to complete
2026-01-21T11:48:52.282+05:30  INFO 11048 --- [ims] [tomcat-shutdown] o.s.boot.tomcat.GracefulShutdown         : Graceful shutdown complete
2026-01-21T11:48:52.307+05:30  INFO 11048 --- [ims] [Thread-1] j.LocalContainerEntityManagerFactoryBean : Closing JPA EntityManagerFactory for persistence unit 'default'
2026-01-21T11:48:52.320+05:30  INFO 11048 --- [ims] [Thread-1] com.zaxxer.hikari.HikariDataSource       : HikariPool-1 - Shutdown initiated...
2026-01-21T11:48:52.350+05:30  INFO 11048 --- [ims] [Thread-1] com.zaxxer.hikari.HikariDataSource       : HikariPool-1 - Shutdown completed.
2026-01-21T11:48:52.519+05:30  INFO 11048 --- [ims] [restartedMain] com.cts.ImsApplication                   : Starting ImsApplication using Java 21.0.6 with PID 11048 (C:\Users\2393375\Documents\ADM2026\Backend\ims\target\classes started by 2393375 in C:\Users\2393375\Documents\ADM2026\Backend\ims)
2026-01-21T11:48:52.519+05:30  INFO 11048 --- [ims] [restartedMain] com.cts.ImsApplication                   : No active profile set, falling back to 1 default profile: "default"
2026-01-21T11:48:52.944+05:30  INFO 11048 --- [ims] [restartedMain] .s.d.r.c.RepositoryConfigurationDelegate : Bootstrapping Spring Data JPA repositories in DEFAULT mode.
2026-01-21T11:48:52.966+05:30  INFO 11048 --- [ims] [restartedMain] .s.d.r.c.RepositoryConfigurationDelegate : Finished Spring Data repository scanning in 19 ms. Found 1 JPA repository interface.
2026-01-21T11:48:53.207+05:30  INFO 11048 --- [ims] [restartedMain] o.s.boot.tomcat.TomcatWebServer          : Tomcat initialized with port 8080 (http)
2026-01-21T11:48:53.213+05:30  INFO 11048 --- [ims] [restartedMain] o.apache.catalina.core.StandardService   : Starting service [Tomcat]
2026-01-21T11:48:53.214+05:30  INFO 11048 --- [ims] [restartedMain] o.apache.catalina.core.StandardEngine    : Starting Servlet engine: [Apache Tomcat/11.0.15]
2026-01-21T11:48:53.273+05:30  INFO 11048 --- [ims] [restartedMain] b.w.c.s.WebApplicationContextInitializer : Root WebApplicationContext: initialization completed in 750 ms
2026-01-21T11:48:53.368+05:30  INFO 11048 --- [ims] [restartedMain] org.hibernate.orm.jpa                    : HHH008540: Processing PersistenceUnitInfo [name: default]
2026-01-21T11:48:53.411+05:30  INFO 11048 --- [ims] [restartedMain] o.s.o.j.p.SpringPersistenceUnitInfo      : No LoadTimeWeaver setup: ignoring JPA class transformer
2026-01-21T11:48:53.411+05:30  INFO 11048 --- [ims] [restartedMain] com.zaxxer.hikari.HikariDataSource       : HikariPool-2 - Starting...
2026-01-21T11:48:53.437+05:30  INFO 11048 --- [ims] [restartedMain] com.zaxxer.hikari.pool.HikariPool        : HikariPool-2 - Added connection com.mysql.cj.jdbc.ConnectionImpl@9f4b981
2026-01-21T11:48:53.437+05:30  INFO 11048 --- [ims] [restartedMain] com.zaxxer.hikari.HikariDataSource       : HikariPool-2 - Start completed.
2026-01-21T11:48:53.441+05:30  INFO 11048 --- [ims] [restartedMain] org.hibernate.orm.connections.pooling    : HHH10001005: Database info:
	Database JDBC URL [jdbc:mysql://localhost:3306/imsdb?createDatabaseIfNotExist=true]
	Database driver: MySQL Connector/J
	Database dialect: MySQLDialect
	Database version: 8.0.43
	Default catalog/schema: imsdb/undefined
	Autocommit mode: undefined/unknown
	Isolation level: REPEATABLE_READ [default REPEATABLE_READ]
	JDBC fetch size: none
	Pool: DataSourceConnectionProvider
	Minimum pool size: undefined/unknown
	Maximum pool size: undefined/unknown
2026-01-21T11:48:53.497+05:30  INFO 11048 --- [ims] [restartedMain] org.hibernate.orm.core                   : HHH000489: No JTA platform available (set 'hibernate.transaction.jta.platform' to enable JTA platform integration)
2026-01-21T11:48:53.529+05:30  INFO 11048 --- [ims] [restartedMain] j.LocalContainerEntityManagerFactoryBean : Initialized JPA EntityManagerFactory for persistence unit 'default'
2026-01-21T11:48:53.669+05:30  WARN 11048 --- [ims] [restartedMain] JpaBaseConfiguration$JpaWebConfiguration : spring.jpa.open-in-view is enabled by default. Therefore, database queries may be performed during view rendering. Explicitly configure spring.jpa.open-in-view to disable this warning
2026-01-21T11:48:54.053+05:30  WARN 11048 --- [ims] [restartedMain] .s.a.UserDetailsServiceAutoConfiguration : 

Using generated security password: ae817f32-4ce5-4019-8b3e-e6012473594c

This generated password is for development use only. Your security configuration must be updated before running your application in production.

2026-01-21T11:48:54.072+05:30  INFO 11048 --- [ims] [restartedMain] r$InitializeUserDetailsManagerConfigurer : Global AuthenticationManager configured with UserDetailsService bean with name inMemoryUserDetailsManager
2026-01-21T11:48:54.156+05:30  INFO 11048 --- [ims] [restartedMain] o.s.b.a.e.web.EndpointLinksResolver      : Exposing 13 endpoints beneath base path '/actuator'
2026-01-21T11:48:54.229+05:30  INFO 11048 --- [ims] [restartedMain] o.s.boot.tomcat.TomcatWebServer          : Tomcat started on port 8080 (http) with context path '/'
2026-01-21T11:48:54.239+05:30  INFO 11048 --- [ims] [restartedMain] com.cts.ImsApplication                   : Started ImsApplication in 1.748 seconds (process running for 73.867)
2026-01-21T11:48:54.242+05:30  INFO 11048 --- [ims] [restartedMain] .ConditionEvaluationDeltaLoggingListener : Condition evaluation unchanged
2026-01-21T11:53:22.812+05:30  INFO 11048 --- [ims] [http-nio-8080-exec-1] o.a.c.c.C.[Tomcat].[localhost].[/]       : Initializing Spring DispatcherServlet 'dispatcherServlet'
2026-01-21T11:53:22.813+05:30  INFO 11048 --- [ims] [http-nio-8080-exec-1] o.s.web.servlet.DispatcherServlet        : Initializing Servlet 'dispatcherServlet'
2026-01-21T11:53:22.823+05:30  INFO 11048 --- [ims] [http-nio-8080-exec-1] o.s.web.servlet.DispatcherServlet        : Completed initialization in 10 ms
2026-01-21T11:53:22.829+05:30  WARN 11048 --- [ims] [http-nio-8080-exec-1] o.s.w.s.h.HandlerMappingIntrospector     : Cache miss for REQUEST dispatch to '/api/insurance' (previous null). Performing CorsConfiguration lookup. This is logged once only at WARN level, and every time at TRACE.
2026-01-21T11:59:50.144+05:30  INFO 11048 --- [ims] [RMI TCP Connection(24)-127.0.0.1] inMXBeanRegistrar$SpringApplicationAdmin : Application shutdown requested.
2026-01-21T11:59:50.147+05:30  INFO 11048 --- [ims] [RMI TCP Connection(24)-127.0.0.1] o.s.boot.tomcat.GracefulShutdown         : Commencing graceful shutdown. Waiting for active requests to complete
2026-01-21T11:59:50.170+05:30  INFO 11048 --- [ims] [tomcat-shutdown] o.s.boot.tomcat.GracefulShutdown         : Graceful shutdown complete
2026-01-21T11:59:50.177+05:30  INFO 11048 --- [ims] [RMI TCP Connection(24)-127.0.0.1] j.LocalContainerEntityManagerFactoryBean : Closing JPA EntityManagerFactory for persistence unit 'default'
2026-01-21T11:59:50.180+05:30  INFO 11048 --- [ims] [RMI TCP Connection(24)-127.0.0.1] com.zaxxer.hikari.HikariDataSource       : HikariPool-2 - Shutdown initiated...
2026-01-21T11:59:50.197+05:30  INFO 11048 --- [ims] [RMI TCP Connection(24)-127.0.0.1] com.zaxxer.hikari.HikariDataSource       : HikariPool-2 - Shutdown completed.
2026-01-21T12:00:00.625+05:30  INFO 6324 --- [ims] [restartedMain] com.cts.ImsApplication                   : Starting ImsApplication using Java 21.0.6 with PID 6324 (C:\Users\2393375\Documents\ADM2026\Backend\ims\target\classes started by 2393375 in C:\Users\2393375\Documents\ADM2026\Backend\ims)
2026-01-21T12:00:00.627+05:30  INFO 6324 --- [ims] [restartedMain] com.cts.ImsApplication                   : No active profile set, falling back to 1 default profile: "default"
2026-01-21T12:00:00.694+05:30  INFO 6324 --- [ims] [restartedMain] .e.DevToolsPropertyDefaultsPostProcessor : Devtools property defaults active! Set 'spring.devtools.add-properties' to 'false' to disable
2026-01-21T12:00:00.694+05:30  INFO 6324 --- [ims] [restartedMain] .e.DevToolsPropertyDefaultsPostProcessor : For additional web related logging consider setting the 'logging.level.web' property to 'DEBUG'
2026-01-21T12:00:02.317+05:30  INFO 6324 --- [ims] [restartedMain] .s.d.r.c.RepositoryConfigurationDelegate : Bootstrapping Spring Data JPA repositories in DEFAULT mode.
2026-01-21T12:00:02.403+05:30  INFO 6324 --- [ims] [restartedMain] .s.d.r.c.RepositoryConfigurationDelegate : Finished Spring Data repository scanning in 60 ms. Found 1 JPA repository interface.
2026-01-21T12:00:03.699+05:30  INFO 6324 --- [ims] [restartedMain] o.s.boot.tomcat.TomcatWebServer          : Tomcat initialized with port 8080 (http)
2026-01-21T12:00:03.729+05:30  INFO 6324 --- [ims] [restartedMain] o.apache.catalina.core.StandardService   : Starting service [Tomcat]
2026-01-21T12:00:03.732+05:30  INFO 6324 --- [ims] [restartedMain] o.apache.catalina.core.StandardEngine    : Starting Servlet engine: [Apache Tomcat/11.0.15]
2026-01-21T12:00:03.854+05:30  INFO 6324 --- [ims] [restartedMain] b.w.c.s.WebApplicationContextInitializer : Root WebApplicationContext: initialization completed in 3159 ms
2026-01-21T12:00:04.163+05:30  INFO 6324 --- [ims] [restartedMain] org.hibernate.orm.jpa                    : HHH008540: Processing PersistenceUnitInfo [name: default]
2026-01-21T12:00:04.238+05:30  INFO 6324 --- [ims] [restartedMain] org.hibernate.orm.core                   : HHH000001: Hibernate ORM core version 7.2.0.Final
2026-01-21T12:00:04.884+05:30  INFO 6324 --- [ims] [restartedMain] o.s.o.j.p.SpringPersistenceUnitInfo      : No LoadTimeWeaver setup: ignoring JPA class transformer
2026-01-21T12:00:04.921+05:30  INFO 6324 --- [ims] [restartedMain] com.zaxxer.hikari.HikariDataSource       : HikariPool-1 - Starting...
2026-01-21T12:00:05.537+05:30  INFO 6324 --- [ims] [restartedMain] com.zaxxer.hikari.pool.HikariPool        : HikariPool-1 - Added connection com.mysql.cj.jdbc.ConnectionImpl@5e78d356
2026-01-21T12:00:05.539+05:30  INFO 6324 --- [ims] [restartedMain] com.zaxxer.hikari.HikariDataSource       : HikariPool-1 - Start completed.
2026-01-21T12:00:05.716+05:30  INFO 6324 --- [ims] [restartedMain] org.hibernate.orm.connections.pooling    : HHH10001005: Database info:
	Database JDBC URL [jdbc:mysql://localhost:3306/imsdb?createDatabaseIfNotExist=true]
	Database driver: MySQL Connector/J
	Database dialect: MySQLDialect
	Database version: 8.0.43
	Default catalog/schema: imsdb/undefined
	Autocommit mode: undefined/unknown
	Isolation level: REPEATABLE_READ [default REPEATABLE_READ]
	JDBC fetch size: none
	Pool: DataSourceConnectionProvider
	Minimum pool size: undefined/unknown
	Maximum pool size: undefined/unknown
2026-01-21T12:00:07.104+05:30  INFO 6324 --- [ims] [restartedMain] org.hibernate.orm.core                   : HHH000489: No JTA platform available (set 'hibernate.transaction.jta.platform' to enable JTA platform integration)
2026-01-21T12:00:07.240+05:30  INFO 6324 --- [ims] [restartedMain] j.LocalContainerEntityManagerFactoryBean : Initialized JPA EntityManagerFactory for persistence unit 'default'
2026-01-21T12:00:07.394+05:30  INFO 6324 --- [ims] [restartedMain] o.s.d.j.r.query.QueryEnhancerFactories   : Hibernate is in classpath; If applicable, HQL parser will be used.
2026-01-21T12:00:07.790+05:30  WARN 6324 --- [ims] [restartedMain] JpaBaseConfiguration$JpaWebConfiguration : spring.jpa.open-in-view is enabled by default. Therefore, database queries may be performed during view rendering. Explicitly configure spring.jpa.open-in-view to disable this warning
2026-01-21T12:00:08.949+05:30  WARN 6324 --- [ims] [restartedMain] .s.a.UserDetailsServiceAutoConfiguration : 

Using generated security password: e84b5f3a-666f-4b61-9233-62110b4a1437

This generated password is for development use only. Your security configuration must be updated before running your application in production.

2026-01-21T12:00:08.983+05:30  INFO 6324 --- [ims] [restartedMain] r$InitializeUserDetailsManagerConfigurer : Global AuthenticationManager configured with UserDetailsService bean with name inMemoryUserDetailsManager
2026-01-21T12:00:09.138+05:30  INFO 6324 --- [ims] [restartedMain] o.s.b.a.e.web.EndpointLinksResolver      : Exposing 13 endpoints beneath base path '/actuator'
2026-01-21T12:00:09.442+05:30  INFO 6324 --- [ims] [restartedMain] o.s.boot.tomcat.TomcatWebServer          : Tomcat started on port 8080 (http) with context path '/'
2026-01-21T12:00:09.463+05:30  INFO 6324 --- [ims] [restartedMain] com.cts.ImsApplication                   : Started ImsApplication in 9.355 seconds (process running for 12.018)
2026-01-21T12:00:10.079+05:30  INFO 6324 --- [ims] [RMI TCP Connection(7)-127.0.0.1] o.a.c.c.C.[Tomcat].[localhost].[/]       : Initializing Spring DispatcherServlet 'dispatcherServlet'
2026-01-21T12:00:10.079+05:30  INFO 6324 --- [ims] [RMI TCP Connection(7)-127.0.0.1] o.s.web.servlet.DispatcherServlet        : Initializing Servlet 'dispatcherServlet'
2026-01-21T12:00:10.080+05:30  INFO 6324 --- [ims] [RMI TCP Connection(7)-127.0.0.1] o.s.web.servlet.DispatcherServlet        : Completed initialization in 1 ms
2026-01-21T12:00:19.786+05:30  WARN 6324 --- [ims] [http-nio-8080-exec-1] o.s.w.s.h.HandlerMappingIntrospector     : Cache miss for REQUEST dispatch to '/login' (previous null). Performing CorsConfiguration lookup. This is logged once only at WARN level, and every time at TRACE.
2026-01-21T12:02:06.819+05:30  INFO 6324 --- [ims] [File Watcher] rtingClassPathChangeChangedEventListener : Restarting due to 1 class path change (0 additions, 0 deletions, 1 modification)
2026-01-21T12:02:06.836+05:30  INFO 6324 --- [ims] [Thread-1] o.s.boot.tomcat.GracefulShutdown         : Commencing graceful shutdown. Waiting for active requests to complete
2026-01-21T12:02:06.868+05:30  INFO 6324 --- [ims] [tomcat-shutdown] o.s.boot.tomcat.GracefulShutdown         : Graceful shutdown complete
2026-01-21T12:02:06.886+05:30  INFO 6324 --- [ims] [Thread-1] j.LocalContainerEntityManagerFactoryBean : Closing JPA EntityManagerFactory for persistence unit 'default'
2026-01-21T12:02:06.899+05:30  INFO 6324 --- [ims] [Thread-1] com.zaxxer.hikari.HikariDataSource       : HikariPool-1 - Shutdown initiated...
2026-01-21T12:02:06.923+05:30  INFO 6324 --- [ims] [Thread-1] com.zaxxer.hikari.HikariDataSource       : HikariPool-1 - Shutdown completed.
2026-01-21T12:02:07.034+05:30  INFO 6324 --- [ims] [restartedMain] com.cts.ImsApplication                   : Starting ImsApplication using Java 21.0.6 with PID 6324 (C:\Users\2393375\Documents\ADM2026\Backend\ims\target\classes started by 2393375 in C:\Users\2393375\Documents\ADM2026\Backend\ims)
2026-01-21T12:02:07.035+05:30  INFO 6324 --- [ims] [restartedMain] com.cts.ImsApplication                   : No active profile set, falling back to 1 default profile: "default"
2026-01-21T12:02:07.425+05:30  INFO 6324 --- [ims] [restartedMain] .s.d.r.c.RepositoryConfigurationDelegate : Bootstrapping Spring Data JPA repositories in DEFAULT mode.
2026-01-21T12:02:07.440+05:30  INFO 6324 --- [ims] [restartedMain] .s.d.r.c.RepositoryConfigurationDelegate : Finished Spring Data repository scanning in 11 ms. Found 1 JPA repository interface.
2026-01-21T12:02:07.587+05:30  INFO 6324 --- [ims] [restartedMain] o.s.boot.tomcat.TomcatWebServer          : Tomcat initialized with port 8080 (http)
2026-01-21T12:02:07.587+05:30  INFO 6324 --- [ims] [restartedMain] o.apache.catalina.core.StandardService   : Starting service [Tomcat]
2026-01-21T12:02:07.588+05:30  INFO 6324 --- [ims] [restartedMain] o.apache.catalina.core.StandardEngine    : Starting Servlet engine: [Apache Tomcat/11.0.15]
2026-01-21T12:02:07.624+05:30  INFO 6324 --- [ims] [restartedMain] b.w.c.s.WebApplicationContextInitializer : Root WebApplicationContext: initialization completed in 585 ms
2026-01-21T12:02:07.680+05:30  INFO 6324 --- [ims] [restartedMain] org.hibernate.orm.jpa                    : HHH008540: Processing PersistenceUnitInfo [name: default]
2026-01-21T12:02:07.702+05:30  INFO 6324 --- [ims] [restartedMain] o.s.o.j.p.SpringPersistenceUnitInfo      : No LoadTimeWeaver setup: ignoring JPA class transformer
2026-01-21T12:02:07.702+05:30  INFO 6324 --- [ims] [restartedMain] com.zaxxer.hikari.HikariDataSource       : HikariPool-2 - Starting...
2026-01-21T12:02:07.719+05:30  INFO 6324 --- [ims] [restartedMain] com.zaxxer.hikari.pool.HikariPool        : HikariPool-2 - Added connection com.mysql.cj.jdbc.ConnectionImpl@6748d893
2026-01-21T12:02:07.719+05:30  INFO 6324 --- [ims] [restartedMain] com.zaxxer.hikari.HikariDataSource       : HikariPool-2 - Start completed.
2026-01-21T12:02:07.721+05:30  INFO 6324 --- [ims] [restartedMain] org.hibernate.orm.connections.pooling    : HHH10001005: Database info:
	Database JDBC URL [jdbc:mysql://localhost:3306/imsdb?createDatabaseIfNotExist=true]
	Database driver: MySQL Connector/J
	Database dialect: MySQLDialect
	Database version: 8.0.43
	Default catalog/schema: imsdb/undefined
	Autocommit mode: undefined/unknown
	Isolation level: REPEATABLE_READ [default REPEATABLE_READ]
	JDBC fetch size: none
	Pool: DataSourceConnectionProvider
	Minimum pool size: undefined/unknown
	Maximum pool size: undefined/unknown
2026-01-21T12:02:07.753+05:30  INFO 6324 --- [ims] [restartedMain] org.hibernate.orm.core                   : HHH000489: No JTA platform available (set 'hibernate.transaction.jta.platform' to enable JTA platform integration)
2026-01-21T12:02:07.765+05:30  INFO 6324 --- [ims] [restartedMain] j.LocalContainerEntityManagerFactoryBean : Initialized JPA EntityManagerFactory for persistence unit 'default'
2026-01-21T12:02:07.819+05:30  WARN 6324 --- [ims] [restartedMain] JpaBaseConfiguration$JpaWebConfiguration : spring.jpa.open-in-view is enabled by default. Therefore, database queries may be performed during view rendering. Explicitly configure spring.jpa.open-in-view to disable this warning
2026-01-21T12:02:07.978+05:30  INFO 6324 --- [ims] [restartedMain] r$InitializeUserDetailsManagerConfigurer : Global AuthenticationManager configured with UserDetailsService bean with name inMemoryUserDetailsManager
2026-01-21T12:02:08.040+05:30  INFO 6324 --- [ims] [restartedMain] o.s.b.a.e.web.EndpointLinksResolver      : Exposing 13 endpoints beneath base path '/actuator'
2026-01-21T12:02:08.085+05:30  INFO 6324 --- [ims] [restartedMain] o.s.boot.tomcat.TomcatWebServer          : Tomcat started on port 8080 (http) with context path '/'
2026-01-21T12:02:08.097+05:30  INFO 6324 --- [ims] [restartedMain] com.cts.ImsApplication                   : Started ImsApplication in 1.094 seconds (process running for 130.653)
2026-01-21T12:02:08.102+05:30  INFO 6324 --- [ims] [restartedMain] .ConditionEvaluationDeltaLoggingListener : Condition evaluation unchanged
2026-01-21T12:02:28.108+05:30  INFO 6324 --- [ims] [http-nio-8080-exec-2] o.a.c.c.C.[Tomcat].[localhost].[/]       : Initializing Spring DispatcherServlet 'dispatcherServlet'
2026-01-21T12:02:28.109+05:30  INFO 6324 --- [ims] [http-nio-8080-exec-2] o.s.web.servlet.DispatcherServlet        : Initializing Servlet 'dispatcherServlet'
2026-01-21T12:02:28.116+05:30  INFO 6324 --- [ims] [http-nio-8080-exec-2] o.s.web.servlet.DispatcherServlet        : Completed initialization in 7 ms
2026-01-21T12:02:28.119+05:30  WARN 6324 --- [ims] [http-nio-8080-exec-2] o.s.w.s.h.HandlerMappingIntrospector     : Cache miss for REQUEST dispatch to '/logout' (previous null). Performing CorsConfiguration lookup. This is logged once only at WARN level, and every time at TRACE.
2026-01-21T12:07:59.432+05:30  INFO 6324 --- [ims] [File Watcher] rtingClassPathChangeChangedEventListener : Restarting due to 1 class path change (1 addition, 0 deletions, 0 modifications)
2026-01-21T12:07:59.437+05:30  INFO 6324 --- [ims] [Thread-5] o.s.boot.tomcat.GracefulShutdown         : Commencing graceful shutdown. Waiting for active requests to complete
2026-01-21T12:07:59.451+05:30  INFO 6324 --- [ims] [tomcat-shutdown] o.s.boot.tomcat.GracefulShutdown         : Graceful shutdown complete
2026-01-21T12:07:59.459+05:30  INFO 6324 --- [ims] [Thread-5] j.LocalContainerEntityManagerFactoryBean : Closing JPA EntityManagerFactory for persistence unit 'default'
2026-01-21T12:07:59.461+05:30  INFO 6324 --- [ims] [Thread-5] com.zaxxer.hikari.HikariDataSource       : HikariPool-2 - Shutdown initiated...
2026-01-21T12:07:59.476+05:30  INFO 6324 --- [ims] [Thread-5] com.zaxxer.hikari.HikariDataSource       : HikariPool-2 - Shutdown completed.
2026-01-21T12:07:59.605+05:30  INFO 6324 --- [ims] [restartedMain] com.cts.ImsApplication                   : Starting ImsApplication using Java 21.0.6 with PID 6324 (C:\Users\2393375\Documents\ADM2026\Backend\ims\target\classes started by 2393375 in C:\Users\2393375\Documents\ADM2026\Backend\ims)
2026-01-21T12:07:59.606+05:30  INFO 6324 --- [ims] [restartedMain] com.cts.ImsApplication                   : No active profile set, falling back to 1 default profile: "default"
2026-01-21T12:07:59.826+05:30  INFO 6324 --- [ims] [restartedMain] .s.d.r.c.RepositoryConfigurationDelegate : Bootstrapping Spring Data JPA repositories in DEFAULT mode.
2026-01-21T12:07:59.838+05:30  INFO 6324 --- [ims] [restartedMain] .s.d.r.c.RepositoryConfigurationDelegate : Finished Spring Data repository scanning in 10 ms. Found 1 JPA repository interface.
2026-01-21T12:07:59.946+05:30  INFO 6324 --- [ims] [restartedMain] o.s.boot.tomcat.TomcatWebServer          : Tomcat initialized with port 8080 (http)
2026-01-21T12:07:59.947+05:30  INFO 6324 --- [ims] [restartedMain] o.apache.catalina.core.StandardService   : Starting service [Tomcat]
2026-01-21T12:07:59.947+05:30  INFO 6324 --- [ims] [restartedMain] o.apache.catalina.core.StandardEngine    : Starting Servlet engine: [Apache Tomcat/11.0.15]
2026-01-21T12:07:59.988+05:30  INFO 6324 --- [ims] [restartedMain] b.w.c.s.WebApplicationContextInitializer : Root WebApplicationContext: initialization completed in 377 ms
2026-01-21T12:08:00.067+05:30  INFO 6324 --- [ims] [restartedMain] org.hibernate.orm.jpa                    : HHH008540: Processing PersistenceUnitInfo [name: default]
2026-01-21T12:08:00.102+05:30  INFO 6324 --- [ims] [restartedMain] o.s.o.j.p.SpringPersistenceUnitInfo      : No LoadTimeWeaver setup: ignoring JPA class transformer
2026-01-21T12:08:00.103+05:30  INFO 6324 --- [ims] [restartedMain] com.zaxxer.hikari.HikariDataSource       : HikariPool-3 - Starting...
2026-01-21T12:08:00.120+05:30  INFO 6324 --- [ims] [restartedMain] com.zaxxer.hikari.pool.HikariPool        : HikariPool-3 - Added connection com.mysql.cj.jdbc.ConnectionImpl@1f67cac7
2026-01-21T12:08:00.120+05:30  INFO 6324 --- [ims] [restartedMain] com.zaxxer.hikari.HikariDataSource       : HikariPool-3 - Start completed.
2026-01-21T12:08:00.123+05:30  INFO 6324 --- [ims] [restartedMain] org.hibernate.orm.connections.pooling    : HHH10001005: Database info:
	Database JDBC URL [jdbc:mysql://localhost:3306/imsdb?createDatabaseIfNotExist=true]
	Database driver: MySQL Connector/J
	Database dialect: MySQLDialect
	Database version: 8.0.43
	Default catalog/schema: imsdb/undefined
	Autocommit mode: undefined/unknown
	Isolation level: REPEATABLE_READ [default REPEATABLE_READ]
	JDBC fetch size: none
	Pool: DataSourceConnectionProvider
	Minimum pool size: undefined/unknown
	Maximum pool size: undefined/unknown
2026-01-21T12:08:00.150+05:30  INFO 6324 --- [ims] [restartedMain] org.hibernate.orm.core                   : HHH000489: No JTA platform available (set 'hibernate.transaction.jta.platform' to enable JTA platform integration)
2026-01-21T12:08:00.170+05:30  INFO 6324 --- [ims] [restartedMain] j.LocalContainerEntityManagerFactoryBean : Initialized JPA EntityManagerFactory for persistence unit 'default'
2026-01-21T12:08:00.218+05:30  WARN 6324 --- [ims] [restartedMain] JpaBaseConfiguration$JpaWebConfiguration : spring.jpa.open-in-view is enabled by default. Therefore, database queries may be performed during view rendering. Explicitly configure spring.jpa.open-in-view to disable this warning
2026-01-21T12:08:00.354+05:30  INFO 6324 --- [ims] [restartedMain] r$InitializeUserDetailsManagerConfigurer : Global AuthenticationManager configured with UserDetailsService bean with name inMemoryUserDetailsManager
2026-01-21T12:08:00.413+05:30  INFO 6324 --- [ims] [restartedMain] o.s.b.a.e.web.EndpointLinksResolver      : Exposing 13 endpoints beneath base path '/actuator'
2026-01-21T12:08:00.452+05:30  INFO 6324 --- [ims] [restartedMain] o.s.boot.tomcat.TomcatWebServer          : Tomcat started on port 8080 (http) with context path '/'
2026-01-21T12:08:00.456+05:30  INFO 6324 --- [ims] [restartedMain] com.cts.ImsApplication                   : Started ImsApplication in 0.871 seconds (process running for 483.011)
2026-01-21T12:08:00.459+05:30  INFO 6324 --- [ims] [restartedMain] .ConditionEvaluationDeltaLoggingListener : Condition evaluation unchanged
2026-01-21T12:08:50.110+05:30  INFO 6324 --- [ims] [File Watcher] rtingClassPathChangeChangedEventListener : Restarting due to 1 class path change (0 additions, 0 deletions, 1 modification)
2026-01-21T12:08:50.115+05:30  INFO 6324 --- [ims] [Thread-9] o.s.boot.tomcat.GracefulShutdown         : Commencing graceful shutdown. Waiting for active requests to complete
2026-01-21T12:08:50.128+05:30  INFO 6324 --- [ims] [tomcat-shutdown] o.s.boot.tomcat.GracefulShutdown         : Graceful shutdown complete
2026-01-21T12:08:50.136+05:30  INFO 6324 --- [ims] [Thread-9] j.LocalContainerEntityManagerFactoryBean : Closing JPA EntityManagerFactory for persistence unit 'default'
2026-01-21T12:08:50.144+05:30  INFO 6324 --- [ims] [Thread-9] com.zaxxer.hikari.HikariDataSource       : HikariPool-3 - Shutdown initiated...
2026-01-21T12:08:50.150+05:30  INFO 6324 --- [ims] [Thread-9] com.zaxxer.hikari.HikariDataSource       : HikariPool-3 - Shutdown completed.
2026-01-21T12:08:50.267+05:30  INFO 6324 --- [ims] [restartedMain] com.cts.ImsApplication                   : Starting ImsApplication using Java 21.0.6 with PID 6324 (C:\Users\2393375\Documents\ADM2026\Backend\ims\target\classes started by 2393375 in C:\Users\2393375\Documents\ADM2026\Backend\ims)
2026-01-21T12:08:50.267+05:30  INFO 6324 --- [ims] [restartedMain] com.cts.ImsApplication                   : No active profile set, falling back to 1 default profile: "default"
2026-01-21T12:08:50.508+05:30  INFO 6324 --- [ims] [restartedMain] .s.d.r.c.RepositoryConfigurationDelegate : Bootstrapping Spring Data JPA repositories in DEFAULT mode.
2026-01-21T12:08:50.520+05:30  INFO 6324 --- [ims] [restartedMain] .s.d.r.c.RepositoryConfigurationDelegate : Finished Spring Data repository scanning in 11 ms. Found 1 JPA repository interface.
2026-01-21T12:08:50.676+05:30  INFO 6324 --- [ims] [restartedMain] o.s.boot.tomcat.TomcatWebServer          : Tomcat initialized with port 8080 (http)
2026-01-21T12:08:50.676+05:30  INFO 6324 --- [ims] [restartedMain] o.apache.catalina.core.StandardService   : Starting service [Tomcat]
2026-01-21T12:08:50.677+05:30  INFO 6324 --- [ims] [restartedMain] o.apache.catalina.core.StandardEngine    : Starting Servlet engine: [Apache Tomcat/11.0.15]
2026-01-21T12:08:50.710+05:30  INFO 6324 --- [ims] [restartedMain] b.w.c.s.WebApplicationContextInitializer : Root WebApplicationContext: initialization completed in 439 ms
2026-01-21T12:08:50.765+05:30  INFO 6324 --- [ims] [restartedMain] org.hibernate.orm.jpa                    : HHH008540: Processing PersistenceUnitInfo [name: default]
2026-01-21T12:08:50.787+05:30  INFO 6324 --- [ims] [restartedMain] o.s.o.j.p.SpringPersistenceUnitInfo      : No LoadTimeWeaver setup: ignoring JPA class transformer
2026-01-21T12:08:50.789+05:30  INFO 6324 --- [ims] [restartedMain] com.zaxxer.hikari.HikariDataSource       : HikariPool-4 - Starting...
2026-01-21T12:08:50.801+05:30  INFO 6324 --- [ims] [restartedMain] com.zaxxer.hikari.pool.HikariPool        : HikariPool-4 - Added connection com.mysql.cj.jdbc.ConnectionImpl@685e12c3
2026-01-21T12:08:50.801+05:30  INFO 6324 --- [ims] [restartedMain] com.zaxxer.hikari.HikariDataSource       : HikariPool-4 - Start completed.
2026-01-21T12:08:50.803+05:30  INFO 6324 --- [ims] [restartedMain] org.hibernate.orm.connections.pooling    : HHH10001005: Database info:
	Database JDBC URL [jdbc:mysql://localhost:3306/imsdb?createDatabaseIfNotExist=true]
	Database driver: MySQL Connector/J
	Database dialect: MySQLDialect
	Database version: 8.0.43
	Default catalog/schema: imsdb/undefined
	Autocommit mode: undefined/unknown
	Isolation level: REPEATABLE_READ [default REPEATABLE_READ]
	JDBC fetch size: none
	Pool: DataSourceConnectionProvider
	Minimum pool size: undefined/unknown
	Maximum pool size: undefined/unknown
2026-01-21T12:08:50.835+05:30  INFO 6324 --- [ims] [restartedMain] org.hibernate.orm.core                   : HHH000489: No JTA platform available (set 'hibernate.transaction.jta.platform' to enable JTA platform integration)
2026-01-21T12:08:50.845+05:30  INFO 6324 --- [ims] [restartedMain] j.LocalContainerEntityManagerFactoryBean : Initialized JPA EntityManagerFactory for persistence unit 'default'
2026-01-21T12:08:50.894+05:30  WARN 6324 --- [ims] [restartedMain] JpaBaseConfiguration$JpaWebConfiguration : spring.jpa.open-in-view is enabled by default. Therefore, database queries may be performed during view rendering. Explicitly configure spring.jpa.open-in-view to disable this warning
2026-01-21T12:08:50.922+05:30  INFO 6324 --- [ims] [restartedMain] r$InitializeUserDetailsManagerConfigurer : Global AuthenticationManager configured with UserDetailsService bean with name inMemoryUserDetailsManager
2026-01-21T12:08:51.016+05:30  INFO 6324 --- [ims] [restartedMain] o.s.b.a.e.web.EndpointLinksResolver      : Exposing 13 endpoints beneath base path '/actuator'
2026-01-21T12:08:51.104+05:30  INFO 6324 --- [ims] [restartedMain] o.s.boot.tomcat.TomcatWebServer          : Tomcat started on port 8080 (http) with context path '/'
2026-01-21T12:08:51.111+05:30  INFO 6324 --- [ims] [restartedMain] com.cts.ImsApplication                   : Started ImsApplication in 0.872 seconds (process running for 533.665)
2026-01-21T12:08:51.124+05:30  INFO 6324 --- [ims] [restartedMain] .ConditionEvaluationDeltaLoggingListener : Condition evaluation delta:


==========================
CONDITION EVALUATION DELTA
==========================


Positive matches:
-----------------

    None


Negative matches:
-----------------

   ServletWebSecurityAutoConfiguration.EnableWebSecurityConfiguration:
      Did not match:
         - @ConditionalOnMissingBean (names: springSecurityFilterChain; SearchStrategy: all) found beans named springSecurityFilterChain (OnBeanCondition)
      Matched:
         - @ConditionalOnClass found required class 'org.springframework.security.config.annotation.web.configuration.EnableWebSecurity' (OnClassCondition)


Exclusions:
-----------

    None


Unconditional classes:
----------------------

    None



2026-01-21T12:09:02.831+05:30  INFO 6324 --- [ims] [File Watcher] rtingClassPathChangeChangedEventListener : Restarting due to 1 class path change (0 additions, 0 deletions, 1 modification)
2026-01-21T12:09:02.833+05:30  INFO 6324 --- [ims] [Thread-13] o.s.boot.tomcat.GracefulShutdown         : Commencing graceful shutdown. Waiting for active requests to complete
2026-01-21T12:09:02.855+05:30  INFO 6324 --- [ims] [tomcat-shutdown] o.s.boot.tomcat.GracefulShutdown         : Graceful shutdown complete
2026-01-21T12:09:02.865+05:30  INFO 6324 --- [ims] [Thread-13] j.LocalContainerEntityManagerFactoryBean : Closing JPA EntityManagerFactory for persistence unit 'default'
2026-01-21T12:09:02.866+05:30  INFO 6324 --- [ims] [Thread-13] com.zaxxer.hikari.HikariDataSource       : HikariPool-4 - Shutdown initiated...
2026-01-21T12:09:02.878+05:30  INFO 6324 --- [ims] [Thread-13] com.zaxxer.hikari.HikariDataSource       : HikariPool-4 - Shutdown completed.
2026-01-21T12:09:02.995+05:30  INFO 6324 --- [ims] [restartedMain] com.cts.ImsApplication                   : Starting ImsApplication using Java 21.0.6 with PID 6324 (C:\Users\2393375\Documents\ADM2026\Backend\ims\target\classes started by 2393375 in C:\Users\2393375\Documents\ADM2026\Backend\ims)
2026-01-21T12:09:02.996+05:30  INFO 6324 --- [ims] [restartedMain] com.cts.ImsApplication                   : No active profile set, falling back to 1 default profile: "default"
2026-01-21T12:09:03.264+05:30  INFO 6324 --- [ims] [restartedMain] .s.d.r.c.RepositoryConfigurationDelegate : Bootstrapping Spring Data JPA repositories in DEFAULT mode.
2026-01-21T12:09:03.290+05:30  INFO 6324 --- [ims] [restartedMain] .s.d.r.c.RepositoryConfigurationDelegate : Finished Spring Data repository scanning in 25 ms. Found 1 JPA repository interface.
2026-01-21T12:09:03.431+05:30  INFO 6324 --- [ims] [restartedMain] o.s.boot.tomcat.TomcatWebServer          : Tomcat initialized with port 8080 (http)
2026-01-21T12:09:03.431+05:30  INFO 6324 --- [ims] [restartedMain] o.apache.catalina.core.StandardService   : Starting service [Tomcat]
2026-01-21T12:09:03.432+05:30  INFO 6324 --- [ims] [restartedMain] o.apache.catalina.core.StandardEngine    : Starting Servlet engine: [Apache Tomcat/11.0.15]
2026-01-21T12:09:03.473+05:30  INFO 6324 --- [ims] [restartedMain] b.w.c.s.WebApplicationContextInitializer : Root WebApplicationContext: initialization completed in 476 ms
2026-01-21T12:09:03.530+05:30  INFO 6324 --- [ims] [restartedMain] org.hibernate.orm.jpa                    : HHH008540: Processing PersistenceUnitInfo [name: default]
2026-01-21T12:09:03.584+05:30  INFO 6324 --- [ims] [restartedMain] o.s.o.j.p.SpringPersistenceUnitInfo      : No LoadTimeWeaver setup: ignoring JPA class transformer
2026-01-21T12:09:03.586+05:30  INFO 6324 --- [ims] [restartedMain] com.zaxxer.hikari.HikariDataSource       : HikariPool-5 - Starting...
2026-01-21T12:09:03.604+05:30  INFO 6324 --- [ims] [restartedMain] com.zaxxer.hikari.pool.HikariPool        : HikariPool-5 - Added connection com.mysql.cj.jdbc.ConnectionImpl@54a5aecc
2026-01-21T12:09:03.605+05:30  INFO 6324 --- [ims] [restartedMain] com.zaxxer.hikari.HikariDataSource       : HikariPool-5 - Start completed.
2026-01-21T12:09:03.607+05:30  INFO 6324 --- [ims] [restartedMain] org.hibernate.orm.connections.pooling    : HHH10001005: Database info:
	Database JDBC URL [jdbc:mysql://localhost:3306/imsdb?createDatabaseIfNotExist=true]
	Database driver: MySQL Connector/J
	Database dialect: MySQLDialect
	Database version: 8.0.43
	Default catalog/schema: imsdb/undefined
	Autocommit mode: undefined/unknown
	Isolation level: REPEATABLE_READ [default REPEATABLE_READ]
	JDBC fetch size: none
	Pool: DataSourceConnectionProvider
	Minimum pool size: undefined/unknown
	Maximum pool size: undefined/unknown
2026-01-21T12:09:03.645+05:30  INFO 6324 --- [ims] [restartedMain] org.hibernate.orm.core                   : HHH000489: No JTA platform available (set 'hibernate.transaction.jta.platform' to enable JTA platform integration)
2026-01-21T12:09:03.654+05:30  INFO 6324 --- [ims] [restartedMain] j.LocalContainerEntityManagerFactoryBean : Initialized JPA EntityManagerFactory for persistence unit 'default'
2026-01-21T12:09:03.705+05:30  WARN 6324 --- [ims] [restartedMain] JpaBaseConfiguration$JpaWebConfiguration : spring.jpa.open-in-view is enabled by default. Therefore, database queries may be performed during view rendering. Explicitly configure spring.jpa.open-in-view to disable this warning
2026-01-21T12:09:03.745+05:30  INFO 6324 --- [ims] [restartedMain] r$InitializeUserDetailsManagerConfigurer : Global AuthenticationManager configured with UserDetailsService bean with name inMemoryUserDetailsManager
2026-01-21T12:09:03.868+05:30  INFO 6324 --- [ims] [restartedMain] o.s.b.a.e.web.EndpointLinksResolver      : Exposing 13 endpoints beneath base path '/actuator'
2026-01-21T12:09:04.010+05:30  INFO 6324 --- [ims] [restartedMain] o.s.boot.tomcat.TomcatWebServer          : Tomcat started on port 8080 (http) with context path '/'
2026-01-21T12:09:04.014+05:30  INFO 6324 --- [ims] [restartedMain] com.cts.ImsApplication                   : Started ImsApplication in 1.039 seconds (process running for 546.569)
2026-01-21T12:09:04.017+05:30  INFO 6324 --- [ims] [restartedMain] .ConditionEvaluationDeltaLoggingListener : Condition evaluation unchanged
2026-01-21T12:09:35.948+05:30  INFO 6324 --- [ims] [File Watcher] rtingClassPathChangeChangedEventListener : Restarting due to 1 class path change (0 additions, 0 deletions, 1 modification)
2026-01-21T12:09:35.949+05:30  INFO 6324 --- [ims] [Thread-17] o.s.boot.tomcat.GracefulShutdown         : Commencing graceful shutdown. Waiting for active requests to complete
2026-01-21T12:09:35.964+05:30  INFO 6324 --- [ims] [tomcat-shutdown] o.s.boot.tomcat.GracefulShutdown         : Graceful shutdown complete
2026-01-21T12:09:35.967+05:30  INFO 6324 --- [ims] [Thread-17] j.LocalContainerEntityManagerFactoryBean : Closing JPA EntityManagerFactory for persistence unit 'default'
2026-01-21T12:09:35.967+05:30  INFO 6324 --- [ims] [Thread-17] com.zaxxer.hikari.HikariDataSource       : HikariPool-5 - Shutdown initiated...
2026-01-21T12:09:35.972+05:30  INFO 6324 --- [ims] [Thread-17] com.zaxxer.hikari.HikariDataSource       : HikariPool-5 - Shutdown completed.
2026-01-21T12:09:36.064+05:30  INFO 6324 --- [ims] [restartedMain] com.cts.ImsApplication                   : Starting ImsApplication using Java 21.0.6 with PID 6324 (C:\Users\2393375\Documents\ADM2026\Backend\ims\target\classes started by 2393375 in C:\Users\2393375\Documents\ADM2026\Backend\ims)
2026-01-21T12:09:36.064+05:30  INFO 6324 --- [ims] [restartedMain] com.cts.ImsApplication                   : No active profile set, falling back to 1 default profile: "default"
2026-01-21T12:09:36.287+05:30  INFO 6324 --- [ims] [restartedMain] .s.d.r.c.RepositoryConfigurationDelegate : Bootstrapping Spring Data JPA repositories in DEFAULT mode.
2026-01-21T12:09:36.296+05:30  INFO 6324 --- [ims] [restartedMain] .s.d.r.c.RepositoryConfigurationDelegate : Finished Spring Data repository scanning in 7 ms. Found 1 JPA repository interface.
2026-01-21T12:09:36.383+05:30  INFO 6324 --- [ims] [restartedMain] o.s.boot.tomcat.TomcatWebServer          : Tomcat initialized with port 8080 (http)
2026-01-21T12:09:36.384+05:30  INFO 6324 --- [ims] [restartedMain] o.apache.catalina.core.StandardService   : Starting service [Tomcat]
2026-01-21T12:09:36.384+05:30  INFO 6324 --- [ims] [restartedMain] o.apache.catalina.core.StandardEngine    : Starting Servlet engine: [Apache Tomcat/11.0.15]
2026-01-21T12:09:36.415+05:30  INFO 6324 --- [ims] [restartedMain] b.w.c.s.WebApplicationContextInitializer : Root WebApplicationContext: initialization completed in 349 ms
2026-01-21T12:09:36.463+05:30  INFO 6324 --- [ims] [restartedMain] org.hibernate.orm.jpa                    : HHH008540: Processing PersistenceUnitInfo [name: default]
2026-01-21T12:09:36.487+05:30  INFO 6324 --- [ims] [restartedMain] o.s.o.j.p.SpringPersistenceUnitInfo      : No LoadTimeWeaver setup: ignoring JPA class transformer
2026-01-21T12:09:36.488+05:30  INFO 6324 --- [ims] [restartedMain] com.zaxxer.hikari.HikariDataSource       : HikariPool-6 - Starting...
2026-01-21T12:09:36.499+05:30  INFO 6324 --- [ims] [restartedMain] com.zaxxer.hikari.pool.HikariPool        : HikariPool-6 - Added connection com.mysql.cj.jdbc.ConnectionImpl@516733be
2026-01-21T12:09:36.499+05:30  INFO 6324 --- [ims] [restartedMain] com.zaxxer.hikari.HikariDataSource       : HikariPool-6 - Start completed.
2026-01-21T12:09:36.500+05:30  INFO 6324 --- [ims] [restartedMain] org.hibernate.orm.connections.pooling    : HHH10001005: Database info:
	Database JDBC URL [jdbc:mysql://localhost:3306/imsdb?createDatabaseIfNotExist=true]
	Database driver: MySQL Connector/J
	Database dialect: MySQLDialect
	Database version: 8.0.43
	Default catalog/schema: imsdb/undefined
	Autocommit mode: undefined/unknown
	Isolation level: REPEATABLE_READ [default REPEATABLE_READ]
	JDBC fetch size: none
	Pool: DataSourceConnectionProvider
	Minimum pool size: undefined/unknown
	Maximum pool size: undefined/unknown
2026-01-21T12:09:36.527+05:30  INFO 6324 --- [ims] [restartedMain] org.hibernate.orm.core                   : HHH000489: No JTA platform available (set 'hibernate.transaction.jta.platform' to enable JTA platform integration)
2026-01-21T12:09:36.538+05:30  INFO 6324 --- [ims] [restartedMain] j.LocalContainerEntityManagerFactoryBean : Initialized JPA EntityManagerFactory for persistence unit 'default'
2026-01-21T12:09:36.623+05:30  WARN 6324 --- [ims] [restartedMain] JpaBaseConfiguration$JpaWebConfiguration : spring.jpa.open-in-view is enabled by default. Therefore, database queries may be performed during view rendering. Explicitly configure spring.jpa.open-in-view to disable this warning
2026-01-21T12:09:36.660+05:30  INFO 6324 --- [ims] [restartedMain] r$InitializeUserDetailsManagerConfigurer : Global AuthenticationManager configured with UserDetailsService bean with name inMemoryUserDetailsManager
2026-01-21T12:09:36.789+05:30  INFO 6324 --- [ims] [restartedMain] o.s.b.a.e.web.EndpointLinksResolver      : Exposing 13 endpoints beneath base path '/actuator'
2026-01-21T12:09:36.898+05:30  INFO 6324 --- [ims] [restartedMain] o.s.boot.tomcat.TomcatWebServer          : Tomcat started on port 8080 (http) with context path '/'
2026-01-21T12:09:36.901+05:30  INFO 6324 --- [ims] [restartedMain] com.cts.ImsApplication                   : Started ImsApplication in 0.87 seconds (process running for 579.456)
2026-01-21T12:09:36.903+05:30  INFO 6324 --- [ims] [restartedMain] .ConditionEvaluationDeltaLoggingListener : Condition evaluation unchanged
2026-01-21T12:09:44.380+05:30  INFO 6324 --- [ims] [File Watcher] rtingClassPathChangeChangedEventListener : Restarting due to 1 class path change (0 additions, 0 deletions, 1 modification)
2026-01-21T12:09:44.383+05:30  INFO 6324 --- [ims] [Thread-21] o.s.boot.tomcat.GracefulShutdown         : Commencing graceful shutdown. Waiting for active requests to complete
2026-01-21T12:09:44.417+05:30  INFO 6324 --- [ims] [tomcat-shutdown] o.s.boot.tomcat.GracefulShutdown         : Graceful shutdown complete
2026-01-21T12:09:44.420+05:30  INFO 6324 --- [ims] [Thread-21] j.LocalContainerEntityManagerFactoryBean : Closing JPA EntityManagerFactory for persistence unit 'default'
2026-01-21T12:09:44.421+05:30  INFO 6324 --- [ims] [Thread-21] com.zaxxer.hikari.HikariDataSource       : HikariPool-6 - Shutdown initiated...
2026-01-21T12:09:44.426+05:30  INFO 6324 --- [ims] [Thread-21] com.zaxxer.hikari.HikariDataSource       : HikariPool-6 - Shutdown completed.
2026-01-21T12:09:44.516+05:30  INFO 6324 --- [ims] [restartedMain] com.cts.ImsApplication                   : Starting ImsApplication using Java 21.0.6 with PID 6324 (C:\Users\2393375\Documents\ADM2026\Backend\ims\target\classes started by 2393375 in C:\Users\2393375\Documents\ADM2026\Backend\ims)
2026-01-21T12:09:44.516+05:30  INFO 6324 --- [ims] [restartedMain] com.cts.ImsApplication                   : No active profile set, falling back to 1 default profile: "default"
2026-01-21T12:09:44.699+05:30  INFO 6324 --- [ims] [restartedMain] .s.d.r.c.RepositoryConfigurationDelegate : Bootstrapping Spring Data JPA repositories in DEFAULT mode.
2026-01-21T12:09:44.716+05:30  INFO 6324 --- [ims] [restartedMain] .s.d.r.c.RepositoryConfigurationDelegate : Finished Spring Data repository scanning in 12 ms. Found 1 JPA repository interface.
2026-01-21T12:09:44.812+05:30  INFO 6324 --- [ims] [restartedMain] o.s.boot.tomcat.TomcatWebServer          : Tomcat initialized with port 8080 (http)
2026-01-21T12:09:44.813+05:30  INFO 6324 --- [ims] [restartedMain] o.apache.catalina.core.StandardService   : Starting service [Tomcat]
2026-01-21T12:09:44.813+05:30  INFO 6324 --- [ims] [restartedMain] o.apache.catalina.core.StandardEngine    : Starting Servlet engine: [Apache Tomcat/11.0.15]
2026-01-21T12:09:44.856+05:30  INFO 6324 --- [ims] [restartedMain] b.w.c.s.WebApplicationContextInitializer : Root WebApplicationContext: initialization completed in 339 ms
2026-01-21T12:09:44.892+05:30  INFO 6324 --- [ims] [restartedMain] org.hibernate.orm.jpa                    : HHH008540: Processing PersistenceUnitInfo [name: default]
2026-01-21T12:09:44.911+05:30  INFO 6324 --- [ims] [restartedMain] o.s.o.j.p.SpringPersistenceUnitInfo      : No LoadTimeWeaver setup: ignoring JPA class transformer
2026-01-21T12:09:44.911+05:30  INFO 6324 --- [ims] [restartedMain] com.zaxxer.hikari.HikariDataSource       : HikariPool-7 - Starting...
2026-01-21T12:09:44.922+05:30  INFO 6324 --- [ims] [restartedMain] com.zaxxer.hikari.pool.HikariPool        : HikariPool-7 - Added connection com.mysql.cj.jdbc.ConnectionImpl@401b93e5
2026-01-21T12:09:44.923+05:30  INFO 6324 --- [ims] [restartedMain] com.zaxxer.hikari.HikariDataSource       : HikariPool-7 - Start completed.
2026-01-21T12:09:44.924+05:30  INFO 6324 --- [ims] [restartedMain] org.hibernate.orm.connections.pooling    : HHH10001005: Database info:
	Database JDBC URL [jdbc:mysql://localhost:3306/imsdb?createDatabaseIfNotExist=true]
	Database driver: MySQL Connector/J
	Database dialect: MySQLDialect
	Database version: 8.0.43
	Default catalog/schema: imsdb/undefined
	Autocommit mode: undefined/unknown
	Isolation level: REPEATABLE_READ [default REPEATABLE_READ]
	JDBC fetch size: none
	Pool: DataSourceConnectionProvider
	Minimum pool size: undefined/unknown
	Maximum pool size: undefined/unknown
2026-01-21T12:09:44.953+05:30  INFO 6324 --- [ims] [restartedMain] org.hibernate.orm.core                   : HHH000489: No JTA platform available (set 'hibernate.transaction.jta.platform' to enable JTA platform integration)
2026-01-21T12:09:44.964+05:30  INFO 6324 --- [ims] [restartedMain] j.LocalContainerEntityManagerFactoryBean : Initialized JPA EntityManagerFactory for persistence unit 'default'
2026-01-21T12:09:44.978+05:30  WARN 6324 --- [ims] [restartedMain] ConfigServletWebServerApplicationContext : Exception encountered during context initialization - cancelling refresh attempt: org.springframework.beans.factory.BeanCreationException: Error creating bean with name 'appSecurityConfig' defined in file [C:\Users\2393375\Documents\ADM2026\Backend\ims\target\classes\com\cts\config\AppSecurityConfig.class]: Failed to instantiate [com.cts.config.AppSecurityConfig$$SpringCGLIB$$0]: Constructor threw exception
2026-01-21T12:09:44.979+05:30  INFO 6324 --- [ims] [restartedMain] j.LocalContainerEntityManagerFactoryBean : Closing JPA EntityManagerFactory for persistence unit 'default'
2026-01-21T12:09:44.979+05:30  INFO 6324 --- [ims] [restartedMain] com.zaxxer.hikari.HikariDataSource       : HikariPool-7 - Shutdown initiated...
2026-01-21T12:09:44.980+05:30  INFO 6324 --- [ims] [restartedMain] com.zaxxer.hikari.HikariDataSource       : HikariPool-7 - Shutdown completed.
2026-01-21T12:09:44.980+05:30  INFO 6324 --- [ims] [restartedMain] o.apache.catalina.core.StandardService   : Stopping service [Tomcat]
2026-01-21T12:09:44.989+05:30  INFO 6324 --- [ims] [restartedMain] .s.b.a.l.ConditionEvaluationReportLogger : 

Error starting ApplicationContext. To display the condition evaluation report re-run your application with 'debug' enabled.
2026-01-21T12:09:45.027+05:30 ERROR 6324 --- [ims] [restartedMain] o.s.boot.SpringApplication               : Application run failed

org.springframework.beans.factory.BeanCreationException: Error creating bean with name 'appSecurityConfig' defined in file [C:\Users\2393375\Documents\ADM2026\Backend\ims\target\classes\com\cts\config\AppSecurityConfig.class]: Failed to instantiate [com.cts.config.AppSecurityConfig$$SpringCGLIB$$0]: Constructor threw exception
	at org.springframework.beans.factory.support.AbstractAutowireCapableBeanFactory.instantiateBean(AbstractAutowireCapableBeanFactory.java:1344) ~[spring-beans-7.0.2.jar:7.0.2]
	at org.springframework.beans.factory.support.AbstractAutowireCapableBeanFactory.createBeanInstance(AbstractAutowireCapableBeanFactory.java:1231) ~[spring-beans-7.0.2.jar:7.0.2]
	at org.springframework.beans.factory.support.AbstractAutowireCapableBeanFactory.doCreateBean(AbstractAutowireCapableBeanFactory.java:565) ~[spring-beans-7.0.2.jar:7.0.2]
	at org.springframework.beans.factory.support.AbstractAutowireCapableBeanFactory.createBean(AbstractAutowireCapableBeanFactory.java:525) ~[spring-beans-7.0.2.jar:7.0.2]
	at org.springframework.beans.factory.support.AbstractBeanFactory.lambda$doGetBean$0(AbstractBeanFactory.java:333) ~[spring-beans-7.0.2.jar:7.0.2]
	at org.springframework.beans.factory.support.DefaultSingletonBeanRegistry.getSingleton(DefaultSingletonBeanRegistry.java:371) ~[spring-beans-7.0.2.jar:7.0.2]
	at org.springframework.beans.factory.support.AbstractBeanFactory.doGetBean(AbstractBeanFactory.java:331) ~[spring-beans-7.0.2.jar:7.0.2]
	at org.springframework.beans.factory.support.AbstractBeanFactory.getBean(AbstractBeanFactory.java:196) ~[spring-beans-7.0.2.jar:7.0.2]
	at org.springframework.beans.factory.support.DefaultListableBeanFactory.instantiateSingleton(DefaultListableBeanFactory.java:1218) ~[spring-beans-7.0.2.jar:7.0.2]
	at org.springframework.beans.factory.support.DefaultListableBeanFactory.preInstantiateSingleton(DefaultListableBeanFactory.java:1184) ~[spring-beans-7.0.2.jar:7.0.2]
	at org.springframework.beans.factory.support.DefaultListableBeanFactory.preInstantiateSingletons(DefaultListableBeanFactory.java:1121) ~[spring-beans-7.0.2.jar:7.0.2]
	at org.springframework.context.support.AbstractApplicationContext.finishBeanFactoryInitialization(AbstractApplicationContext.java:993) ~[spring-context-7.0.2.jar:7.0.2]
	at org.springframework.context.support.AbstractApplicationContext.refresh(AbstractApplicationContext.java:620) ~[spring-context-7.0.2.jar:7.0.2]
	at org.springframework.boot.web.server.servlet.context.ServletWebServerApplicationContext.refresh(ServletWebServerApplicationContext.java:143) ~[spring-boot-web-server-4.0.1.jar:4.0.1]
	at org.springframework.boot.SpringApplication.refresh(SpringApplication.java:756) ~[spring-boot-4.0.1.jar:4.0.1]
	at org.springframework.boot.SpringApplication.refreshContext(SpringApplication.java:445) ~[spring-boot-4.0.1.jar:4.0.1]
	at org.springframework.boot.SpringApplication.run(SpringApplication.java:321) ~[spring-boot-4.0.1.jar:4.0.1]
	at org.springframework.boot.SpringApplication.run(SpringApplication.java:1365) ~[spring-boot-4.0.1.jar:4.0.1]
	at org.springframework.boot.SpringApplication.run(SpringApplication.java:1354) ~[spring-boot-4.0.1.jar:4.0.1]
	at com.cts.ImsApplication.main(ImsApplication.java:10) ~[classes/:na]
	at java.base/jdk.internal.reflect.DirectMethodHandleAccessor.invoke(DirectMethodHandleAccessor.java:103) ~[na:na]
	at java.base/java.lang.reflect.Method.invoke(Method.java:580) ~[na:na]
	at org.springframework.boot.devtools.restart.RestartLauncher.run(RestartLauncher.java:52) ~[spring-boot-devtools-4.0.1.jar:4.0.1]
Caused by: org.springframework.beans.BeanInstantiationException: Failed to instantiate [com.cts.config.AppSecurityConfig$$SpringCGLIB$$0]: Constructor threw exception
	at org.springframework.beans.BeanUtils.instantiateClass(BeanUtils.java:224) ~[spring-beans-7.0.2.jar:7.0.2]
	at org.springframework.beans.factory.support.SimpleInstantiationStrategy.instantiate(SimpleInstantiationStrategy.java:106) ~[spring-beans-7.0.2.jar:7.0.2]
	at org.springframework.beans.factory.support.AbstractAutowireCapableBeanFactory.instantiateBean(AbstractAutowireCapableBeanFactory.java:1338) ~[spring-beans-7.0.2.jar:7.0.2]
	... 22 common frames omitted
Caused by: java.lang.Error: Unresolved compilation problems: 
	Syntax error, insert "enum Identifier" to complete EnumHeader
	Syntax error, insert "EnumBody" to complete ClassBodyDeclarations

	at com.cts.config.AppSecurityConfig.<init>(AppSecurityConfig.java:11) ~[classes/:na]
	at com.cts.config.AppSecurityConfig$$SpringCGLIB$$0.<init>(<generated>) ~[classes/:na]
	at java.base/jdk.internal.reflect.DirectConstructorHandleAccessor.newInstance(DirectConstructorHandleAccessor.java:62) ~[na:na]
	at java.base/java.lang.reflect.Constructor.newInstanceWithCaller(Constructor.java:502) ~[na:na]
	at java.base/java.lang.reflect.Constructor.newInstance(Constructor.java:486) ~[na:na]
	at org.springframework.beans.BeanUtils.instantiateClass(BeanUtils.java:198) ~[spring-beans-7.0.2.jar:7.0.2]
	... 24 common frames omitted

2026-01-21T12:15:48.299+05:30  INFO 6324 --- [ims] [restartedMain] com.cts.ImsApplication                   : Starting ImsApplication using Java 21.0.6 with PID 6324 (C:\Users\2393375\Documents\ADM2026\Backend\ims\target\classes started by 2393375 in C:\Users\2393375\Documents\ADM2026\Backend\ims)
2026-01-21T12:15:48.299+05:30  INFO 6324 --- [ims] [restartedMain] com.cts.ImsApplication                   : No active profile set, falling back to 1 default profile: "default"
2026-01-21T12:15:48.558+05:30  INFO 6324 --- [ims] [restartedMain] .s.d.r.c.RepositoryConfigurationDelegate : Bootstrapping Spring Data JPA repositories in DEFAULT mode.
2026-01-21T12:15:48.566+05:30  INFO 6324 --- [ims] [restartedMain] .s.d.r.c.RepositoryConfigurationDelegate : Finished Spring Data repository scanning in 6 ms. Found 1 JPA repository interface.
2026-01-21T12:15:48.659+05:30  INFO 6324 --- [ims] [restartedMain] o.s.boot.tomcat.TomcatWebServer          : Tomcat initialized with port 8080 (http)
2026-01-21T12:15:48.661+05:30  INFO 6324 --- [ims] [restartedMain] o.apache.catalina.core.StandardService   : Starting service [Tomcat]
2026-01-21T12:15:48.661+05:30  INFO 6324 --- [ims] [restartedMain] o.apache.catalina.core.StandardEngine    : Starting Servlet engine: [Apache Tomcat/11.0.15]
2026-01-21T12:15:48.688+05:30  INFO 6324 --- [ims] [restartedMain] b.w.c.s.WebApplicationContextInitializer : Root WebApplicationContext: initialization completed in 385 ms
2026-01-21T12:15:48.725+05:30  INFO 6324 --- [ims] [restartedMain] org.hibernate.orm.jpa                    : HHH008540: Processing PersistenceUnitInfo [name: default]
2026-01-21T12:15:48.745+05:30  INFO 6324 --- [ims] [restartedMain] o.s.o.j.p.SpringPersistenceUnitInfo      : No LoadTimeWeaver setup: ignoring JPA class transformer
2026-01-21T12:15:48.746+05:30  INFO 6324 --- [ims] [restartedMain] com.zaxxer.hikari.HikariDataSource       : HikariPool-8 - Starting...
2026-01-21T12:15:48.757+05:30  INFO 6324 --- [ims] [restartedMain] com.zaxxer.hikari.pool.HikariPool        : HikariPool-8 - Added connection com.mysql.cj.jdbc.ConnectionImpl@669ca76a
2026-01-21T12:15:48.757+05:30  INFO 6324 --- [ims] [restartedMain] com.zaxxer.hikari.HikariDataSource       : HikariPool-8 - Start completed.
2026-01-21T12:15:48.758+05:30  INFO 6324 --- [ims] [restartedMain] org.hibernate.orm.connections.pooling    : HHH10001005: Database info:
	Database JDBC URL [jdbc:mysql://localhost:3306/imsdb?createDatabaseIfNotExist=true]
	Database driver: MySQL Connector/J
	Database dialect: MySQLDialect
	Database version: 8.0.43
	Default catalog/schema: imsdb/undefined
	Autocommit mode: undefined/unknown
	Isolation level: REPEATABLE_READ [default REPEATABLE_READ]
	JDBC fetch size: none
	Pool: DataSourceConnectionProvider
	Minimum pool size: undefined/unknown
	Maximum pool size: undefined/unknown
2026-01-21T12:15:48.824+05:30  INFO 6324 --- [ims] [restartedMain] org.hibernate.orm.core                   : HHH000489: No JTA platform available (set 'hibernate.transaction.jta.platform' to enable JTA platform integration)
2026-01-21T12:15:48.835+05:30  INFO 6324 --- [ims] [restartedMain] j.LocalContainerEntityManagerFactoryBean : Initialized JPA EntityManagerFactory for persistence unit 'default'
2026-01-21T12:15:48.895+05:30  WARN 6324 --- [ims] [restartedMain] JpaBaseConfiguration$JpaWebConfiguration : spring.jpa.open-in-view is enabled by default. Therefore, database queries may be performed during view rendering. Explicitly configure spring.jpa.open-in-view to disable this warning
2026-01-21T12:15:48.915+05:30  INFO 6324 --- [ims] [restartedMain] r$InitializeUserDetailsManagerConfigurer : Global AuthenticationManager configured with UserDetailsService bean with name inMemoryUserDetailsManager
2026-01-21T12:15:49.023+05:30  INFO 6324 --- [ims] [restartedMain] o.s.b.a.e.web.EndpointLinksResolver      : Exposing 13 endpoints beneath base path '/actuator'
2026-01-21T12:15:49.124+05:30  INFO 6324 --- [ims] [restartedMain] o.s.boot.tomcat.TomcatWebServer          : Tomcat started on port 8080 (http) with context path '/'
2026-01-21T12:15:49.128+05:30  INFO 6324 --- [ims] [restartedMain] com.cts.ImsApplication                   : Started ImsApplication in 0.861 seconds (process running for 951.683)
2026-01-21T12:15:49.129+05:30  INFO 6324 --- [ims] [restartedMain] .ConditionEvaluationDeltaLoggingListener : Condition evaluation unchanged
2026-01-21T12:16:29.548+05:30  INFO 6324 --- [ims] [File Watcher] rtingClassPathChangeChangedEventListener : Restarting due to 1 class path change (0 additions, 0 deletions, 1 modification)
2026-01-21T12:16:29.550+05:30  INFO 6324 --- [ims] [Thread-25] o.s.boot.tomcat.GracefulShutdown         : Commencing graceful shutdown. Waiting for active requests to complete
2026-01-21T12:16:29.586+05:30  INFO 6324 --- [ims] [tomcat-shutdown] o.s.boot.tomcat.GracefulShutdown         : Graceful shutdown complete
2026-01-21T12:16:29.595+05:30  INFO 6324 --- [ims] [Thread-25] j.LocalContainerEntityManagerFactoryBean : Closing JPA EntityManagerFactory for persistence unit 'default'
2026-01-21T12:16:29.597+05:30  INFO 6324 --- [ims] [Thread-25] com.zaxxer.hikari.HikariDataSource       : HikariPool-8 - Shutdown initiated...
2026-01-21T12:16:29.612+05:30  INFO 6324 --- [ims] [Thread-25] com.zaxxer.hikari.HikariDataSource       : HikariPool-8 - Shutdown completed.
2026-01-21T12:16:29.726+05:30  INFO 6324 --- [ims] [restartedMain] com.cts.ImsApplication                   : Starting ImsApplication using Java 21.0.6 with PID 6324 (C:\Users\2393375\Documents\ADM2026\Backend\ims\target\classes started by 2393375 in C:\Users\2393375\Documents\ADM2026\Backend\ims)
2026-01-21T12:16:29.726+05:30  INFO 6324 --- [ims] [restartedMain] com.cts.ImsApplication                   : No active profile set, falling back to 1 default profile: "default"
2026-01-21T12:16:29.939+05:30  INFO 6324 --- [ims] [restartedMain] .s.d.r.c.RepositoryConfigurationDelegate : Bootstrapping Spring Data JPA repositories in DEFAULT mode.
2026-01-21T12:16:29.955+05:30  INFO 6324 --- [ims] [restartedMain] .s.d.r.c.RepositoryConfigurationDelegate : Finished Spring Data repository scanning in 14 ms. Found 1 JPA repository interface.
2026-01-21T12:16:30.088+05:30  INFO 6324 --- [ims] [restartedMain] o.s.boot.tomcat.TomcatWebServer          : Tomcat initialized with port 8080 (http)
2026-01-21T12:16:30.088+05:30  INFO 6324 --- [ims] [restartedMain] o.apache.catalina.core.StandardService   : Starting service [Tomcat]
2026-01-21T12:16:30.088+05:30  INFO 6324 --- [ims] [restartedMain] o.apache.catalina.core.StandardEngine    : Starting Servlet engine: [Apache Tomcat/11.0.15]
2026-01-21T12:16:30.123+05:30  INFO 6324 --- [ims] [restartedMain] b.w.c.s.WebApplicationContextInitializer : Root WebApplicationContext: initialization completed in 396 ms
2026-01-21T12:16:30.189+05:30  INFO 6324 --- [ims] [restartedMain] org.hibernate.orm.jpa                    : HHH008540: Processing PersistenceUnitInfo [name: default]
2026-01-21T12:16:30.223+05:30  INFO 6324 --- [ims] [restartedMain] o.s.o.j.p.SpringPersistenceUnitInfo      : No LoadTimeWeaver setup: ignoring JPA class transformer
2026-01-21T12:16:30.224+05:30  INFO 6324 --- [ims] [restartedMain] com.zaxxer.hikari.HikariDataSource       : HikariPool-9 - Starting...
2026-01-21T12:16:30.239+05:30  INFO 6324 --- [ims] [restartedMain] com.zaxxer.hikari.pool.HikariPool        : HikariPool-9 - Added connection com.mysql.cj.jdbc.ConnectionImpl@5a8cd8fd
2026-01-21T12:16:30.239+05:30  INFO 6324 --- [ims] [restartedMain] com.zaxxer.hikari.HikariDataSource       : HikariPool-9 - Start completed.
2026-01-21T12:16:30.241+05:30  INFO 6324 --- [ims] [restartedMain] org.hibernate.orm.connections.pooling    : HHH10001005: Database info:
	Database JDBC URL [jdbc:mysql://localhost:3306/imsdb?createDatabaseIfNotExist=true]
	Database driver: MySQL Connector/J
	Database dialect: MySQLDialect
	Database version: 8.0.43
	Default catalog/schema: imsdb/undefined
	Autocommit mode: undefined/unknown
	Isolation level: REPEATABLE_READ [default REPEATABLE_READ]
	JDBC fetch size: none
	Pool: DataSourceConnectionProvider
	Minimum pool size: undefined/unknown
	Maximum pool size: undefined/unknown
2026-01-21T12:16:30.269+05:30  INFO 6324 --- [ims] [restartedMain] org.hibernate.orm.core                   : HHH000489: No JTA platform available (set 'hibernate.transaction.jta.platform' to enable JTA platform integration)
2026-01-21T12:16:30.277+05:30  INFO 6324 --- [ims] [restartedMain] j.LocalContainerEntityManagerFactoryBean : Initialized JPA EntityManagerFactory for persistence unit 'default'
2026-01-21T12:16:30.326+05:30  WARN 6324 --- [ims] [restartedMain] JpaBaseConfiguration$JpaWebConfiguration : spring.jpa.open-in-view is enabled by default. Therefore, database queries may be performed during view rendering. Explicitly configure spring.jpa.open-in-view to disable this warning
2026-01-21T12:16:30.357+05:30  INFO 6324 --- [ims] [restartedMain] r$InitializeUserDetailsManagerConfigurer : Global AuthenticationManager configured with UserDetailsService bean with name inMemoryUserDetailsManager
2026-01-21T12:16:30.467+05:30  INFO 6324 --- [ims] [restartedMain] o.s.b.a.e.web.EndpointLinksResolver      : Exposing 13 endpoints beneath base path '/actuator'
2026-01-21T12:16:30.553+05:30  INFO 6324 --- [ims] [restartedMain] o.s.boot.tomcat.TomcatWebServer          : Tomcat started on port 8080 (http) with context path '/'
2026-01-21T12:16:30.556+05:30  INFO 6324 --- [ims] [restartedMain] com.cts.ImsApplication                   : Started ImsApplication in 0.852 seconds (process running for 993.11)
2026-01-21T12:16:30.557+05:30  INFO 6324 --- [ims] [restartedMain] .ConditionEvaluationDeltaLoggingListener : Condition evaluation unchanged
2026-01-21T12:17:38.491+05:30  INFO 6324 --- [ims] [File Watcher] rtingClassPathChangeChangedEventListener : Restarting due to 1 class path change (0 additions, 0 deletions, 1 modification)
2026-01-21T12:17:38.496+05:30  INFO 6324 --- [ims] [Thread-32] o.s.boot.tomcat.GracefulShutdown         : Commencing graceful shutdown. Waiting for active requests to complete
2026-01-21T12:17:38.524+05:30  INFO 6324 --- [ims] [tomcat-shutdown] o.s.boot.tomcat.GracefulShutdown         : Graceful shutdown complete
2026-01-21T12:17:38.532+05:30  INFO 6324 --- [ims] [Thread-32] j.LocalContainerEntityManagerFactoryBean : Closing JPA EntityManagerFactory for persistence unit 'default'
2026-01-21T12:17:38.535+05:30  INFO 6324 --- [ims] [Thread-32] com.zaxxer.hikari.HikariDataSource       : HikariPool-9 - Shutdown initiated...
2026-01-21T12:17:38.547+05:30  INFO 6324 --- [ims] [Thread-32] com.zaxxer.hikari.HikariDataSource       : HikariPool-9 - Shutdown completed.
2026-01-21T12:17:38.662+05:30  INFO 6324 --- [ims] [restartedMain] com.cts.ImsApplication                   : Starting ImsApplication using Java 21.0.6 with PID 6324 (C:\Users\2393375\Documents\ADM2026\Backend\ims\target\classes started by 2393375 in C:\Users\2393375\Documents\ADM2026\Backend\ims)
2026-01-21T12:17:38.662+05:30  INFO 6324 --- [ims] [restartedMain] com.cts.ImsApplication                   : No active profile set, falling back to 1 default profile: "default"
2026-01-21T12:17:38.863+05:30  INFO 6324 --- [ims] [restartedMain] .s.d.r.c.RepositoryConfigurationDelegate : Bootstrapping Spring Data JPA repositories in DEFAULT mode.
2026-01-21T12:17:38.871+05:30  INFO 6324 --- [ims] [restartedMain] .s.d.r.c.RepositoryConfigurationDelegate : Finished Spring Data repository scanning in 7 ms. Found 1 JPA repository interface.
2026-01-21T12:17:38.956+05:30  INFO 6324 --- [ims] [restartedMain] o.s.boot.tomcat.TomcatWebServer          : Tomcat initialized with port 8080 (http)
2026-01-21T12:17:38.956+05:30  INFO 6324 --- [ims] [restartedMain] o.apache.catalina.core.StandardService   : Starting service [Tomcat]
2026-01-21T12:17:38.956+05:30  INFO 6324 --- [ims] [restartedMain] o.apache.catalina.core.StandardEngine    : Starting Servlet engine: [Apache Tomcat/11.0.15]
2026-01-21T12:17:38.983+05:30  INFO 6324 --- [ims] [restartedMain] b.w.c.s.WebApplicationContextInitializer : Root WebApplicationContext: initialization completed in 318 ms
2026-01-21T12:17:39.032+05:30  INFO 6324 --- [ims] [restartedMain] org.hibernate.orm.jpa                    : HHH008540: Processing PersistenceUnitInfo [name: default]
2026-01-21T12:17:39.049+05:30  INFO 6324 --- [ims] [restartedMain] o.s.o.j.p.SpringPersistenceUnitInfo      : No LoadTimeWeaver setup: ignoring JPA class transformer
2026-01-21T12:17:39.050+05:30  INFO 6324 --- [ims] [restartedMain] com.zaxxer.hikari.HikariDataSource       : HikariPool-10 - Starting...
2026-01-21T12:17:39.065+05:30  INFO 6324 --- [ims] [restartedMain] com.zaxxer.hikari.pool.HikariPool        : HikariPool-10 - Added connection com.mysql.cj.jdbc.ConnectionImpl@5b50a1a6
2026-01-21T12:17:39.065+05:30  INFO 6324 --- [ims] [restartedMain] com.zaxxer.hikari.HikariDataSource       : HikariPool-10 - Start completed.
2026-01-21T12:17:39.067+05:30  INFO 6324 --- [ims] [restartedMain] org.hibernate.orm.connections.pooling    : HHH10001005: Database info:
	Database JDBC URL [jdbc:mysql://localhost:3306/imsdb?createDatabaseIfNotExist=true]
	Database driver: MySQL Connector/J
	Database dialect: MySQLDialect
	Database version: 8.0.43
	Default catalog/schema: imsdb/undefined
	Autocommit mode: undefined/unknown
	Isolation level: REPEATABLE_READ [default REPEATABLE_READ]
	JDBC fetch size: none
	Pool: DataSourceConnectionProvider
	Minimum pool size: undefined/unknown
	Maximum pool size: undefined/unknown
2026-01-21T12:17:39.093+05:30  INFO 6324 --- [ims] [restartedMain] org.hibernate.orm.core                   : HHH000489: No JTA platform available (set 'hibernate.transaction.jta.platform' to enable JTA platform integration)
2026-01-21T12:17:39.100+05:30  INFO 6324 --- [ims] [restartedMain] j.LocalContainerEntityManagerFactoryBean : Initialized JPA EntityManagerFactory for persistence unit 'default'
2026-01-21T12:17:39.110+05:30  WARN 6324 --- [ims] [restartedMain] ConfigServletWebServerApplicationContext : Exception encountered during context initialization - cancelling refresh attempt: org.springframework.beans.factory.BeanCreationException: Error creating bean with name 'appSecurityConfig' defined in file [C:\Users\2393375\Documents\ADM2026\Backend\ims\target\classes\com\cts\config\AppSecurityConfig.class]: Failed to instantiate [com.cts.config.AppSecurityConfig$$SpringCGLIB$$0]: Constructor threw exception
2026-01-21T12:17:39.110+05:30  INFO 6324 --- [ims] [restartedMain] j.LocalContainerEntityManagerFactoryBean : Closing JPA EntityManagerFactory for persistence unit 'default'
2026-01-21T12:17:39.111+05:30  INFO 6324 --- [ims] [restartedMain] com.zaxxer.hikari.HikariDataSource       : HikariPool-10 - Shutdown initiated...
2026-01-21T12:17:39.113+05:30  INFO 6324 --- [ims] [restartedMain] com.zaxxer.hikari.HikariDataSource       : HikariPool-10 - Shutdown completed.
2026-01-21T12:17:39.113+05:30  INFO 6324 --- [ims] [restartedMain] o.apache.catalina.core.StandardService   : Stopping service [Tomcat]
2026-01-21T12:17:39.120+05:30  INFO 6324 --- [ims] [restartedMain] .s.b.a.l.ConditionEvaluationReportLogger : 

Error starting ApplicationContext. To display the condition evaluation report re-run your application with 'debug' enabled.
2026-01-21T12:17:39.122+05:30 ERROR 6324 --- [ims] [restartedMain] o.s.boot.SpringApplication               : Application run failed

org.springframework.beans.factory.BeanCreationException: Error creating bean with name 'appSecurityConfig' defined in file [C:\Users\2393375\Documents\ADM2026\Backend\ims\target\classes\com\cts\config\AppSecurityConfig.class]: Failed to instantiate [com.cts.config.AppSecurityConfig$$SpringCGLIB$$0]: Constructor threw exception
	at org.springframework.beans.factory.support.AbstractAutowireCapableBeanFactory.instantiateBean(AbstractAutowireCapableBeanFactory.java:1344) ~[spring-beans-7.0.2.jar:7.0.2]
	at org.springframework.beans.factory.support.AbstractAutowireCapableBeanFactory.createBeanInstance(AbstractAutowireCapableBeanFactory.java:1231) ~[spring-beans-7.0.2.jar:7.0.2]
	at org.springframework.beans.factory.support.AbstractAutowireCapableBeanFactory.doCreateBean(AbstractAutowireCapableBeanFactory.java:565) ~[spring-beans-7.0.2.jar:7.0.2]
	at org.springframework.beans.factory.support.AbstractAutowireCapableBeanFactory.createBean(AbstractAutowireCapableBeanFactory.java:525) ~[spring-beans-7.0.2.jar:7.0.2]
	at org.springframework.beans.factory.support.AbstractBeanFactory.lambda$doGetBean$0(AbstractBeanFactory.java:333) ~[spring-beans-7.0.2.jar:7.0.2]
	at org.springframework.beans.factory.support.DefaultSingletonBeanRegistry.getSingleton(DefaultSingletonBeanRegistry.java:371) ~[spring-beans-7.0.2.jar:7.0.2]
	at org.springframework.beans.factory.support.AbstractBeanFactory.doGetBean(AbstractBeanFactory.java:331) ~[spring-beans-7.0.2.jar:7.0.2]
	at org.springframework.beans.factory.support.AbstractBeanFactory.getBean(AbstractBeanFactory.java:196) ~[spring-beans-7.0.2.jar:7.0.2]
	at org.springframework.beans.factory.support.DefaultListableBeanFactory.instantiateSingleton(DefaultListableBeanFactory.java:1218) ~[spring-beans-7.0.2.jar:7.0.2]
	at org.springframework.beans.factory.support.DefaultListableBeanFactory.preInstantiateSingleton(DefaultListableBeanFactory.java:1184) ~[spring-beans-7.0.2.jar:7.0.2]
	at org.springframework.beans.factory.support.DefaultListableBeanFactory.preInstantiateSingletons(DefaultListableBeanFactory.java:1121) ~[spring-beans-7.0.2.jar:7.0.2]
	at org.springframework.context.support.AbstractApplicationContext.finishBeanFactoryInitialization(AbstractApplicationContext.java:993) ~[spring-context-7.0.2.jar:7.0.2]
	at org.springframework.context.support.AbstractApplicationContext.refresh(AbstractApplicationContext.java:620) ~[spring-context-7.0.2.jar:7.0.2]
	at org.springframework.boot.web.server.servlet.context.ServletWebServerApplicationContext.refresh(ServletWebServerApplicationContext.java:143) ~[spring-boot-web-server-4.0.1.jar:4.0.1]
	at org.springframework.boot.SpringApplication.refresh(SpringApplication.java:756) ~[spring-boot-4.0.1.jar:4.0.1]
	at org.springframework.boot.SpringApplication.refreshContext(SpringApplication.java:445) ~[spring-boot-4.0.1.jar:4.0.1]
	at org.springframework.boot.SpringApplication.run(SpringApplication.java:321) ~[spring-boot-4.0.1.jar:4.0.1]
	at org.springframework.boot.SpringApplication.run(SpringApplication.java:1365) ~[spring-boot-4.0.1.jar:4.0.1]
	at org.springframework.boot.SpringApplication.run(SpringApplication.java:1354) ~[spring-boot-4.0.1.jar:4.0.1]
	at com.cts.ImsApplication.main(ImsApplication.java:10) ~[classes/:na]
	at java.base/jdk.internal.reflect.DirectMethodHandleAccessor.invoke(DirectMethodHandleAccessor.java:103) ~[na:na]
	at java.base/java.lang.reflect.Method.invoke(Method.java:580) ~[na:na]
	at org.springframework.boot.devtools.restart.RestartLauncher.run(RestartLauncher.java:52) ~[spring-boot-devtools-4.0.1.jar:4.0.1]
Caused by: org.springframework.beans.BeanInstantiationException: Failed to instantiate [com.cts.config.AppSecurityConfig$$SpringCGLIB$$0]: Constructor threw exception
	at org.springframework.beans.BeanUtils.instantiateClass(BeanUtils.java:224) ~[spring-beans-7.0.2.jar:7.0.2]
	at org.springframework.beans.factory.support.SimpleInstantiationStrategy.instantiate(SimpleInstantiationStrategy.java:106) ~[spring-beans-7.0.2.jar:7.0.2]
	at org.springframework.beans.factory.support.AbstractAutowireCapableBeanFactory.instantiateBean(AbstractAutowireCapableBeanFactory.java:1338) ~[spring-beans-7.0.2.jar:7.0.2]
	... 22 common frames omitted
Caused by: java.lang.Error: Unresolved compilation problem: 
	Syntax error on token "new", delete this token

	at com.cts.config.AppSecurityConfig.<init>(AppSecurityConfig.java:11) ~[classes/:na]
	at com.cts.config.AppSecurityConfig$$SpringCGLIB$$0.<init>(<generated>) ~[classes/:na]
	at java.base/jdk.internal.reflect.DirectConstructorHandleAccessor.newInstance(DirectConstructorHandleAccessor.java:62) ~[na:na]
	at java.base/java.lang.reflect.Constructor.newInstanceWithCaller(Constructor.java:502) ~[na:na]
	at java.base/java.lang.reflect.Constructor.newInstance(Constructor.java:486) ~[na:na]
	at org.springframework.beans.BeanUtils.instantiateClass(BeanUtils.java:198) ~[spring-beans-7.0.2.jar:7.0.2]
	... 24 common frames omitted

2026-01-21T12:18:46.477+05:30  INFO 6324 --- [ims] [restartedMain] com.cts.ImsApplication                   : Starting ImsApplication using Java 21.0.6 with PID 6324 (C:\Users\2393375\Documents\ADM2026\Backend\ims\target\classes started by 2393375 in C:\Users\2393375\Documents\ADM2026\Backend\ims)
2026-01-21T12:18:46.478+05:30  INFO 6324 --- [ims] [restartedMain] com.cts.ImsApplication                   : No active profile set, falling back to 1 default profile: "default"
2026-01-21T12:18:46.732+05:30  INFO 6324 --- [ims] [restartedMain] .s.d.r.c.RepositoryConfigurationDelegate : Bootstrapping Spring Data JPA repositories in DEFAULT mode.
2026-01-21T12:18:46.742+05:30  INFO 6324 --- [ims] [restartedMain] .s.d.r.c.RepositoryConfigurationDelegate : Finished Spring Data repository scanning in 7 ms. Found 1 JPA repository interface.
2026-01-21T12:18:46.872+05:30  INFO 6324 --- [ims] [restartedMain] o.s.boot.tomcat.TomcatWebServer          : Tomcat initialized with port 8080 (http)
2026-01-21T12:18:46.873+05:30  INFO 6324 --- [ims] [restartedMain] o.apache.catalina.core.StandardService   : Starting service [Tomcat]
2026-01-21T12:18:46.873+05:30  INFO 6324 --- [ims] [restartedMain] o.apache.catalina.core.StandardEngine    : Starting Servlet engine: [Apache Tomcat/11.0.15]
2026-01-21T12:18:46.902+05:30  INFO 6324 --- [ims] [restartedMain] b.w.c.s.WebApplicationContextInitializer : Root WebApplicationContext: initialization completed in 421 ms
2026-01-21T12:18:46.943+05:30  INFO 6324 --- [ims] [restartedMain] org.hibernate.orm.jpa                    : HHH008540: Processing PersistenceUnitInfo [name: default]
2026-01-21T12:18:46.962+05:30  INFO 6324 --- [ims] [restartedMain] o.s.o.j.p.SpringPersistenceUnitInfo      : No LoadTimeWeaver setup: ignoring JPA class transformer
2026-01-21T12:18:46.963+05:30  INFO 6324 --- [ims] [restartedMain] com.zaxxer.hikari.HikariDataSource       : HikariPool-11 - Starting...
2026-01-21T12:18:46.977+05:30  INFO 6324 --- [ims] [restartedMain] com.zaxxer.hikari.pool.HikariPool        : HikariPool-11 - Added connection com.mysql.cj.jdbc.ConnectionImpl@3970f9f1
2026-01-21T12:18:46.977+05:30  INFO 6324 --- [ims] [restartedMain] com.zaxxer.hikari.HikariDataSource       : HikariPool-11 - Start completed.
2026-01-21T12:18:46.978+05:30  INFO 6324 --- [ims] [restartedMain] org.hibernate.orm.connections.pooling    : HHH10001005: Database info:
	Database JDBC URL [jdbc:mysql://localhost:3306/imsdb?createDatabaseIfNotExist=true]
	Database driver: MySQL Connector/J
	Database dialect: MySQLDialect
	Database version: 8.0.43
	Default catalog/schema: imsdb/undefined
	Autocommit mode: undefined/unknown
	Isolation level: REPEATABLE_READ [default REPEATABLE_READ]
	JDBC fetch size: none
	Pool: DataSourceConnectionProvider
	Minimum pool size: undefined/unknown
	Maximum pool size: undefined/unknown
2026-01-21T12:18:47.008+05:30  INFO 6324 --- [ims] [restartedMain] org.hibernate.orm.core                   : HHH000489: No JTA platform available (set 'hibernate.transaction.jta.platform' to enable JTA platform integration)
2026-01-21T12:18:47.019+05:30  INFO 6324 --- [ims] [restartedMain] j.LocalContainerEntityManagerFactoryBean : Initialized JPA EntityManagerFactory for persistence unit 'default'
2026-01-21T12:18:47.034+05:30  WARN 6324 --- [ims] [restartedMain] ConfigServletWebServerApplicationContext : Exception encountered during context initialization - cancelling refresh attempt: org.springframework.beans.factory.BeanCreationException: Error creating bean with name 'appSecurityConfig' defined in file [C:\Users\2393375\Documents\ADM2026\Backend\ims\target\classes\com\cts\config\AppSecurityConfig.class]: Failed to instantiate [com.cts.config.AppSecurityConfig$$SpringCGLIB$$0]: Constructor threw exception
2026-01-21T12:18:47.034+05:30  INFO 6324 --- [ims] [restartedMain] j.LocalContainerEntityManagerFactoryBean : Closing JPA EntityManagerFactory for persistence unit 'default'
2026-01-21T12:18:47.036+05:30  INFO 6324 --- [ims] [restartedMain] com.zaxxer.hikari.HikariDataSource       : HikariPool-11 - Shutdown initiated...
2026-01-21T12:18:47.037+05:30  INFO 6324 --- [ims] [restartedMain] com.zaxxer.hikari.HikariDataSource       : HikariPool-11 - Shutdown completed.
2026-01-21T12:18:47.038+05:30  INFO 6324 --- [ims] [restartedMain] o.apache.catalina.core.StandardService   : Stopping service [Tomcat]
2026-01-21T12:18:47.044+05:30  INFO 6324 --- [ims] [restartedMain] .s.b.a.l.ConditionEvaluationReportLogger : 

Error starting ApplicationContext. To display the condition evaluation report re-run your application with 'debug' enabled.
2026-01-21T12:18:47.047+05:30 ERROR 6324 --- [ims] [restartedMain] o.s.boot.SpringApplication               : Application run failed

org.springframework.beans.factory.BeanCreationException: Error creating bean with name 'appSecurityConfig' defined in file [C:\Users\2393375\Documents\ADM2026\Backend\ims\target\classes\com\cts\config\AppSecurityConfig.class]: Failed to instantiate [com.cts.config.AppSecurityConfig$$SpringCGLIB$$0]: Constructor threw exception
	at org.springframework.beans.factory.support.AbstractAutowireCapableBeanFactory.instantiateBean(AbstractAutowireCapableBeanFactory.java:1344) ~[spring-beans-7.0.2.jar:7.0.2]
	at org.springframework.beans.factory.support.AbstractAutowireCapableBeanFactory.createBeanInstance(AbstractAutowireCapableBeanFactory.java:1231) ~[spring-beans-7.0.2.jar:7.0.2]
	at org.springframework.beans.factory.support.AbstractAutowireCapableBeanFactory.doCreateBean(AbstractAutowireCapableBeanFactory.java:565) ~[spring-beans-7.0.2.jar:7.0.2]
	at org.springframework.beans.factory.support.AbstractAutowireCapableBeanFactory.createBean(AbstractAutowireCapableBeanFactory.java:525) ~[spring-beans-7.0.2.jar:7.0.2]
	at org.springframework.beans.factory.support.AbstractBeanFactory.lambda$doGetBean$0(AbstractBeanFactory.java:333) ~[spring-beans-7.0.2.jar:7.0.2]
	at org.springframework.beans.factory.support.DefaultSingletonBeanRegistry.getSingleton(DefaultSingletonBeanRegistry.java:371) ~[spring-beans-7.0.2.jar:7.0.2]
	at org.springframework.beans.factory.support.AbstractBeanFactory.doGetBean(AbstractBeanFactory.java:331) ~[spring-beans-7.0.2.jar:7.0.2]
	at org.springframework.beans.factory.support.AbstractBeanFactory.getBean(AbstractBeanFactory.java:196) ~[spring-beans-7.0.2.jar:7.0.2]
	at org.springframework.beans.factory.support.DefaultListableBeanFactory.instantiateSingleton(DefaultListableBeanFactory.java:1218) ~[spring-beans-7.0.2.jar:7.0.2]
	at org.springframework.beans.factory.support.DefaultListableBeanFactory.preInstantiateSingleton(DefaultListableBeanFactory.java:1184) ~[spring-beans-7.0.2.jar:7.0.2]
	at org.springframework.beans.factory.support.DefaultListableBeanFactory.preInstantiateSingletons(DefaultListableBeanFactory.java:1121) ~[spring-beans-7.0.2.jar:7.0.2]
	at org.springframework.context.support.AbstractApplicationContext.finishBeanFactoryInitialization(AbstractApplicationContext.java:993) ~[spring-context-7.0.2.jar:7.0.2]
	at org.springframework.context.support.AbstractApplicationContext.refresh(AbstractApplicationContext.java:620) ~[spring-context-7.0.2.jar:7.0.2]
	at org.springframework.boot.web.server.servlet.context.ServletWebServerApplicationContext.refresh(ServletWebServerApplicationContext.java:143) ~[spring-boot-web-server-4.0.1.jar:4.0.1]
	at org.springframework.boot.SpringApplication.refresh(SpringApplication.java:756) ~[spring-boot-4.0.1.jar:4.0.1]
	at org.springframework.boot.SpringApplication.refreshContext(SpringApplication.java:445) ~[spring-boot-4.0.1.jar:4.0.1]
	at org.springframework.boot.SpringApplication.run(SpringApplication.java:321) ~[spring-boot-4.0.1.jar:4.0.1]
	at org.springframework.boot.SpringApplication.run(SpringApplication.java:1365) ~[spring-boot-4.0.1.jar:4.0.1]
	at org.springframework.boot.SpringApplication.run(SpringApplication.java:1354) ~[spring-boot-4.0.1.jar:4.0.1]
	at com.cts.ImsApplication.main(ImsApplication.java:10) ~[classes/:na]
	at java.base/jdk.internal.reflect.DirectMethodHandleAccessor.invoke(DirectMethodHandleAccessor.java:103) ~[na:na]
	at java.base/java.lang.reflect.Method.invoke(Method.java:580) ~[na:na]
	at org.springframework.boot.devtools.restart.RestartLauncher.run(RestartLauncher.java:52) ~[spring-boot-devtools-4.0.1.jar:4.0.1]
Caused by: org.springframework.beans.BeanInstantiationException: Failed to instantiate [com.cts.config.AppSecurityConfig$$SpringCGLIB$$0]: Constructor threw exception
	at org.springframework.beans.BeanUtils.instantiateClass(BeanUtils.java:224) ~[spring-beans-7.0.2.jar:7.0.2]
	at org.springframework.beans.factory.support.SimpleInstantiationStrategy.instantiate(SimpleInstantiationStrategy.java:106) ~[spring-beans-7.0.2.jar:7.0.2]
	at org.springframework.beans.factory.support.AbstractAutowireCapableBeanFactory.instantiateBean(AbstractAutowireCapableBeanFactory.java:1338) ~[spring-beans-7.0.2.jar:7.0.2]
	... 22 common frames omitted
Caused by: java.lang.Error: Unresolved compilation problems: 
	The annotation @Bean is disallowed for this location
	Syntax error, insert ";" to complete ClassBodyDeclarations

	at com.cts.config.AppSecurityConfig.<init>(AppSecurityConfig.java:14) ~[classes/:na]
	at com.cts.config.AppSecurityConfig$$SpringCGLIB$$0.<init>(<generated>) ~[classes/:na]
	at java.base/jdk.internal.reflect.DirectConstructorHandleAccessor.newInstance(DirectConstructorHandleAccessor.java:62) ~[na:na]
	at java.base/java.lang.reflect.Constructor.newInstanceWithCaller(Constructor.java:502) ~[na:na]
	at java.base/java.lang.reflect.Constructor.newInstance(Constructor.java:486) ~[na:na]
	at org.springframework.beans.BeanUtils.instantiateClass(BeanUtils.java:198) ~[spring-beans-7.0.2.jar:7.0.2]
	... 24 common frames omitted

2026-01-21T12:19:05.052+05:30  INFO 6324 --- [ims] [restartedMain] com.cts.ImsApplication                   : Starting ImsApplication using Java 21.0.6 with PID 6324 (C:\Users\2393375\Documents\ADM2026\Backend\ims\target\classes started by 2393375 in C:\Users\2393375\Documents\ADM2026\Backend\ims)
2026-01-21T12:19:05.053+05:30  INFO 6324 --- [ims] [restartedMain] com.cts.ImsApplication                   : No active profile set, falling back to 1 default profile: "default"
2026-01-21T12:19:05.330+05:30  INFO 6324 --- [ims] [restartedMain] .s.d.r.c.RepositoryConfigurationDelegate : Bootstrapping Spring Data JPA repositories in DEFAULT mode.
2026-01-21T12:19:05.342+05:30  INFO 6324 --- [ims] [restartedMain] .s.d.r.c.RepositoryConfigurationDelegate : Finished Spring Data repository scanning in 11 ms. Found 1 JPA repository interface.
2026-01-21T12:19:05.447+05:30  INFO 6324 --- [ims] [restartedMain] o.s.boot.tomcat.TomcatWebServer          : Tomcat initialized with port 8080 (http)
2026-01-21T12:19:05.447+05:30  INFO 6324 --- [ims] [restartedMain] o.apache.catalina.core.StandardService   : Starting service [Tomcat]
2026-01-21T12:19:05.447+05:30  INFO 6324 --- [ims] [restartedMain] o.apache.catalina.core.StandardEngine    : Starting Servlet engine: [Apache Tomcat/11.0.15]
2026-01-21T12:19:05.479+05:30  INFO 6324 --- [ims] [restartedMain] b.w.c.s.WebApplicationContextInitializer : Root WebApplicationContext: initialization completed in 422 ms
2026-01-21T12:19:05.523+05:30  INFO 6324 --- [ims] [restartedMain] org.hibernate.orm.jpa                    : HHH008540: Processing PersistenceUnitInfo [name: default]
2026-01-21T12:19:05.541+05:30  INFO 6324 --- [ims] [restartedMain] o.s.o.j.p.SpringPersistenceUnitInfo      : No LoadTimeWeaver setup: ignoring JPA class transformer
2026-01-21T12:19:05.541+05:30  INFO 6324 --- [ims] [restartedMain] com.zaxxer.hikari.HikariDataSource       : HikariPool-12 - Starting...
2026-01-21T12:19:05.552+05:30  INFO 6324 --- [ims] [restartedMain] com.zaxxer.hikari.pool.HikariPool        : HikariPool-12 - Added connection com.mysql.cj.jdbc.ConnectionImpl@5b4ba45f
2026-01-21T12:19:05.552+05:30  INFO 6324 --- [ims] [restartedMain] com.zaxxer.hikari.HikariDataSource       : HikariPool-12 - Start completed.
2026-01-21T12:19:05.554+05:30  INFO 6324 --- [ims] [restartedMain] org.hibernate.orm.connections.pooling    : HHH10001005: Database info:
	Database JDBC URL [jdbc:mysql://localhost:3306/imsdb?createDatabaseIfNotExist=true]
	Database driver: MySQL Connector/J
	Database dialect: MySQLDialect
	Database version: 8.0.43
	Default catalog/schema: imsdb/undefined
	Autocommit mode: undefined/unknown
	Isolation level: REPEATABLE_READ [default REPEATABLE_READ]
	JDBC fetch size: none
	Pool: DataSourceConnectionProvider
	Minimum pool size: undefined/unknown
	Maximum pool size: undefined/unknown
2026-01-21T12:19:05.586+05:30  INFO 6324 --- [ims] [restartedMain] org.hibernate.orm.core                   : HHH000489: No JTA platform available (set 'hibernate.transaction.jta.platform' to enable JTA platform integration)
2026-01-21T12:19:05.595+05:30  INFO 6324 --- [ims] [restartedMain] j.LocalContainerEntityManagerFactoryBean : Initialized JPA EntityManagerFactory for persistence unit 'default'
2026-01-21T12:19:05.645+05:30  WARN 6324 --- [ims] [restartedMain] JpaBaseConfiguration$JpaWebConfiguration : spring.jpa.open-in-view is enabled by default. Therefore, database queries may be performed during view rendering. Explicitly configure spring.jpa.open-in-view to disable this warning
2026-01-21T12:19:05.665+05:30  WARN 6324 --- [ims] [restartedMain] ConfigServletWebServerApplicationContext : Exception encountered during context initialization - cancelling refresh attempt: org.springframework.beans.factory.UnsatisfiedDependencyException: Error creating bean with name 'org.springframework.security.config.annotation.web.configuration.WebSecurityConfiguration': Unsatisfied dependency expressed through method 'setFilterChains' parameter 0: Error creating bean with name 'managementSecurityFilterChain' defined in class path resource [org/springframework/boot/security/autoconfigure/actuate/web/servlet/ManagementWebSecurityAutoConfiguration.class]: Unsatisfied dependency expressed through method 'managementSecurityFilterChain' parameter 1: Error creating bean with name 'org.springframework.security.config.annotation.web.configuration.HttpSecurityConfiguration.httpSecurity' defined in class path resource [org/springframework/security/config/annotation/web/configuration/HttpSecurityConfiguration.class]: Failed to instantiate [org.springframework.security.config.annotation.web.builders.HttpSecurity]: Factory method 'httpSecurity' threw exception with message: Bean named 'userDetailsService' is expected to be of type 'org.springframework.security.core.userdetails.UserDetailsService' but was actually of type 'org.springframework.beans.factory.support.NullBean'
2026-01-21T12:19:05.665+05:30  INFO 6324 --- [ims] [restartedMain] j.LocalContainerEntityManagerFactoryBean : Closing JPA EntityManagerFactory for persistence unit 'default'
2026-01-21T12:19:05.666+05:30  INFO 6324 --- [ims] [restartedMain] com.zaxxer.hikari.HikariDataSource       : HikariPool-12 - Shutdown initiated...
2026-01-21T12:19:05.708+05:30  INFO 6324 --- [ims] [restartedMain] com.zaxxer.hikari.HikariDataSource       : HikariPool-12 - Shutdown completed.
2026-01-21T12:19:05.710+05:30  INFO 6324 --- [ims] [restartedMain] o.apache.catalina.core.StandardService   : Stopping service [Tomcat]
2026-01-21T12:19:05.713+05:30  INFO 6324 --- [ims] [restartedMain] .s.b.a.l.ConditionEvaluationReportLogger : 

Error starting ApplicationContext. To display the condition evaluation report re-run your application with 'debug' enabled.
2026-01-21T12:19:05.714+05:30 ERROR 6324 --- [ims] [restartedMain] o.s.boot.SpringApplication               : Application run failed

org.springframework.beans.factory.UnsatisfiedDependencyException: Error creating bean with name 'org.springframework.security.config.annotation.web.configuration.WebSecurityConfiguration': Unsatisfied dependency expressed through method 'setFilterChains' parameter 0: Error creating bean with name 'managementSecurityFilterChain' defined in class path resource [org/springframework/boot/security/autoconfigure/actuate/web/servlet/ManagementWebSecurityAutoConfiguration.class]: Unsatisfied dependency expressed through method 'managementSecurityFilterChain' parameter 1: Error creating bean with name 'org.springframework.security.config.annotation.web.configuration.HttpSecurityConfiguration.httpSecurity' defined in class path resource [org/springframework/security/config/annotation/web/configuration/HttpSecurityConfiguration.class]: Failed to instantiate [org.springframework.security.config.annotation.web.builders.HttpSecurity]: Factory method 'httpSecurity' threw exception with message: Bean named 'userDetailsService' is expected to be of type 'org.springframework.security.core.userdetails.UserDetailsService' but was actually of type 'org.springframework.beans.factory.support.NullBean'
	at org.springframework.beans.factory.annotation.AutowiredAnnotationBeanPostProcessor$AutowiredMethodElement.resolveMethodArguments(AutowiredAnnotationBeanPostProcessor.java:871) ~[spring-beans-7.0.2.jar:7.0.2]
	at org.springframework.beans.factory.annotation.AutowiredAnnotationBeanPostProcessor$AutowiredMethodElement.inject(AutowiredAnnotationBeanPostProcessor.java:826) ~[spring-beans-7.0.2.jar:7.0.2]
	at org.springframework.beans.factory.annotation.InjectionMetadata.inject(InjectionMetadata.java:146) ~[spring-beans-7.0.2.jar:7.0.2]
	at org.springframework.beans.factory.annotation.AutowiredAnnotationBeanPostProcessor.postProcessProperties(AutowiredAnnotationBeanPostProcessor.java:492) ~[spring-beans-7.0.2.jar:7.0.2]
	at org.springframework.beans.factory.support.AbstractAutowireCapableBeanFactory.populateBean(AbstractAutowireCapableBeanFactory.java:1446) ~[spring-beans-7.0.2.jar:7.0.2]
	at org.springframework.beans.factory.support.AbstractAutowireCapableBeanFactory.doCreateBean(AbstractAutowireCapableBeanFactory.java:602) ~[spring-beans-7.0.2.jar:7.0.2]
	at org.springframework.beans.factory.support.AbstractAutowireCapableBeanFactory.createBean(AbstractAutowireCapableBeanFactory.java:525) ~[spring-beans-7.0.2.jar:7.0.2]
	at org.springframework.beans.factory.support.AbstractBeanFactory.lambda$doGetBean$0(AbstractBeanFactory.java:333) ~[spring-beans-7.0.2.jar:7.0.2]
	at org.springframework.beans.factory.support.DefaultSingletonBeanRegistry.getSingleton(DefaultSingletonBeanRegistry.java:371) ~[spring-beans-7.0.2.jar:7.0.2]
	at org.springframework.beans.factory.support.AbstractBeanFactory.doGetBean(AbstractBeanFactory.java:331) ~[spring-beans-7.0.2.jar:7.0.2]
	at org.springframework.beans.factory.support.AbstractBeanFactory.getBean(AbstractBeanFactory.java:196) ~[spring-beans-7.0.2.jar:7.0.2]
	at org.springframework.beans.factory.support.DefaultListableBeanFactory.instantiateSingleton(DefaultListableBeanFactory.java:1218) ~[spring-beans-7.0.2.jar:7.0.2]
	at org.springframework.beans.factory.support.DefaultListableBeanFactory.preInstantiateSingleton(DefaultListableBeanFactory.java:1184) ~[spring-beans-7.0.2.jar:7.0.2]
	at org.springframework.beans.factory.support.DefaultListableBeanFactory.preInstantiateSingletons(DefaultListableBeanFactory.java:1121) ~[spring-beans-7.0.2.jar:7.0.2]
	at org.springframework.context.support.AbstractApplicationContext.finishBeanFactoryInitialization(AbstractApplicationContext.java:993) ~[spring-context-7.0.2.jar:7.0.2]
	at org.springframework.context.support.AbstractApplicationContext.refresh(AbstractApplicationContext.java:620) ~[spring-context-7.0.2.jar:7.0.2]
	at org.springframework.boot.web.server.servlet.context.ServletWebServerApplicationContext.refresh(ServletWebServerApplicationContext.java:143) ~[spring-boot-web-server-4.0.1.jar:4.0.1]
	at org.springframework.boot.SpringApplication.refresh(SpringApplication.java:756) ~[spring-boot-4.0.1.jar:4.0.1]
	at org.springframework.boot.SpringApplication.refreshContext(SpringApplication.java:445) ~[spring-boot-4.0.1.jar:4.0.1]
	at org.springframework.boot.SpringApplication.run(SpringApplication.java:321) ~[spring-boot-4.0.1.jar:4.0.1]
	at org.springframework.boot.SpringApplication.run(SpringApplication.java:1365) ~[spring-boot-4.0.1.jar:4.0.1]
	at org.springframework.boot.SpringApplication.run(SpringApplication.java:1354) ~[spring-boot-4.0.1.jar:4.0.1]
	at com.cts.ImsApplication.main(ImsApplication.java:10) ~[classes/:na]
	at java.base/jdk.internal.reflect.DirectMethodHandleAccessor.invoke(DirectMethodHandleAccessor.java:103) ~[na:na]
	at java.base/java.lang.reflect.Method.invoke(Method.java:580) ~[na:na]
	at org.springframework.boot.devtools.restart.RestartLauncher.run(RestartLauncher.java:52) ~[spring-boot-devtools-4.0.1.jar:4.0.1]
Caused by: org.springframework.beans.factory.UnsatisfiedDependencyException: Error creating bean with name 'managementSecurityFilterChain' defined in class path resource [org/springframework/boot/security/autoconfigure/actuate/web/servlet/ManagementWebSecurityAutoConfiguration.class]: Unsatisfied dependency expressed through method 'managementSecurityFilterChain' parameter 1: Error creating bean with name 'org.springframework.security.config.annotation.web.configuration.HttpSecurityConfiguration.httpSecurity' defined in class path resource [org/springframework/security/config/annotation/web/configuration/HttpSecurityConfiguration.class]: Failed to instantiate [org.springframework.security.config.annotation.web.builders.HttpSecurity]: Factory method 'httpSecurity' threw exception with message: Bean named 'userDetailsService' is expected to be of type 'org.springframework.security.core.userdetails.UserDetailsService' but was actually of type 'org.springframework.beans.factory.support.NullBean'
	at org.springframework.beans.factory.support.ConstructorResolver.createArgumentArray(ConstructorResolver.java:804) ~[spring-beans-7.0.2.jar:7.0.2]
	at org.springframework.beans.factory.support.ConstructorResolver.instantiateUsingFactoryMethod(ConstructorResolver.java:546) ~[spring-beans-7.0.2.jar:7.0.2]
	at org.springframework.beans.factory.support.AbstractAutowireCapableBeanFactory.instantiateUsingFactoryMethod(AbstractAutowireCapableBeanFactory.java:1362) ~[spring-beans-7.0.2.jar:7.0.2]
	at org.springframework.beans.factory.support.AbstractAutowireCapableBeanFactory.createBeanInstance(AbstractAutowireCapableBeanFactory.java:1194) ~[spring-beans-7.0.2.jar:7.0.2]
	at org.springframework.beans.factory.support.AbstractAutowireCapableBeanFactory.doCreateBean(AbstractAutowireCapableBeanFactory.java:565) ~[spring-beans-7.0.2.jar:7.0.2]
	at org.springframework.beans.factory.support.AbstractAutowireCapableBeanFactory.createBean(AbstractAutowireCapableBeanFactory.java:525) ~[spring-beans-7.0.2.jar:7.0.2]
	at org.springframework.beans.factory.support.AbstractBeanFactory.lambda$doGetBean$0(AbstractBeanFactory.java:333) ~[spring-beans-7.0.2.jar:7.0.2]
	at org.springframework.beans.factory.support.DefaultSingletonBeanRegistry.getSingleton(DefaultSingletonBeanRegistry.java:371) ~[spring-beans-7.0.2.jar:7.0.2]
	at org.springframework.beans.factory.support.AbstractBeanFactory.doGetBean(AbstractBeanFactory.java:331) ~[spring-beans-7.0.2.jar:7.0.2]
	at org.springframework.beans.factory.support.AbstractBeanFactory.getBean(AbstractBeanFactory.java:201) ~[spring-beans-7.0.2.jar:7.0.2]
	at org.springframework.beans.factory.config.DependencyDescriptor.resolveCandidate(DependencyDescriptor.java:229) ~[spring-beans-7.0.2.jar:7.0.2]
	at org.springframework.beans.factory.support.DefaultListableBeanFactory.addCandidateEntry(DefaultListableBeanFactory.java:2008) ~[spring-beans-7.0.2.jar:7.0.2]
	at org.springframework.beans.factory.support.DefaultListableBeanFactory.findAutowireCandidates(DefaultListableBeanFactory.java:1971) ~[spring-beans-7.0.2.jar:7.0.2]
	at org.springframework.beans.factory.support.DefaultListableBeanFactory.resolveMultipleBeanCollection(DefaultListableBeanFactory.java:1863) ~[spring-beans-7.0.2.jar:7.0.2]
	at org.springframework.beans.factory.support.DefaultListableBeanFactory.resolveMultipleBeans(DefaultListableBeanFactory.java:1833) ~[spring-beans-7.0.2.jar:7.0.2]
	at org.springframework.beans.factory.support.DefaultListableBeanFactory.doResolveDependency(DefaultListableBeanFactory.java:1711) ~[spring-beans-7.0.2.jar:7.0.2]
	at org.springframework.beans.factory.support.DefaultListableBeanFactory.resolveDependency(DefaultListableBeanFactory.java:1651) ~[spring-beans-7.0.2.jar:7.0.2]
	at org.springframework.beans.factory.annotation.AutowiredAnnotationBeanPostProcessor$AutowiredMethodElement.resolveMethodArguments(AutowiredAnnotationBeanPostProcessor.java:863) ~[spring-beans-7.0.2.jar:7.0.2]
	... 25 common frames omitted
Caused by: org.springframework.beans.factory.BeanCreationException: Error creating bean with name 'org.springframework.security.config.annotation.web.configuration.HttpSecurityConfiguration.httpSecurity' defined in class path resource [org/springframework/security/config/annotation/web/configuration/HttpSecurityConfiguration.class]: Failed to instantiate [org.springframework.security.config.annotation.web.builders.HttpSecurity]: Factory method 'httpSecurity' threw exception with message: Bean named 'userDetailsService' is expected to be of type 'org.springframework.security.core.userdetails.UserDetailsService' but was actually of type 'org.springframework.beans.factory.support.NullBean'
	at org.springframework.beans.factory.support.ConstructorResolver.instantiate(ConstructorResolver.java:657) ~[spring-beans-7.0.2.jar:7.0.2]
	at org.springframework.beans.factory.support.ConstructorResolver.instantiateUsingFactoryMethod(ConstructorResolver.java:489) ~[spring-beans-7.0.2.jar:7.0.2]
	at org.springframework.beans.factory.support.AbstractAutowireCapableBeanFactory.instantiateUsingFactoryMethod(AbstractAutowireCapableBeanFactory.java:1362) ~[spring-beans-7.0.2.jar:7.0.2]
	at org.springframework.beans.factory.support.AbstractAutowireCapableBeanFactory.createBeanInstance(AbstractAutowireCapableBeanFactory.java:1194) ~[spring-beans-7.0.2.jar:7.0.2]
	at org.springframework.beans.factory.support.AbstractAutowireCapableBeanFactory.doCreateBean(AbstractAutowireCapableBeanFactory.java:565) ~[spring-beans-7.0.2.jar:7.0.2]
	at org.springframework.beans.factory.support.AbstractAutowireCapableBeanFactory.createBean(AbstractAutowireCapableBeanFactory.java:525) ~[spring-beans-7.0.2.jar:7.0.2]
	at org.springframework.beans.factory.support.AbstractBeanFactory.doGetBean(AbstractBeanFactory.java:351) ~[spring-beans-7.0.2.jar:7.0.2]
	at org.springframework.beans.factory.support.AbstractBeanFactory.getBean(AbstractBeanFactory.java:201) ~[spring-beans-7.0.2.jar:7.0.2]
	at org.springframework.beans.factory.config.DependencyDescriptor.resolveCandidate(DependencyDescriptor.java:229) ~[spring-beans-7.0.2.jar:7.0.2]
	at org.springframework.beans.factory.support.DefaultListableBeanFactory.doResolveDependency(DefaultListableBeanFactory.java:1762) ~[spring-beans-7.0.2.jar:7.0.2]
	at org.springframework.beans.factory.support.DefaultListableBeanFactory.resolveDependency(DefaultListableBeanFactory.java:1651) ~[spring-beans-7.0.2.jar:7.0.2]
	at org.springframework.beans.factory.support.ConstructorResolver.resolveAutowiredArgument(ConstructorResolver.java:912) ~[spring-beans-7.0.2.jar:7.0.2]
	at org.springframework.beans.factory.support.ConstructorResolver.createArgumentArray(ConstructorResolver.java:791) ~[spring-beans-7.0.2.jar:7.0.2]
	... 42 common frames omitted
Caused by: org.springframework.beans.BeanInstantiationException: Failed to instantiate [org.springframework.security.config.annotation.web.builders.HttpSecurity]: Factory method 'httpSecurity' threw exception with message: Bean named 'userDetailsService' is expected to be of type 'org.springframework.security.core.userdetails.UserDetailsService' but was actually of type 'org.springframework.beans.factory.support.NullBean'
	at org.springframework.beans.factory.support.SimpleInstantiationStrategy.lambda$instantiate$0(SimpleInstantiationStrategy.java:183) ~[spring-beans-7.0.2.jar:7.0.2]
	at org.springframework.beans.factory.support.SimpleInstantiationStrategy.instantiateWithFactoryMethod(SimpleInstantiationStrategy.java:72) ~[spring-beans-7.0.2.jar:7.0.2]
	at org.springframework.beans.factory.support.SimpleInstantiationStrategy.instantiate(SimpleInstantiationStrategy.java:152) ~[spring-beans-7.0.2.jar:7.0.2]
	at org.springframework.beans.factory.support.ConstructorResolver.instantiate(ConstructorResolver.java:653) ~[spring-beans-7.0.2.jar:7.0.2]
	... 54 common frames omitted
Caused by: org.springframework.beans.factory.BeanNotOfRequiredTypeException: Bean named 'userDetailsService' is expected to be of type 'org.springframework.security.core.userdetails.UserDetailsService' but was actually of type 'org.springframework.beans.factory.support.NullBean'
	at org.springframework.beans.factory.support.AbstractBeanFactory.adaptBeanInstance(AbstractBeanFactory.java:418) ~[spring-beans-7.0.2.jar:7.0.2]
	at org.springframework.beans.factory.support.AbstractBeanFactory.doGetBean(AbstractBeanFactory.java:399) ~[spring-beans-7.0.2.jar:7.0.2]
	at org.springframework.beans.factory.support.AbstractBeanFactory.getBean(AbstractBeanFactory.java:201) ~[spring-beans-7.0.2.jar:7.0.2]
	at org.springframework.context.support.AbstractApplicationContext.getBean(AbstractApplicationContext.java:1284) ~[spring-context-7.0.2.jar:7.0.2]
	at org.springframework.security.config.annotation.authentication.configuration.InitializeUserDetailsBeanManagerConfigurer$InitializeUserDetailsManagerConfigurer.configure(InitializeUserDetailsBeanManagerConfigurer.java:94) ~[spring-security-config-7.0.2.jar:7.0.2]
	at org.springframework.security.config.annotation.authentication.configuration.InitializeUserDetailsBeanManagerConfigurer$InitializeUserDetailsManagerConfigurer.configure(InitializeUserDetailsBeanManagerConfigurer.java:63) ~[spring-security-config-7.0.2.jar:7.0.2]
	at org.springframework.security.config.annotation.AbstractConfiguredSecurityBuilder.configure(AbstractConfiguredSecurityBuilder.java:386) ~[spring-security-config-7.0.2.jar:7.0.2]
	at org.springframework.security.config.annotation.AbstractConfiguredSecurityBuilder.doBuild(AbstractConfiguredSecurityBuilder.java:336) ~[spring-security-config-7.0.2.jar:7.0.2]
	at org.springframework.security.config.annotation.AbstractSecurityBuilder.build(AbstractSecurityBuilder.java:38) ~[spring-security-config-7.0.2.jar:7.0.2]
	at org.springframework.security.config.annotation.authentication.configuration.AuthenticationConfiguration.getAuthenticationManager(AuthenticationConfiguration.java:121) ~[spring-security-config-7.0.2.jar:7.0.2]
	at org.springframework.security.config.annotation.web.configuration.HttpSecurityConfiguration.authenticationManager(HttpSecurityConfiguration.java:152) ~[spring-security-config-7.0.2.jar:7.0.2]
	at org.springframework.security.config.annotation.web.configuration.HttpSecurityConfiguration.httpSecurity(HttpSecurityConfiguration.java:119) ~[spring-security-config-7.0.2.jar:7.0.2]
	at java.base/jdk.internal.reflect.DirectMethodHandleAccessor.invoke(DirectMethodHandleAccessor.java:103) ~[na:na]
	at java.base/java.lang.reflect.Method.invoke(Method.java:580) ~[na:na]
	at org.springframework.beans.factory.support.SimpleInstantiationStrategy.lambda$instantiate$0(SimpleInstantiationStrategy.java:155) ~[spring-beans-7.0.2.jar:7.0.2]
	... 57 common frames omitted

2026-01-21T12:19:22.623+05:30  INFO 6324 --- [ims] [restartedMain] com.cts.ImsApplication                   : Starting ImsApplication using Java 21.0.6 with PID 6324 (C:\Users\2393375\Documents\ADM2026\Backend\ims\target\classes started by 2393375 in C:\Users\2393375\Documents\ADM2026\Backend\ims)
2026-01-21T12:19:22.623+05:30  INFO 6324 --- [ims] [restartedMain] com.cts.ImsApplication                   : No active profile set, falling back to 1 default profile: "default"
2026-01-21T12:19:22.823+05:30  INFO 6324 --- [ims] [restartedMain] .s.d.r.c.RepositoryConfigurationDelegate : Bootstrapping Spring Data JPA repositories in DEFAULT mode.
2026-01-21T12:19:22.835+05:30  INFO 6324 --- [ims] [restartedMain] .s.d.r.c.RepositoryConfigurationDelegate : Finished Spring Data repository scanning in 10 ms. Found 1 JPA repository interface.
2026-01-21T12:19:22.931+05:30  INFO 6324 --- [ims] [restartedMain] o.s.boot.tomcat.TomcatWebServer          : Tomcat initialized with port 8080 (http)
2026-01-21T12:19:22.932+05:30  INFO 6324 --- [ims] [restartedMain] o.apache.catalina.core.StandardService   : Starting service [Tomcat]
2026-01-21T12:19:22.932+05:30  INFO 6324 --- [ims] [restartedMain] o.apache.catalina.core.StandardEngine    : Starting Servlet engine: [Apache Tomcat/11.0.15]
2026-01-21T12:19:22.963+05:30  INFO 6324 --- [ims] [restartedMain] b.w.c.s.WebApplicationContextInitializer : Root WebApplicationContext: initialization completed in 338 ms
2026-01-21T12:19:23.040+05:30  INFO 6324 --- [ims] [restartedMain] org.hibernate.orm.jpa                    : HHH008540: Processing PersistenceUnitInfo [name: default]
2026-01-21T12:19:23.066+05:30  INFO 6324 --- [ims] [restartedMain] o.s.o.j.p.SpringPersistenceUnitInfo      : No LoadTimeWeaver setup: ignoring JPA class transformer
2026-01-21T12:19:23.067+05:30  INFO 6324 --- [ims] [restartedMain] com.zaxxer.hikari.HikariDataSource       : HikariPool-13 - Starting...
2026-01-21T12:19:23.081+05:30  INFO 6324 --- [ims] [restartedMain] com.zaxxer.hikari.pool.HikariPool        : HikariPool-13 - Added connection com.mysql.cj.jdbc.ConnectionImpl@99a3c0b
2026-01-21T12:19:23.082+05:30  INFO 6324 --- [ims] [restartedMain] com.zaxxer.hikari.HikariDataSource       : HikariPool-13 - Start completed.
2026-01-21T12:19:23.083+05:30  INFO 6324 --- [ims] [restartedMain] org.hibernate.orm.connections.pooling    : HHH10001005: Database info:
	Database JDBC URL [jdbc:mysql://localhost:3306/imsdb?createDatabaseIfNotExist=true]
	Database driver: MySQL Connector/J
	Database dialect: MySQLDialect
	Database version: 8.0.43
	Default catalog/schema: imsdb/undefined
	Autocommit mode: undefined/unknown
	Isolation level: REPEATABLE_READ [default REPEATABLE_READ]
	JDBC fetch size: none
	Pool: DataSourceConnectionProvider
	Minimum pool size: undefined/unknown
	Maximum pool size: undefined/unknown
2026-01-21T12:19:23.130+05:30  INFO 6324 --- [ims] [restartedMain] org.hibernate.orm.core                   : HHH000489: No JTA platform available (set 'hibernate.transaction.jta.platform' to enable JTA platform integration)
2026-01-21T12:19:23.142+05:30  INFO 6324 --- [ims] [restartedMain] j.LocalContainerEntityManagerFactoryBean : Initialized JPA EntityManagerFactory for persistence unit 'default'
2026-01-21T12:19:23.211+05:30  WARN 6324 --- [ims] [restartedMain] JpaBaseConfiguration$JpaWebConfiguration : spring.jpa.open-in-view is enabled by default. Therefore, database queries may be performed during view rendering. Explicitly configure spring.jpa.open-in-view to disable this warning
2026-01-21T12:19:23.235+05:30  WARN 6324 --- [ims] [restartedMain] ConfigServletWebServerApplicationContext : Exception encountered during context initialization - cancelling refresh attempt: org.springframework.beans.factory.UnsatisfiedDependencyException: Error creating bean with name 'org.springframework.security.config.annotation.web.configuration.WebSecurityConfiguration': Unsatisfied dependency expressed through method 'setFilterChains' parameter 0: Error creating bean with name 'managementSecurityFilterChain' defined in class path resource [org/springframework/boot/security/autoconfigure/actuate/web/servlet/ManagementWebSecurityAutoConfiguration.class]: Unsatisfied dependency expressed through method 'managementSecurityFilterChain' parameter 1: Error creating bean with name 'org.springframework.security.config.annotation.web.configuration.HttpSecurityConfiguration.httpSecurity' defined in class path resource [org/springframework/security/config/annotation/web/configuration/HttpSecurityConfiguration.class]: Failed to instantiate [org.springframework.security.config.annotation.web.builders.HttpSecurity]: Factory method 'httpSecurity' threw exception with message: Error creating bean with name 'userDetailsService' defined in class path resource [com/cts/config/AppSecurityConfig.class]: Failed to instantiate [org.springframework.security.core.userdetails.UserDetailsService]: Factory method 'userDetailsService' threw exception with message: Unresolved compilation problem: 
	The constructor InMemoryUserDetailsManager(Collection<UserDetails>) is ambiguous

2026-01-21T12:19:23.235+05:30  INFO 6324 --- [ims] [restartedMain] j.LocalContainerEntityManagerFactoryBean : Closing JPA EntityManagerFactory for persistence unit 'default'
2026-01-21T12:19:23.235+05:30  INFO 6324 --- [ims] [restartedMain] com.zaxxer.hikari.HikariDataSource       : HikariPool-13 - Shutdown initiated...
2026-01-21T12:19:23.245+05:30  INFO 6324 --- [ims] [restartedMain] com.zaxxer.hikari.HikariDataSource       : HikariPool-13 - Shutdown completed.
2026-01-21T12:19:23.246+05:30  INFO 6324 --- [ims] [restartedMain] o.apache.catalina.core.StandardService   : Stopping service [Tomcat]
2026-01-21T12:19:23.254+05:30  INFO 6324 --- [ims] [restartedMain] .s.b.a.l.ConditionEvaluationReportLogger : 

Error starting ApplicationContext. To display the condition evaluation report re-run your application with 'debug' enabled.
2026-01-21T12:19:23.263+05:30 ERROR 6324 --- [ims] [restartedMain] o.s.boot.SpringApplication               : Application run failed

org.springframework.beans.factory.UnsatisfiedDependencyException: Error creating bean with name 'org.springframework.security.config.annotation.web.configuration.WebSecurityConfiguration': Unsatisfied dependency expressed through method 'setFilterChains' parameter 0: Error creating bean with name 'managementSecurityFilterChain' defined in class path resource [org/springframework/boot/security/autoconfigure/actuate/web/servlet/ManagementWebSecurityAutoConfiguration.class]: Unsatisfied dependency expressed through method 'managementSecurityFilterChain' parameter 1: Error creating bean with name 'org.springframework.security.config.annotation.web.configuration.HttpSecurityConfiguration.httpSecurity' defined in class path resource [org/springframework/security/config/annotation/web/configuration/HttpSecurityConfiguration.class]: Failed to instantiate [org.springframework.security.config.annotation.web.builders.HttpSecurity]: Factory method 'httpSecurity' threw exception with message: Error creating bean with name 'userDetailsService' defined in class path resource [com/cts/config/AppSecurityConfig.class]: Failed to instantiate [org.springframework.security.core.userdetails.UserDetailsService]: Factory method 'userDetailsService' threw exception with message: Unresolved compilation problem: 
	The constructor InMemoryUserDetailsManager(Collection<UserDetails>) is ambiguous

	at org.springframework.beans.factory.annotation.AutowiredAnnotationBeanPostProcessor$AutowiredMethodElement.resolveMethodArguments(AutowiredAnnotationBeanPostProcessor.java:871) ~[spring-beans-7.0.2.jar:7.0.2]
	at org.springframework.beans.factory.annotation.AutowiredAnnotationBeanPostProcessor$AutowiredMethodElement.inject(AutowiredAnnotationBeanPostProcessor.java:826) ~[spring-beans-7.0.2.jar:7.0.2]
	at org.springframework.beans.factory.annotation.InjectionMetadata.inject(InjectionMetadata.java:146) ~[spring-beans-7.0.2.jar:7.0.2]
	at org.springframework.beans.factory.annotation.AutowiredAnnotationBeanPostProcessor.postProcessProperties(AutowiredAnnotationBeanPostProcessor.java:492) ~[spring-beans-7.0.2.jar:7.0.2]
	at org.springframework.beans.factory.support.AbstractAutowireCapableBeanFactory.populateBean(AbstractAutowireCapableBeanFactory.java:1446) ~[spring-beans-7.0.2.jar:7.0.2]
	at org.springframework.beans.factory.support.AbstractAutowireCapableBeanFactory.doCreateBean(AbstractAutowireCapableBeanFactory.java:602) ~[spring-beans-7.0.2.jar:7.0.2]
	at org.springframework.beans.factory.support.AbstractAutowireCapableBeanFactory.createBean(AbstractAutowireCapableBeanFactory.java:525) ~[spring-beans-7.0.2.jar:7.0.2]
	at org.springframework.beans.factory.support.AbstractBeanFactory.lambda$doGetBean$0(AbstractBeanFactory.java:333) ~[spring-beans-7.0.2.jar:7.0.2]
	at org.springframework.beans.factory.support.DefaultSingletonBeanRegistry.getSingleton(DefaultSingletonBeanRegistry.java:371) ~[spring-beans-7.0.2.jar:7.0.2]
	at org.springframework.beans.factory.support.AbstractBeanFactory.doGetBean(AbstractBeanFactory.java:331) ~[spring-beans-7.0.2.jar:7.0.2]
	at org.springframework.beans.factory.support.AbstractBeanFactory.getBean(AbstractBeanFactory.java:196) ~[spring-beans-7.0.2.jar:7.0.2]
	at org.springframework.beans.factory.support.DefaultListableBeanFactory.instantiateSingleton(DefaultListableBeanFactory.java:1218) ~[spring-beans-7.0.2.jar:7.0.2]
	at org.springframework.beans.factory.support.DefaultListableBeanFactory.preInstantiateSingleton(DefaultListableBeanFactory.java:1184) ~[spring-beans-7.0.2.jar:7.0.2]
	at org.springframework.beans.factory.support.DefaultListableBeanFactory.preInstantiateSingletons(DefaultListableBeanFactory.java:1121) ~[spring-beans-7.0.2.jar:7.0.2]
	at org.springframework.context.support.AbstractApplicationContext.finishBeanFactoryInitialization(AbstractApplicationContext.java:993) ~[spring-context-7.0.2.jar:7.0.2]
	at org.springframework.context.support.AbstractApplicationContext.refresh(AbstractApplicationContext.java:620) ~[spring-context-7.0.2.jar:7.0.2]
	at org.springframework.boot.web.server.servlet.context.ServletWebServerApplicationContext.refresh(ServletWebServerApplicationContext.java:143) ~[spring-boot-web-server-4.0.1.jar:4.0.1]
	at org.springframework.boot.SpringApplication.refresh(SpringApplication.java:756) ~[spring-boot-4.0.1.jar:4.0.1]
	at org.springframework.boot.SpringApplication.refreshContext(SpringApplication.java:445) ~[spring-boot-4.0.1.jar:4.0.1]
	at org.springframework.boot.SpringApplication.run(SpringApplication.java:321) ~[spring-boot-4.0.1.jar:4.0.1]
	at org.springframework.boot.SpringApplication.run(SpringApplication.java:1365) ~[spring-boot-4.0.1.jar:4.0.1]
	at org.springframework.boot.SpringApplication.run(SpringApplication.java:1354) ~[spring-boot-4.0.1.jar:4.0.1]
	at com.cts.ImsApplication.main(ImsApplication.java:10) ~[classes/:na]
	at java.base/jdk.internal.reflect.DirectMethodHandleAccessor.invoke(DirectMethodHandleAccessor.java:103) ~[na:na]
	at java.base/java.lang.reflect.Method.invoke(Method.java:580) ~[na:na]
	at org.springframework.boot.devtools.restart.RestartLauncher.run(RestartLauncher.java:52) ~[spring-boot-devtools-4.0.1.jar:4.0.1]
Caused by: org.springframework.beans.factory.UnsatisfiedDependencyException: Error creating bean with name 'managementSecurityFilterChain' defined in class path resource [org/springframework/boot/security/autoconfigure/actuate/web/servlet/ManagementWebSecurityAutoConfiguration.class]: Unsatisfied dependency expressed through method 'managementSecurityFilterChain' parameter 1: Error creating bean with name 'org.springframework.security.config.annotation.web.configuration.HttpSecurityConfiguration.httpSecurity' defined in class path resource [org/springframework/security/config/annotation/web/configuration/HttpSecurityConfiguration.class]: Failed to instantiate [org.springframework.security.config.annotation.web.builders.HttpSecurity]: Factory method 'httpSecurity' threw exception with message: Error creating bean with name 'userDetailsService' defined in class path resource [com/cts/config/AppSecurityConfig.class]: Failed to instantiate [org.springframework.security.core.userdetails.UserDetailsService]: Factory method 'userDetailsService' threw exception with message: Unresolved compilation problem: 
	The constructor InMemoryUserDetailsManager(Collection<UserDetails>) is ambiguous

	at org.springframework.beans.factory.support.ConstructorResolver.createArgumentArray(ConstructorResolver.java:804) ~[spring-beans-7.0.2.jar:7.0.2]
	at org.springframework.beans.factory.support.ConstructorResolver.instantiateUsingFactoryMethod(ConstructorResolver.java:546) ~[spring-beans-7.0.2.jar:7.0.2]
	at org.springframework.beans.factory.support.AbstractAutowireCapableBeanFactory.instantiateUsingFactoryMethod(AbstractAutowireCapableBeanFactory.java:1362) ~[spring-beans-7.0.2.jar:7.0.2]
	at org.springframework.beans.factory.support.AbstractAutowireCapableBeanFactory.createBeanInstance(AbstractAutowireCapableBeanFactory.java:1194) ~[spring-beans-7.0.2.jar:7.0.2]
	at org.springframework.beans.factory.support.AbstractAutowireCapableBeanFactory.doCreateBean(AbstractAutowireCapableBeanFactory.java:565) ~[spring-beans-7.0.2.jar:7.0.2]
	at org.springframework.beans.factory.support.AbstractAutowireCapableBeanFactory.createBean(AbstractAutowireCapableBeanFactory.java:525) ~[spring-beans-7.0.2.jar:7.0.2]
	at org.springframework.beans.factory.support.AbstractBeanFactory.lambda$doGetBean$0(AbstractBeanFactory.java:333) ~[spring-beans-7.0.2.jar:7.0.2]
	at org.springframework.beans.factory.support.DefaultSingletonBeanRegistry.getSingleton(DefaultSingletonBeanRegistry.java:371) ~[spring-beans-7.0.2.jar:7.0.2]
	at org.springframework.beans.factory.support.AbstractBeanFactory.doGetBean(AbstractBeanFactory.java:331) ~[spring-beans-7.0.2.jar:7.0.2]
	at org.springframework.beans.factory.support.AbstractBeanFactory.getBean(AbstractBeanFactory.java:201) ~[spring-beans-7.0.2.jar:7.0.2]
	at org.springframework.beans.factory.config.DependencyDescriptor.resolveCandidate(DependencyDescriptor.java:229) ~[spring-beans-7.0.2.jar:7.0.2]
	at org.springframework.beans.factory.support.DefaultListableBeanFactory.addCandidateEntry(DefaultListableBeanFactory.java:2008) ~[spring-beans-7.0.2.jar:7.0.2]
	at org.springframework.beans.factory.support.DefaultListableBeanFactory.findAutowireCandidates(DefaultListableBeanFactory.java:1971) ~[spring-beans-7.0.2.jar:7.0.2]
	at org.springframework.beans.factory.support.DefaultListableBeanFactory.resolveMultipleBeanCollection(DefaultListableBeanFactory.java:1863) ~[spring-beans-7.0.2.jar:7.0.2]
	at org.springframework.beans.factory.support.DefaultListableBeanFactory.resolveMultipleBeans(DefaultListableBeanFactory.java:1833) ~[spring-beans-7.0.2.jar:7.0.2]
	at org.springframework.beans.factory.support.DefaultListableBeanFactory.doResolveDependency(DefaultListableBeanFactory.java:1711) ~[spring-beans-7.0.2.jar:7.0.2]
	at org.springframework.beans.factory.support.DefaultListableBeanFactory.resolveDependency(DefaultListableBeanFactory.java:1651) ~[spring-beans-7.0.2.jar:7.0.2]
	at org.springframework.beans.factory.annotation.AutowiredAnnotationBeanPostProcessor$AutowiredMethodElement.resolveMethodArguments(AutowiredAnnotationBeanPostProcessor.java:863) ~[spring-beans-7.0.2.jar:7.0.2]
	... 25 common frames omitted
Caused by: org.springframework.beans.factory.BeanCreationException: Error creating bean with name 'org.springframework.security.config.annotation.web.configuration.HttpSecurityConfiguration.httpSecurity' defined in class path resource [org/springframework/security/config/annotation/web/configuration/HttpSecurityConfiguration.class]: Failed to instantiate [org.springframework.security.config.annotation.web.builders.HttpSecurity]: Factory method 'httpSecurity' threw exception with message: Error creating bean with name 'userDetailsService' defined in class path resource [com/cts/config/AppSecurityConfig.class]: Failed to instantiate [org.springframework.security.core.userdetails.UserDetailsService]: Factory method 'userDetailsService' threw exception with message: Unresolved compilation problem: 
	The constructor InMemoryUserDetailsManager(Collection<UserDetails>) is ambiguous

	at org.springframework.beans.factory.support.ConstructorResolver.instantiate(ConstructorResolver.java:657) ~[spring-beans-7.0.2.jar:7.0.2]
	at org.springframework.beans.factory.support.ConstructorResolver.instantiateUsingFactoryMethod(ConstructorResolver.java:489) ~[spring-beans-7.0.2.jar:7.0.2]
	at org.springframework.beans.factory.support.AbstractAutowireCapableBeanFactory.instantiateUsingFactoryMethod(AbstractAutowireCapableBeanFactory.java:1362) ~[spring-beans-7.0.2.jar:7.0.2]
	at org.springframework.beans.factory.support.AbstractAutowireCapableBeanFactory.createBeanInstance(AbstractAutowireCapableBeanFactory.java:1194) ~[spring-beans-7.0.2.jar:7.0.2]
	at org.springframework.beans.factory.support.AbstractAutowireCapableBeanFactory.doCreateBean(AbstractAutowireCapableBeanFactory.java:565) ~[spring-beans-7.0.2.jar:7.0.2]
	at org.springframework.beans.factory.support.AbstractAutowireCapableBeanFactory.createBean(AbstractAutowireCapableBeanFactory.java:525) ~[spring-beans-7.0.2.jar:7.0.2]
	at org.springframework.beans.factory.support.AbstractBeanFactory.doGetBean(AbstractBeanFactory.java:351) ~[spring-beans-7.0.2.jar:7.0.2]
	at org.springframework.beans.factory.support.AbstractBeanFactory.getBean(AbstractBeanFactory.java:201) ~[spring-beans-7.0.2.jar:7.0.2]
	at org.springframework.beans.factory.config.DependencyDescriptor.resolveCandidate(DependencyDescriptor.java:229) ~[spring-beans-7.0.2.jar:7.0.2]
	at org.springframework.beans.factory.support.DefaultListableBeanFactory.doResolveDependency(DefaultListableBeanFactory.java:1762) ~[spring-beans-7.0.2.jar:7.0.2]
	at org.springframework.beans.factory.support.DefaultListableBeanFactory.resolveDependency(DefaultListableBeanFactory.java:1651) ~[spring-beans-7.0.2.jar:7.0.2]
	at org.springframework.beans.factory.support.ConstructorResolver.resolveAutowiredArgument(ConstructorResolver.java:912) ~[spring-beans-7.0.2.jar:7.0.2]
	at org.springframework.beans.factory.support.ConstructorResolver.createArgumentArray(ConstructorResolver.java:791) ~[spring-beans-7.0.2.jar:7.0.2]
	... 42 common frames omitted
Caused by: org.springframework.beans.BeanInstantiationException: Failed to instantiate [org.springframework.security.config.annotation.web.builders.HttpSecurity]: Factory method 'httpSecurity' threw exception with message: Error creating bean with name 'userDetailsService' defined in class path resource [com/cts/config/AppSecurityConfig.class]: Failed to instantiate [org.springframework.security.core.userdetails.UserDetailsService]: Factory method 'userDetailsService' threw exception with message: Unresolved compilation problem: 
	The constructor InMemoryUserDetailsManager(Collection<UserDetails>) is ambiguous

	at org.springframework.beans.factory.support.SimpleInstantiationStrategy.lambda$instantiate$0(SimpleInstantiationStrategy.java:183) ~[spring-beans-7.0.2.jar:7.0.2]
	at org.springframework.beans.factory.support.SimpleInstantiationStrategy.instantiateWithFactoryMethod(SimpleInstantiationStrategy.java:72) ~[spring-beans-7.0.2.jar:7.0.2]
	at org.springframework.beans.factory.support.SimpleInstantiationStrategy.instantiate(SimpleInstantiationStrategy.java:152) ~[spring-beans-7.0.2.jar:7.0.2]
	at org.springframework.beans.factory.support.ConstructorResolver.instantiate(ConstructorResolver.java:653) ~[spring-beans-7.0.2.jar:7.0.2]
	... 54 common frames omitted
Caused by: org.springframework.beans.factory.BeanCreationException: Error creating bean with name 'userDetailsService' defined in class path resource [com/cts/config/AppSecurityConfig.class]: Failed to instantiate [org.springframework.security.core.userdetails.UserDetailsService]: Factory method 'userDetailsService' threw exception with message: Unresolved compilation problem: 
	The constructor InMemoryUserDetailsManager(Collection<UserDetails>) is ambiguous

	at org.springframework.beans.factory.support.ConstructorResolver.instantiate(ConstructorResolver.java:657) ~[spring-beans-7.0.2.jar:7.0.2]
	at org.springframework.beans.factory.support.ConstructorResolver.instantiateUsingFactoryMethod(ConstructorResolver.java:489) ~[spring-beans-7.0.2.jar:7.0.2]
	at org.springframework.beans.factory.support.AbstractAutowireCapableBeanFactory.instantiateUsingFactoryMethod(AbstractAutowireCapableBeanFactory.java:1362) ~[spring-beans-7.0.2.jar:7.0.2]
	at org.springframework.beans.factory.support.AbstractAutowireCapableBeanFactory.createBeanInstance(AbstractAutowireCapableBeanFactory.java:1194) ~[spring-beans-7.0.2.jar:7.0.2]
	at org.springframework.beans.factory.support.AbstractAutowireCapableBeanFactory.doCreateBean(AbstractAutowireCapableBeanFactory.java:565) ~[spring-beans-7.0.2.jar:7.0.2]
	at org.springframework.beans.factory.support.AbstractAutowireCapableBeanFactory.createBean(AbstractAutowireCapableBeanFactory.java:525) ~[spring-beans-7.0.2.jar:7.0.2]
	at org.springframework.beans.factory.support.AbstractBeanFactory.lambda$doGetBean$0(AbstractBeanFactory.java:333) ~[spring-beans-7.0.2.jar:7.0.2]
	at org.springframework.beans.factory.support.DefaultSingletonBeanRegistry.getSingleton(DefaultSingletonBeanRegistry.java:371) ~[spring-beans-7.0.2.jar:7.0.2]
	at org.springframework.beans.factory.support.AbstractBeanFactory.doGetBean(AbstractBeanFactory.java:331) ~[spring-beans-7.0.2.jar:7.0.2]
	at org.springframework.beans.factory.support.AbstractBeanFactory.getBean(AbstractBeanFactory.java:201) ~[spring-beans-7.0.2.jar:7.0.2]
	at org.springframework.context.support.AbstractApplicationContext.getBean(AbstractApplicationContext.java:1284) ~[spring-context-7.0.2.jar:7.0.2]
	at org.springframework.security.config.annotation.authentication.configuration.InitializeUserDetailsBeanManagerConfigurer$InitializeUserDetailsManagerConfigurer.configure(InitializeUserDetailsBeanManagerConfigurer.java:94) ~[spring-security-config-7.0.2.jar:7.0.2]
	at org.springframework.security.config.annotation.authentication.configuration.InitializeUserDetailsBeanManagerConfigurer$InitializeUserDetailsManagerConfigurer.configure(InitializeUserDetailsBeanManagerConfigurer.java:63) ~[spring-security-config-7.0.2.jar:7.0.2]
	at org.springframework.security.config.annotation.AbstractConfiguredSecurityBuilder.configure(AbstractConfiguredSecurityBuilder.java:386) ~[spring-security-config-7.0.2.jar:7.0.2]
	at org.springframework.security.config.annotation.AbstractConfiguredSecurityBuilder.doBuild(AbstractConfiguredSecurityBuilder.java:336) ~[spring-security-config-7.0.2.jar:7.0.2]
	at org.springframework.security.config.annotation.AbstractSecurityBuilder.build(AbstractSecurityBuilder.java:38) ~[spring-security-config-7.0.2.jar:7.0.2]
	at org.springframework.security.config.annotation.authentication.configuration.AuthenticationConfiguration.getAuthenticationManager(AuthenticationConfiguration.java:121) ~[spring-security-config-7.0.2.jar:7.0.2]
	at org.springframework.security.config.annotation.web.configuration.HttpSecurityConfiguration.authenticationManager(HttpSecurityConfiguration.java:152) ~[spring-security-config-7.0.2.jar:7.0.2]
	at org.springframework.security.config.annotation.web.configuration.HttpSecurityConfiguration.httpSecurity(HttpSecurityConfiguration.java:119) ~[spring-security-config-7.0.2.jar:7.0.2]
	at java.base/jdk.internal.reflect.DirectMethodHandleAccessor.invoke(DirectMethodHandleAccessor.java:103) ~[na:na]
	at java.base/java.lang.reflect.Method.invoke(Method.java:580) ~[na:na]
	at org.springframework.beans.factory.support.SimpleInstantiationStrategy.lambda$instantiate$0(SimpleInstantiationStrategy.java:155) ~[spring-beans-7.0.2.jar:7.0.2]
	... 57 common frames omitted
Caused by: org.springframework.beans.BeanInstantiationException: Failed to instantiate [org.springframework.security.core.userdetails.UserDetailsService]: Factory method 'userDetailsService' threw exception with message: Unresolved compilation problem: 
	The constructor InMemoryUserDetailsManager(Collection<UserDetails>) is ambiguous

	at org.springframework.beans.factory.support.SimpleInstantiationStrategy.lambda$instantiate$0(SimpleInstantiationStrategy.java:183) ~[spring-beans-7.0.2.jar:7.0.2]
	at org.springframework.beans.factory.support.SimpleInstantiationStrategy.instantiateWithFactoryMethod(SimpleInstantiationStrategy.java:72) ~[spring-beans-7.0.2.jar:7.0.2]
	at org.springframework.beans.factory.support.SimpleInstantiationStrategy.instantiate(SimpleInstantiationStrategy.java:152) ~[spring-beans-7.0.2.jar:7.0.2]
	at org.springframework.beans.factory.support.ConstructorResolver.instantiate(ConstructorResolver.java:653) ~[spring-beans-7.0.2.jar:7.0.2]
	... 78 common frames omitted
Caused by: java.lang.Error: Unresolved compilation problem: 
	The constructor InMemoryUserDetailsManager(Collection<UserDetails>) is ambiguous

	at com.cts.config.AppSecurityConfig.userDetailsService(AppSecurityConfig.java:17) ~[classes/:na]
	at com.cts.config.AppSecurityConfig$$SpringCGLIB$$0.CGLIB$userDetailsService$0(<generated>) ~[classes/:na]
	at com.cts.config.AppSecurityConfig$$SpringCGLIB$$FastClass$$1.invoke(<generated>) ~[classes/:na]
	at org.springframework.cglib.proxy.MethodProxy.invokeSuper(MethodProxy.java:258) ~[spring-core-7.0.2.jar:7.0.2]
	at org.springframework.context.annotation.ConfigurationClassEnhancer$BeanMethodInterceptor.intercept(ConfigurationClassEnhancer.java:398) ~[spring-context-7.0.2.jar:7.0.2]
	at com.cts.config.AppSecurityConfig$$SpringCGLIB$$0.userDetailsService(<generated>) ~[classes/:na]
	at java.base/jdk.internal.reflect.DirectMethodHandleAccessor.invoke(DirectMethodHandleAccessor.java:103) ~[na:na]
	at java.base/java.lang.reflect.Method.invoke(Method.java:580) ~[na:na]
	at org.springframework.beans.factory.support.SimpleInstantiationStrategy.lambda$instantiate$0(SimpleInstantiationStrategy.java:155) ~[spring-beans-7.0.2.jar:7.0.2]
	... 81 common frames omitted

2026-01-21T12:20:08.118+05:30  INFO 6324 --- [ims] [restartedMain] com.cts.ImsApplication                   : Starting ImsApplication using Java 21.0.6 with PID 6324 (C:\Users\2393375\Documents\ADM2026\Backend\ims\target\classes started by 2393375 in C:\Users\2393375\Documents\ADM2026\Backend\ims)
2026-01-21T12:20:08.118+05:30  INFO 6324 --- [ims] [restartedMain] com.cts.ImsApplication                   : No active profile set, falling back to 1 default profile: "default"
2026-01-21T12:20:08.344+05:30  INFO 6324 --- [ims] [restartedMain] .s.d.r.c.RepositoryConfigurationDelegate : Bootstrapping Spring Data JPA repositories in DEFAULT mode.
2026-01-21T12:20:08.352+05:30  INFO 6324 --- [ims] [restartedMain] .s.d.r.c.RepositoryConfigurationDelegate : Finished Spring Data repository scanning in 7 ms. Found 1 JPA repository interface.
2026-01-21T12:20:08.470+05:30  INFO 6324 --- [ims] [restartedMain] o.s.boot.tomcat.TomcatWebServer          : Tomcat initialized with port 8080 (http)
2026-01-21T12:20:08.470+05:30  INFO 6324 --- [ims] [restartedMain] o.apache.catalina.core.StandardService   : Starting service [Tomcat]
2026-01-21T12:20:08.470+05:30  INFO 6324 --- [ims] [restartedMain] o.apache.catalina.core.StandardEngine    : Starting Servlet engine: [Apache Tomcat/11.0.15]
2026-01-21T12:20:08.498+05:30  INFO 6324 --- [ims] [restartedMain] b.w.c.s.WebApplicationContextInitializer : Root WebApplicationContext: initialization completed in 376 ms
2026-01-21T12:20:08.597+05:30  INFO 6324 --- [ims] [restartedMain] org.hibernate.orm.jpa                    : HHH008540: Processing PersistenceUnitInfo [name: default]
2026-01-21T12:20:08.641+05:30  INFO 6324 --- [ims] [restartedMain] o.s.o.j.p.SpringPersistenceUnitInfo      : No LoadTimeWeaver setup: ignoring JPA class transformer
2026-01-21T12:20:08.643+05:30  INFO 6324 --- [ims] [restartedMain] com.zaxxer.hikari.HikariDataSource       : HikariPool-14 - Starting...
2026-01-21T12:20:08.656+05:30  INFO 6324 --- [ims] [restartedMain] com.zaxxer.hikari.pool.HikariPool        : HikariPool-14 - Added connection com.mysql.cj.jdbc.ConnectionImpl@401adbab
2026-01-21T12:20:08.657+05:30  INFO 6324 --- [ims] [restartedMain] com.zaxxer.hikari.HikariDataSource       : HikariPool-14 - Start completed.
2026-01-21T12:20:08.658+05:30  INFO 6324 --- [ims] [restartedMain] org.hibernate.orm.connections.pooling    : HHH10001005: Database info:
	Database JDBC URL [jdbc:mysql://localhost:3306/imsdb?createDatabaseIfNotExist=true]
	Database driver: MySQL Connector/J
	Database dialect: MySQLDialect
	Database version: 8.0.43
	Default catalog/schema: imsdb/undefined
	Autocommit mode: undefined/unknown
	Isolation level: REPEATABLE_READ [default REPEATABLE_READ]
	JDBC fetch size: none
	Pool: DataSourceConnectionProvider
	Minimum pool size: undefined/unknown
	Maximum pool size: undefined/unknown
2026-01-21T12:20:08.686+05:30  INFO 6324 --- [ims] [restartedMain] org.hibernate.orm.core                   : HHH000489: No JTA platform available (set 'hibernate.transaction.jta.platform' to enable JTA platform integration)
2026-01-21T12:20:08.698+05:30  INFO 6324 --- [ims] [restartedMain] j.LocalContainerEntityManagerFactoryBean : Initialized JPA EntityManagerFactory for persistence unit 'default'
2026-01-21T12:20:08.762+05:30  WARN 6324 --- [ims] [restartedMain] JpaBaseConfiguration$JpaWebConfiguration : spring.jpa.open-in-view is enabled by default. Therefore, database queries may be performed during view rendering. Explicitly configure spring.jpa.open-in-view to disable this warning
2026-01-21T12:20:08.783+05:30  WARN 6324 --- [ims] [restartedMain] ConfigServletWebServerApplicationContext : Exception encountered during context initialization - cancelling refresh attempt: org.springframework.beans.factory.UnsatisfiedDependencyException: Error creating bean with name 'org.springframework.security.config.annotation.web.configuration.WebSecurityConfiguration': Unsatisfied dependency expressed through method 'setFilterChains' parameter 0: Error creating bean with name 'managementSecurityFilterChain' defined in class path resource [org/springframework/boot/security/autoconfigure/actuate/web/servlet/ManagementWebSecurityAutoConfiguration.class]: Unsatisfied dependency expressed through method 'managementSecurityFilterChain' parameter 1: Error creating bean with name 'org.springframework.security.config.annotation.web.configuration.HttpSecurityConfiguration.httpSecurity' defined in class path resource [org/springframework/security/config/annotation/web/configuration/HttpSecurityConfiguration.class]: Failed to instantiate [org.springframework.security.config.annotation.web.builders.HttpSecurity]: Factory method 'httpSecurity' threw exception with message: Error creating bean with name 'userDetailsService' defined in class path resource [com/cts/config/AppSecurityConfig.class]: Failed to instantiate [org.springframework.security.core.userdetails.UserDetailsService]: Factory method 'userDetailsService' threw exception with message: Unresolved compilation problems: 
	Type mismatch: cannot convert from User.UserBuilder to UserDetails
	Syntax error, insert ";" to complete BlockStatements

2026-01-21T12:20:08.783+05:30  INFO 6324 --- [ims] [restartedMain] j.LocalContainerEntityManagerFactoryBean : Closing JPA EntityManagerFactory for persistence unit 'default'
2026-01-21T12:20:08.784+05:30  INFO 6324 --- [ims] [restartedMain] com.zaxxer.hikari.HikariDataSource       : HikariPool-14 - Shutdown initiated...
2026-01-21T12:20:08.805+05:30  INFO 6324 --- [ims] [restartedMain] com.zaxxer.hikari.HikariDataSource       : HikariPool-14 - Shutdown completed.
2026-01-21T12:20:08.806+05:30  INFO 6324 --- [ims] [restartedMain] o.apache.catalina.core.StandardService   : Stopping service [Tomcat]
2026-01-21T12:20:08.817+05:30  INFO 6324 --- [ims] [restartedMain] .s.b.a.l.ConditionEvaluationReportLogger : 

Error starting ApplicationContext. To display the condition evaluation report re-run your application with 'debug' enabled.
2026-01-21T12:20:08.820+05:30 ERROR 6324 --- [ims] [restartedMain] o.s.boot.SpringApplication               : Application run failed

org.springframework.beans.factory.UnsatisfiedDependencyException: Error creating bean with name 'org.springframework.security.config.annotation.web.configuration.WebSecurityConfiguration': Unsatisfied dependency expressed through method 'setFilterChains' parameter 0: Error creating bean with name 'managementSecurityFilterChain' defined in class path resource [org/springframework/boot/security/autoconfigure/actuate/web/servlet/ManagementWebSecurityAutoConfiguration.class]: Unsatisfied dependency expressed through method 'managementSecurityFilterChain' parameter 1: Error creating bean with name 'org.springframework.security.config.annotation.web.configuration.HttpSecurityConfiguration.httpSecurity' defined in class path resource [org/springframework/security/config/annotation/web/configuration/HttpSecurityConfiguration.class]: Failed to instantiate [org.springframework.security.config.annotation.web.builders.HttpSecurity]: Factory method 'httpSecurity' threw exception with message: Error creating bean with name 'userDetailsService' defined in class path resource [com/cts/config/AppSecurityConfig.class]: Failed to instantiate [org.springframework.security.core.userdetails.UserDetailsService]: Factory method 'userDetailsService' threw exception with message: Unresolved compilation problems: 
	Type mismatch: cannot convert from User.UserBuilder to UserDetails
	Syntax error, insert ";" to complete BlockStatements

	at org.springframework.beans.factory.annotation.AutowiredAnnotationBeanPostProcessor$AutowiredMethodElement.resolveMethodArguments(AutowiredAnnotationBeanPostProcessor.java:871) ~[spring-beans-7.0.2.jar:7.0.2]
	at org.springframework.beans.factory.annotation.AutowiredAnnotationBeanPostProcessor$AutowiredMethodElement.inject(AutowiredAnnotationBeanPostProcessor.java:826) ~[spring-beans-7.0.2.jar:7.0.2]
	at org.springframework.beans.factory.annotation.InjectionMetadata.inject(InjectionMetadata.java:146) ~[spring-beans-7.0.2.jar:7.0.2]
	at org.springframework.beans.factory.annotation.AutowiredAnnotationBeanPostProcessor.postProcessProperties(AutowiredAnnotationBeanPostProcessor.java:492) ~[spring-beans-7.0.2.jar:7.0.2]
	at org.springframework.beans.factory.support.AbstractAutowireCapableBeanFactory.populateBean(AbstractAutowireCapableBeanFactory.java:1446) ~[spring-beans-7.0.2.jar:7.0.2]
	at org.springframework.beans.factory.support.AbstractAutowireCapableBeanFactory.doCreateBean(AbstractAutowireCapableBeanFactory.java:602) ~[spring-beans-7.0.2.jar:7.0.2]
	at org.springframework.beans.factory.support.AbstractAutowireCapableBeanFactory.createBean(AbstractAutowireCapableBeanFactory.java:525) ~[spring-beans-7.0.2.jar:7.0.2]
	at org.springframework.beans.factory.support.AbstractBeanFactory.lambda$doGetBean$0(AbstractBeanFactory.java:333) ~[spring-beans-7.0.2.jar:7.0.2]
	at org.springframework.beans.factory.support.DefaultSingletonBeanRegistry.getSingleton(DefaultSingletonBeanRegistry.java:371) ~[spring-beans-7.0.2.jar:7.0.2]
	at org.springframework.beans.factory.support.AbstractBeanFactory.doGetBean(AbstractBeanFactory.java:331) ~[spring-beans-7.0.2.jar:7.0.2]
	at org.springframework.beans.factory.support.AbstractBeanFactory.getBean(AbstractBeanFactory.java:196) ~[spring-beans-7.0.2.jar:7.0.2]
	at org.springframework.beans.factory.support.DefaultListableBeanFactory.instantiateSingleton(DefaultListableBeanFactory.java:1218) ~[spring-beans-7.0.2.jar:7.0.2]
	at org.springframework.beans.factory.support.DefaultListableBeanFactory.preInstantiateSingleton(DefaultListableBeanFactory.java:1184) ~[spring-beans-7.0.2.jar:7.0.2]
	at org.springframework.beans.factory.support.DefaultListableBeanFactory.preInstantiateSingletons(DefaultListableBeanFactory.java:1121) ~[spring-beans-7.0.2.jar:7.0.2]
	at org.springframework.context.support.AbstractApplicationContext.finishBeanFactoryInitialization(AbstractApplicationContext.java:993) ~[spring-context-7.0.2.jar:7.0.2]
	at org.springframework.context.support.AbstractApplicationContext.refresh(AbstractApplicationContext.java:620) ~[spring-context-7.0.2.jar:7.0.2]
	at org.springframework.boot.web.server.servlet.context.ServletWebServerApplicationContext.refresh(ServletWebServerApplicationContext.java:143) ~[spring-boot-web-server-4.0.1.jar:4.0.1]
	at org.springframework.boot.SpringApplication.refresh(SpringApplication.java:756) ~[spring-boot-4.0.1.jar:4.0.1]
	at org.springframework.boot.SpringApplication.refreshContext(SpringApplication.java:445) ~[spring-boot-4.0.1.jar:4.0.1]
	at org.springframework.boot.SpringApplication.run(SpringApplication.java:321) ~[spring-boot-4.0.1.jar:4.0.1]
	at org.springframework.boot.SpringApplication.run(SpringApplication.java:1365) ~[spring-boot-4.0.1.jar:4.0.1]
	at org.springframework.boot.SpringApplication.run(SpringApplication.java:1354) ~[spring-boot-4.0.1.jar:4.0.1]
	at com.cts.ImsApplication.main(ImsApplication.java:10) ~[classes/:na]
	at java.base/jdk.internal.reflect.DirectMethodHandleAccessor.invoke(DirectMethodHandleAccessor.java:103) ~[na:na]
	at java.base/java.lang.reflect.Method.invoke(Method.java:580) ~[na:na]
	at org.springframework.boot.devtools.restart.RestartLauncher.run(RestartLauncher.java:52) ~[spring-boot-devtools-4.0.1.jar:4.0.1]
Caused by: org.springframework.beans.factory.UnsatisfiedDependencyException: Error creating bean with name 'managementSecurityFilterChain' defined in class path resource [org/springframework/boot/security/autoconfigure/actuate/web/servlet/ManagementWebSecurityAutoConfiguration.class]: Unsatisfied dependency expressed through method 'managementSecurityFilterChain' parameter 1: Error creating bean with name 'org.springframework.security.config.annotation.web.configuration.HttpSecurityConfiguration.httpSecurity' defined in class path resource [org/springframework/security/config/annotation/web/configuration/HttpSecurityConfiguration.class]: Failed to instantiate [org.springframework.security.config.annotation.web.builders.HttpSecurity]: Factory method 'httpSecurity' threw exception with message: Error creating bean with name 'userDetailsService' defined in class path resource [com/cts/config/AppSecurityConfig.class]: Failed to instantiate [org.springframework.security.core.userdetails.UserDetailsService]: Factory method 'userDetailsService' threw exception with message: Unresolved compilation problems: 
	Type mismatch: cannot convert from User.UserBuilder to UserDetails
	Syntax error, insert ";" to complete BlockStatements

	at org.springframework.beans.factory.support.ConstructorResolver.createArgumentArray(ConstructorResolver.java:804) ~[spring-beans-7.0.2.jar:7.0.2]
	at org.springframework.beans.factory.support.ConstructorResolver.instantiateUsingFactoryMethod(ConstructorResolver.java:546) ~[spring-beans-7.0.2.jar:7.0.2]
	at org.springframework.beans.factory.support.AbstractAutowireCapableBeanFactory.instantiateUsingFactoryMethod(AbstractAutowireCapableBeanFactory.java:1362) ~[spring-beans-7.0.2.jar:7.0.2]
	at org.springframework.beans.factory.support.AbstractAutowireCapableBeanFactory.createBeanInstance(AbstractAutowireCapableBeanFactory.java:1194) ~[spring-beans-7.0.2.jar:7.0.2]
	at org.springframework.beans.factory.support.AbstractAutowireCapableBeanFactory.doCreateBean(AbstractAutowireCapableBeanFactory.java:565) ~[spring-beans-7.0.2.jar:7.0.2]
	at org.springframework.beans.factory.support.AbstractAutowireCapableBeanFactory.createBean(AbstractAutowireCapableBeanFactory.java:525) ~[spring-beans-7.0.2.jar:7.0.2]
	at org.springframework.beans.factory.support.AbstractBeanFactory.lambda$doGetBean$0(AbstractBeanFactory.java:333) ~[spring-beans-7.0.2.jar:7.0.2]
	at org.springframework.beans.factory.support.DefaultSingletonBeanRegistry.getSingleton(DefaultSingletonBeanRegistry.java:371) ~[spring-beans-7.0.2.jar:7.0.2]
	at org.springframework.beans.factory.support.AbstractBeanFactory.doGetBean(AbstractBeanFactory.java:331) ~[spring-beans-7.0.2.jar:7.0.2]
	at org.springframework.beans.factory.support.AbstractBeanFactory.getBean(AbstractBeanFactory.java:201) ~[spring-beans-7.0.2.jar:7.0.2]
	at org.springframework.beans.factory.config.DependencyDescriptor.resolveCandidate(DependencyDescriptor.java:229) ~[spring-beans-7.0.2.jar:7.0.2]
	at org.springframework.beans.factory.support.DefaultListableBeanFactory.addCandidateEntry(DefaultListableBeanFactory.java:2008) ~[spring-beans-7.0.2.jar:7.0.2]
	at org.springframework.beans.factory.support.DefaultListableBeanFactory.findAutowireCandidates(DefaultListableBeanFactory.java:1971) ~[spring-beans-7.0.2.jar:7.0.2]
	at org.springframework.beans.factory.support.DefaultListableBeanFactory.resolveMultipleBeanCollection(DefaultListableBeanFactory.java:1863) ~[spring-beans-7.0.2.jar:7.0.2]
	at org.springframework.beans.factory.support.DefaultListableBeanFactory.resolveMultipleBeans(DefaultListableBeanFactory.java:1833) ~[spring-beans-7.0.2.jar:7.0.2]
	at org.springframework.beans.factory.support.DefaultListableBeanFactory.doResolveDependency(DefaultListableBeanFactory.java:1711) ~[spring-beans-7.0.2.jar:7.0.2]
	at org.springframework.beans.factory.support.DefaultListableBeanFactory.resolveDependency(DefaultListableBeanFactory.java:1651) ~[spring-beans-7.0.2.jar:7.0.2]
	at org.springframework.beans.factory.annotation.AutowiredAnnotationBeanPostProcessor$AutowiredMethodElement.resolveMethodArguments(AutowiredAnnotationBeanPostProcessor.java:863) ~[spring-beans-7.0.2.jar:7.0.2]
	... 25 common frames omitted
Caused by: org.springframework.beans.factory.BeanCreationException: Error creating bean with name 'org.springframework.security.config.annotation.web.configuration.HttpSecurityConfiguration.httpSecurity' defined in class path resource [org/springframework/security/config/annotation/web/configuration/HttpSecurityConfiguration.class]: Failed to instantiate [org.springframework.security.config.annotation.web.builders.HttpSecurity]: Factory method 'httpSecurity' threw exception with message: Error creating bean with name 'userDetailsService' defined in class path resource [com/cts/config/AppSecurityConfig.class]: Failed to instantiate [org.springframework.security.core.userdetails.UserDetailsService]: Factory method 'userDetailsService' threw exception with message: Unresolved compilation problems: 
	Type mismatch: cannot convert from User.UserBuilder to UserDetails
	Syntax error, insert ";" to complete BlockStatements

	at org.springframework.beans.factory.support.ConstructorResolver.instantiate(ConstructorResolver.java:657) ~[spring-beans-7.0.2.jar:7.0.2]
	at org.springframework.beans.factory.support.ConstructorResolver.instantiateUsingFactoryMethod(ConstructorResolver.java:489) ~[spring-beans-7.0.2.jar:7.0.2]
	at org.springframework.beans.factory.support.AbstractAutowireCapableBeanFactory.instantiateUsingFactoryMethod(AbstractAutowireCapableBeanFactory.java:1362) ~[spring-beans-7.0.2.jar:7.0.2]
	at org.springframework.beans.factory.support.AbstractAutowireCapableBeanFactory.createBeanInstance(AbstractAutowireCapableBeanFactory.java:1194) ~[spring-beans-7.0.2.jar:7.0.2]
	at org.springframework.beans.factory.support.AbstractAutowireCapableBeanFactory.doCreateBean(AbstractAutowireCapableBeanFactory.java:565) ~[spring-beans-7.0.2.jar:7.0.2]
	at org.springframework.beans.factory.support.AbstractAutowireCapableBeanFactory.createBean(AbstractAutowireCapableBeanFactory.java:525) ~[spring-beans-7.0.2.jar:7.0.2]
	at org.springframework.beans.factory.support.AbstractBeanFactory.doGetBean(AbstractBeanFactory.java:351) ~[spring-beans-7.0.2.jar:7.0.2]
	at org.springframework.beans.factory.support.AbstractBeanFactory.getBean(AbstractBeanFactory.java:201) ~[spring-beans-7.0.2.jar:7.0.2]
	at org.springframework.beans.factory.config.DependencyDescriptor.resolveCandidate(DependencyDescriptor.java:229) ~[spring-beans-7.0.2.jar:7.0.2]
	at org.springframework.beans.factory.support.DefaultListableBeanFactory.doResolveDependency(DefaultListableBeanFactory.java:1762) ~[spring-beans-7.0.2.jar:7.0.2]
	at org.springframework.beans.factory.support.DefaultListableBeanFactory.resolveDependency(DefaultListableBeanFactory.java:1651) ~[spring-beans-7.0.2.jar:7.0.2]
	at org.springframework.beans.factory.support.ConstructorResolver.resolveAutowiredArgument(ConstructorResolver.java:912) ~[spring-beans-7.0.2.jar:7.0.2]
	at org.springframework.beans.factory.support.ConstructorResolver.createArgumentArray(ConstructorResolver.java:791) ~[spring-beans-7.0.2.jar:7.0.2]
	... 42 common frames omitted
Caused by: org.springframework.beans.BeanInstantiationException: Failed to instantiate [org.springframework.security.config.annotation.web.builders.HttpSecurity]: Factory method 'httpSecurity' threw exception with message: Error creating bean with name 'userDetailsService' defined in class path resource [com/cts/config/AppSecurityConfig.class]: Failed to instantiate [org.springframework.security.core.userdetails.UserDetailsService]: Factory method 'userDetailsService' threw exception with message: Unresolved compilation problems: 
	Type mismatch: cannot convert from User.UserBuilder to UserDetails
	Syntax error, insert ";" to complete BlockStatements

	at org.springframework.beans.factory.support.SimpleInstantiationStrategy.lambda$instantiate$0(SimpleInstantiationStrategy.java:183) ~[spring-beans-7.0.2.jar:7.0.2]
	at org.springframework.beans.factory.support.SimpleInstantiationStrategy.instantiateWithFactoryMethod(SimpleInstantiationStrategy.java:72) ~[spring-beans-7.0.2.jar:7.0.2]
	at org.springframework.beans.factory.support.SimpleInstantiationStrategy.instantiate(SimpleInstantiationStrategy.java:152) ~[spring-beans-7.0.2.jar:7.0.2]
	at org.springframework.beans.factory.support.ConstructorResolver.instantiate(ConstructorResolver.java:653) ~[spring-beans-7.0.2.jar:7.0.2]
	... 54 common frames omitted
Caused by: org.springframework.beans.factory.BeanCreationException: Error creating bean with name 'userDetailsService' defined in class path resource [com/cts/config/AppSecurityConfig.class]: Failed to instantiate [org.springframework.security.core.userdetails.UserDetailsService]: Factory method 'userDetailsService' threw exception with message: Unresolved compilation problems: 
	Type mismatch: cannot convert from User.UserBuilder to UserDetails
	Syntax error, insert ";" to complete BlockStatements

	at org.springframework.beans.factory.support.ConstructorResolver.instantiate(ConstructorResolver.java:657) ~[spring-beans-7.0.2.jar:7.0.2]
	at org.springframework.beans.factory.support.ConstructorResolver.instantiateUsingFactoryMethod(ConstructorResolver.java:489) ~[spring-beans-7.0.2.jar:7.0.2]
	at org.springframework.beans.factory.support.AbstractAutowireCapableBeanFactory.instantiateUsingFactoryMethod(AbstractAutowireCapableBeanFactory.java:1362) ~[spring-beans-7.0.2.jar:7.0.2]
	at org.springframework.beans.factory.support.AbstractAutowireCapableBeanFactory.createBeanInstance(AbstractAutowireCapableBeanFactory.java:1194) ~[spring-beans-7.0.2.jar:7.0.2]
	at org.springframework.beans.factory.support.AbstractAutowireCapableBeanFactory.doCreateBean(AbstractAutowireCapableBeanFactory.java:565) ~[spring-beans-7.0.2.jar:7.0.2]
	at org.springframework.beans.factory.support.AbstractAutowireCapableBeanFactory.createBean(AbstractAutowireCapableBeanFactory.java:525) ~[spring-beans-7.0.2.jar:7.0.2]
	at org.springframework.beans.factory.support.AbstractBeanFactory.lambda$doGetBean$0(AbstractBeanFactory.java:333) ~[spring-beans-7.0.2.jar:7.0.2]
	at org.springframework.beans.factory.support.DefaultSingletonBeanRegistry.getSingleton(DefaultSingletonBeanRegistry.java:371) ~[spring-beans-7.0.2.jar:7.0.2]
	at org.springframework.beans.factory.support.AbstractBeanFactory.doGetBean(AbstractBeanFactory.java:331) ~[spring-beans-7.0.2.jar:7.0.2]
	at org.springframework.beans.factory.support.AbstractBeanFactory.getBean(AbstractBeanFactory.java:201) ~[spring-beans-7.0.2.jar:7.0.2]
	at org.springframework.context.support.AbstractApplicationContext.getBean(AbstractApplicationContext.java:1284) ~[spring-context-7.0.2.jar:7.0.2]
	at org.springframework.security.config.annotation.authentication.configuration.InitializeUserDetailsBeanManagerConfigurer$InitializeUserDetailsManagerConfigurer.configure(InitializeUserDetailsBeanManagerConfigurer.java:94) ~[spring-security-config-7.0.2.jar:7.0.2]
	at org.springframework.security.config.annotation.authentication.configuration.InitializeUserDetailsBeanManagerConfigurer$InitializeUserDetailsManagerConfigurer.configure(InitializeUserDetailsBeanManagerConfigurer.java:63) ~[spring-security-config-7.0.2.jar:7.0.2]
	at org.springframework.security.config.annotation.AbstractConfiguredSecurityBuilder.configure(AbstractConfiguredSecurityBuilder.java:386) ~[spring-security-config-7.0.2.jar:7.0.2]
	at org.springframework.security.config.annotation.AbstractConfiguredSecurityBuilder.doBuild(AbstractConfiguredSecurityBuilder.java:336) ~[spring-security-config-7.0.2.jar:7.0.2]
	at org.springframework.security.config.annotation.AbstractSecurityBuilder.build(AbstractSecurityBuilder.java:38) ~[spring-security-config-7.0.2.jar:7.0.2]
	at org.springframework.security.config.annotation.authentication.configuration.AuthenticationConfiguration.getAuthenticationManager(AuthenticationConfiguration.java:121) ~[spring-security-config-7.0.2.jar:7.0.2]
	at org.springframework.security.config.annotation.web.configuration.HttpSecurityConfiguration.authenticationManager(HttpSecurityConfiguration.java:152) ~[spring-security-config-7.0.2.jar:7.0.2]
	at org.springframework.security.config.annotation.web.configuration.HttpSecurityConfiguration.httpSecurity(HttpSecurityConfiguration.java:119) ~[spring-security-config-7.0.2.jar:7.0.2]
	at java.base/jdk.internal.reflect.DirectMethodHandleAccessor.invoke(DirectMethodHandleAccessor.java:103) ~[na:na]
	at java.base/java.lang.reflect.Method.invoke(Method.java:580) ~[na:na]
	at org.springframework.beans.factory.support.SimpleInstantiationStrategy.lambda$instantiate$0(SimpleInstantiationStrategy.java:155) ~[spring-beans-7.0.2.jar:7.0.2]
	... 57 common frames omitted
Caused by: org.springframework.beans.BeanInstantiationException: Failed to instantiate [org.springframework.security.core.userdetails.UserDetailsService]: Factory method 'userDetailsService' threw exception with message: Unresolved compilation problems: 
	Type mismatch: cannot convert from User.UserBuilder to UserDetails
	Syntax error, insert ";" to complete BlockStatements

	at org.springframework.beans.factory.support.SimpleInstantiationStrategy.lambda$instantiate$0(SimpleInstantiationStrategy.java:183) ~[spring-beans-7.0.2.jar:7.0.2]
	at org.springframework.beans.factory.support.SimpleInstantiationStrategy.instantiateWithFactoryMethod(SimpleInstantiationStrategy.java:72) ~[spring-beans-7.0.2.jar:7.0.2]
	at org.springframework.beans.factory.support.SimpleInstantiationStrategy.instantiate(SimpleInstantiationStrategy.java:152) ~[spring-beans-7.0.2.jar:7.0.2]
	at org.springframework.beans.factory.support.ConstructorResolver.instantiate(ConstructorResolver.java:653) ~[spring-beans-7.0.2.jar:7.0.2]
	... 78 common frames omitted
Caused by: java.lang.Error: Unresolved compilation problems: 
	Type mismatch: cannot convert from User.UserBuilder to UserDetails
	Syntax error, insert ";" to complete BlockStatements

	at com.cts.config.AppSecurityConfig.userDetailsService(AppSecurityConfig.java:18) ~[classes/:na]
	at com.cts.config.AppSecurityConfig$$SpringCGLIB$$0.CGLIB$userDetailsService$0(<generated>) ~[classes/:na]
	at com.cts.config.AppSecurityConfig$$SpringCGLIB$$FastClass$$1.invoke(<generated>) ~[classes/:na]
	at org.springframework.cglib.proxy.MethodProxy.invokeSuper(MethodProxy.java:258) ~[spring-core-7.0.2.jar:7.0.2]
	at org.springframework.context.annotation.ConfigurationClassEnhancer$BeanMethodInterceptor.intercept(ConfigurationClassEnhancer.java:398) ~[spring-context-7.0.2.jar:7.0.2]
	at com.cts.config.AppSecurityConfig$$SpringCGLIB$$0.userDetailsService(<generated>) ~[classes/:na]
	at java.base/jdk.internal.reflect.DirectMethodHandleAccessor.invoke(DirectMethodHandleAccessor.java:103) ~[na:na]
	at java.base/java.lang.reflect.Method.invoke(Method.java:580) ~[na:na]
	at org.springframework.beans.factory.support.SimpleInstantiationStrategy.lambda$instantiate$0(SimpleInstantiationStrategy.java:155) ~[spring-beans-7.0.2.jar:7.0.2]
	... 81 common frames omitted

2026-01-21T12:20:32.925+05:30  INFO 6324 --- [ims] [restartedMain] com.cts.ImsApplication                   : Starting ImsApplication using Java 21.0.6 with PID 6324 (C:\Users\2393375\Documents\ADM2026\Backend\ims\target\classes started by 2393375 in C:\Users\2393375\Documents\ADM2026\Backend\ims)
2026-01-21T12:20:32.926+05:30  INFO 6324 --- [ims] [restartedMain] com.cts.ImsApplication                   : No active profile set, falling back to 1 default profile: "default"
2026-01-21T12:20:33.123+05:30  INFO 6324 --- [ims] [restartedMain] .s.d.r.c.RepositoryConfigurationDelegate : Bootstrapping Spring Data JPA repositories in DEFAULT mode.
2026-01-21T12:20:33.132+05:30  INFO 6324 --- [ims] [restartedMain] .s.d.r.c.RepositoryConfigurationDelegate : Finished Spring Data repository scanning in 6 ms. Found 1 JPA repository interface.
2026-01-21T12:20:33.242+05:30  INFO 6324 --- [ims] [restartedMain] o.s.boot.tomcat.TomcatWebServer          : Tomcat initialized with port 8080 (http)
2026-01-21T12:20:33.242+05:30  INFO 6324 --- [ims] [restartedMain] o.apache.catalina.core.StandardService   : Starting service [Tomcat]
2026-01-21T12:20:33.242+05:30  INFO 6324 --- [ims] [restartedMain] o.apache.catalina.core.StandardEngine    : Starting Servlet engine: [Apache Tomcat/11.0.15]
2026-01-21T12:20:33.299+05:30  INFO 6324 --- [ims] [restartedMain] b.w.c.s.WebApplicationContextInitializer : Root WebApplicationContext: initialization completed in 373 ms
2026-01-21T12:20:33.353+05:30  INFO 6324 --- [ims] [restartedMain] org.hibernate.orm.jpa                    : HHH008540: Processing PersistenceUnitInfo [name: default]
2026-01-21T12:20:33.371+05:30  INFO 6324 --- [ims] [restartedMain] o.s.o.j.p.SpringPersistenceUnitInfo      : No LoadTimeWeaver setup: ignoring JPA class transformer
2026-01-21T12:20:33.371+05:30  INFO 6324 --- [ims] [restartedMain] com.zaxxer.hikari.HikariDataSource       : HikariPool-15 - Starting...
2026-01-21T12:20:33.384+05:30  INFO 6324 --- [ims] [restartedMain] com.zaxxer.hikari.pool.HikariPool        : HikariPool-15 - Added connection com.mysql.cj.jdbc.ConnectionImpl@25a1ed3b
2026-01-21T12:20:33.384+05:30  INFO 6324 --- [ims] [restartedMain] com.zaxxer.hikari.HikariDataSource       : HikariPool-15 - Start completed.
2026-01-21T12:20:33.386+05:30  INFO 6324 --- [ims] [restartedMain] org.hibernate.orm.connections.pooling    : HHH10001005: Database info:
	Database JDBC URL [jdbc:mysql://localhost:3306/imsdb?createDatabaseIfNotExist=true]
	Database driver: MySQL Connector/J
	Database dialect: MySQLDialect
	Database version: 8.0.43
	Default catalog/schema: imsdb/undefined
	Autocommit mode: undefined/unknown
	Isolation level: REPEATABLE_READ [default REPEATABLE_READ]
	JDBC fetch size: none
	Pool: DataSourceConnectionProvider
	Minimum pool size: undefined/unknown
	Maximum pool size: undefined/unknown
2026-01-21T12:20:33.419+05:30  INFO 6324 --- [ims] [restartedMain] org.hibernate.orm.core                   : HHH000489: No JTA platform available (set 'hibernate.transaction.jta.platform' to enable JTA platform integration)
2026-01-21T12:20:33.428+05:30  INFO 6324 --- [ims] [restartedMain] j.LocalContainerEntityManagerFactoryBean : Initialized JPA EntityManagerFactory for persistence unit 'default'
2026-01-21T12:20:33.475+05:30  WARN 6324 --- [ims] [restartedMain] JpaBaseConfiguration$JpaWebConfiguration : spring.jpa.open-in-view is enabled by default. Therefore, database queries may be performed during view rendering. Explicitly configure spring.jpa.open-in-view to disable this warning
2026-01-21T12:20:33.496+05:30  INFO 6324 --- [ims] [restartedMain] r$InitializeUserDetailsManagerConfigurer : Global AuthenticationManager configured with UserDetailsService bean with name userDetailsService
2026-01-21T12:20:33.600+05:30  INFO 6324 --- [ims] [restartedMain] o.s.b.a.e.web.EndpointLinksResolver      : Exposing 13 endpoints beneath base path '/actuator'
2026-01-21T12:20:33.677+05:30  INFO 6324 --- [ims] [restartedMain] o.s.boot.tomcat.TomcatWebServer          : Tomcat started on port 8080 (http) with context path '/'
2026-01-21T12:20:33.679+05:30  INFO 6324 --- [ims] [restartedMain] com.cts.ImsApplication                   : Started ImsApplication in 0.765 seconds (process running for 1236.234)
2026-01-21T12:20:33.681+05:30  INFO 6324 --- [ims] [restartedMain] .ConditionEvaluationDeltaLoggingListener : Condition evaluation delta:


==========================
CONDITION EVALUATION DELTA
==========================


Positive matches:
-----------------

    None


Negative matches:
-----------------

   UserDetailsServiceAutoConfiguration:
      Did not match:
         - @ConditionalOnMissingBean (types: org.springframework.security.authentication.AuthenticationManager,org.springframework.security.authentication.AuthenticationProvider,org.springframework.security.core.userdetails.UserDetailsService,org.springframework.security.authentication.AuthenticationManagerResolver,?; SearchStrategy: all) found beans of type 'org.springframework.security.core.userdetails.UserDetailsService' userDetailsService (OnBeanCondition)
      Matched:
         - @ConditionalOnClass found required class 'org.springframework.security.authentication.AuthenticationManager' (OnClassCondition)
         - found 'session' scope (OnWebApplicationCondition)
         - AnyNestedCondition 3 matched 0 did not; NestedCondition on MissingAlternativeUserDetailsManagerOrUserPropertiesConfigured.PasswordConfigured @ConditionalOnProperty (spring.security.user.password) matched; NestedCondition on MissingAlternativeUserDetailsManagerOrUserPropertiesConfigured.NameConfigured @ConditionalOnProperty (spring.security.user.name) matched; NestedCondition on MissingAlternativeUserDetailsManagerOrUserPropertiesConfigured.MissingAlternative @ConditionalOnMissingClass did not find unwanted classes 'org.springframework.security.oauth2.client.registration.ClientRegistrationRepository', 'org.springframework.security.oauth2.server.resource.introspection.OpaqueTokenIntrospector', 'org.springframework.security.saml2.provider.service.registration.RelyingPartyRegistrationRepository' (MissingAlternativeUserDetailsManagerOrUserPropertiesConfigured)


Exclusions:
-----------

    None


Unconditional classes:
----------------------

    None



2026-01-21T12:20:56.961+05:30  INFO 6324 --- [ims] [File Watcher] rtingClassPathChangeChangedEventListener : Restarting due to 1 class path change (0 additions, 0 deletions, 1 modification)
2026-01-21T12:20:56.963+05:30  INFO 6324 --- [ims] [Thread-36] o.s.boot.tomcat.GracefulShutdown         : Commencing graceful shutdown. Waiting for active requests to complete
2026-01-21T12:20:56.982+05:30  INFO 6324 --- [ims] [tomcat-shutdown] o.s.boot.tomcat.GracefulShutdown         : Graceful shutdown complete
2026-01-21T12:20:56.987+05:30  INFO 6324 --- [ims] [Thread-36] j.LocalContainerEntityManagerFactoryBean : Closing JPA EntityManagerFactory for persistence unit 'default'
2026-01-21T12:20:56.987+05:30  INFO 6324 --- [ims] [Thread-36] com.zaxxer.hikari.HikariDataSource       : HikariPool-15 - Shutdown initiated...
2026-01-21T12:20:56.998+05:30  INFO 6324 --- [ims] [Thread-36] com.zaxxer.hikari.HikariDataSource       : HikariPool-15 - Shutdown completed.
2026-01-21T12:20:57.140+05:30  INFO 6324 --- [ims] [restartedMain] com.cts.ImsApplication                   : Starting ImsApplication using Java 21.0.6 with PID 6324 (C:\Users\2393375\Documents\ADM2026\Backend\ims\target\classes started by 2393375 in C:\Users\2393375\Documents\ADM2026\Backend\ims)
2026-01-21T12:20:57.141+05:30  INFO 6324 --- [ims] [restartedMain] com.cts.ImsApplication                   : No active profile set, falling back to 1 default profile: "default"
2026-01-21T12:20:57.610+05:30  INFO 6324 --- [ims] [restartedMain] .s.d.r.c.RepositoryConfigurationDelegate : Bootstrapping Spring Data JPA repositories in DEFAULT mode.
2026-01-21T12:20:57.617+05:30  INFO 6324 --- [ims] [restartedMain] .s.d.r.c.RepositoryConfigurationDelegate : Finished Spring Data repository scanning in 5 ms. Found 1 JPA repository interface.
2026-01-21T12:20:57.742+05:30  INFO 6324 --- [ims] [restartedMain] o.s.boot.tomcat.TomcatWebServer          : Tomcat initialized with port 8080 (http)
2026-01-21T12:20:57.743+05:30  INFO 6324 --- [ims] [restartedMain] o.apache.catalina.core.StandardService   : Starting service [Tomcat]
2026-01-21T12:20:57.743+05:30  INFO 6324 --- [ims] [restartedMain] o.apache.catalina.core.StandardEngine    : Starting Servlet engine: [Apache Tomcat/11.0.15]
2026-01-21T12:20:57.776+05:30  INFO 6324 --- [ims] [restartedMain] b.w.c.s.WebApplicationContextInitializer : Root WebApplicationContext: initialization completed in 632 ms
2026-01-21T12:20:57.840+05:30  INFO 6324 --- [ims] [restartedMain] org.hibernate.orm.jpa                    : HHH008540: Processing PersistenceUnitInfo [name: default]
2026-01-21T12:20:57.858+05:30  INFO 6324 --- [ims] [restartedMain] o.s.o.j.p.SpringPersistenceUnitInfo      : No LoadTimeWeaver setup: ignoring JPA class transformer
2026-01-21T12:20:57.859+05:30  INFO 6324 --- [ims] [restartedMain] com.zaxxer.hikari.HikariDataSource       : HikariPool-16 - Starting...
2026-01-21T12:20:57.871+05:30  INFO 6324 --- [ims] [restartedMain] com.zaxxer.hikari.pool.HikariPool        : HikariPool-16 - Added connection com.mysql.cj.jdbc.ConnectionImpl@1d151e0d
2026-01-21T12:20:57.871+05:30  INFO 6324 --- [ims] [restartedMain] com.zaxxer.hikari.HikariDataSource       : HikariPool-16 - Start completed.
2026-01-21T12:20:57.873+05:30  INFO 6324 --- [ims] [restartedMain] org.hibernate.orm.connections.pooling    : HHH10001005: Database info:
	Database JDBC URL [jdbc:mysql://localhost:3306/imsdb?createDatabaseIfNotExist=true]
	Database driver: MySQL Connector/J
	Database dialect: MySQLDialect
	Database version: 8.0.43
	Default catalog/schema: imsdb/undefined
	Autocommit mode: undefined/unknown
	Isolation level: REPEATABLE_READ [default REPEATABLE_READ]
	JDBC fetch size: none
	Pool: DataSourceConnectionProvider
	Minimum pool size: undefined/unknown
	Maximum pool size: undefined/unknown
2026-01-21T12:20:57.900+05:30  INFO 6324 --- [ims] [restartedMain] org.hibernate.orm.core                   : HHH000489: No JTA platform available (set 'hibernate.transaction.jta.platform' to enable JTA platform integration)
2026-01-21T12:20:57.909+05:30  INFO 6324 --- [ims] [restartedMain] j.LocalContainerEntityManagerFactoryBean : Initialized JPA EntityManagerFactory for persistence unit 'default'
2026-01-21T12:20:57.991+05:30  WARN 6324 --- [ims] [restartedMain] JpaBaseConfiguration$JpaWebConfiguration : spring.jpa.open-in-view is enabled by default. Therefore, database queries may be performed during view rendering. Explicitly configure spring.jpa.open-in-view to disable this warning
2026-01-21T12:20:58.010+05:30  INFO 6324 --- [ims] [restartedMain] r$InitializeUserDetailsManagerConfigurer : Global AuthenticationManager configured with UserDetailsService bean with name userDetailsService
2026-01-21T12:20:58.117+05:30  INFO 6324 --- [ims] [restartedMain] o.s.b.a.e.web.EndpointLinksResolver      : Exposing 13 endpoints beneath base path '/actuator'
2026-01-21T12:20:58.256+05:30  INFO 6324 --- [ims] [restartedMain] o.s.boot.tomcat.TomcatWebServer          : Tomcat started on port 8080 (http) with context path '/'
2026-01-21T12:20:58.259+05:30  INFO 6324 --- [ims] [restartedMain] com.cts.ImsApplication                   : Started ImsApplication in 1.145 seconds (process running for 1260.814)
2026-01-21T12:20:58.261+05:30  INFO 6324 --- [ims] [restartedMain] .ConditionEvaluationDeltaLoggingListener : Condition evaluation unchanged
2026-01-21T12:23:13.455+05:30  INFO 6324 --- [ims] [File Watcher] rtingClassPathChangeChangedEventListener : Restarting due to 1 class path change (0 additions, 0 deletions, 1 modification)
2026-01-21T12:23:13.460+05:30  INFO 6324 --- [ims] [Thread-55] o.s.boot.tomcat.GracefulShutdown         : Commencing graceful shutdown. Waiting for active requests to complete
2026-01-21T12:23:13.494+05:30  INFO 6324 --- [ims] [tomcat-shutdown] o.s.boot.tomcat.GracefulShutdown         : Graceful shutdown complete
2026-01-21T12:23:13.502+05:30  INFO 6324 --- [ims] [Thread-55] j.LocalContainerEntityManagerFactoryBean : Closing JPA EntityManagerFactory for persistence unit 'default'
2026-01-21T12:23:13.504+05:30  INFO 6324 --- [ims] [Thread-55] com.zaxxer.hikari.HikariDataSource       : HikariPool-16 - Shutdown initiated...
2026-01-21T12:23:13.516+05:30  INFO 6324 --- [ims] [Thread-55] com.zaxxer.hikari.HikariDataSource       : HikariPool-16 - Shutdown completed.
2026-01-21T12:23:13.684+05:30  INFO 6324 --- [ims] [restartedMain] com.cts.ImsApplication                   : Starting ImsApplication using Java 21.0.6 with PID 6324 (C:\Users\2393375\Documents\ADM2026\Backend\ims\target\classes started by 2393375 in C:\Users\2393375\Documents\ADM2026\Backend\ims)
2026-01-21T12:23:13.685+05:30  INFO 6324 --- [ims] [restartedMain] com.cts.ImsApplication                   : No active profile set, falling back to 1 default profile: "default"
2026-01-21T12:23:14.587+05:30  INFO 6324 --- [ims] [restartedMain] .s.d.r.c.RepositoryConfigurationDelegate : Bootstrapping Spring Data JPA repositories in DEFAULT mode.
2026-01-21T12:23:14.629+05:30  INFO 6324 --- [ims] [restartedMain] .s.d.r.c.RepositoryConfigurationDelegate : Finished Spring Data repository scanning in 35 ms. Found 1 JPA repository interface.
2026-01-21T12:23:14.991+05:30  INFO 6324 --- [ims] [restartedMain] o.s.boot.tomcat.TomcatWebServer          : Tomcat initialized with port 8080 (http)
2026-01-21T12:23:14.992+05:30  INFO 6324 --- [ims] [restartedMain] o.apache.catalina.core.StandardService   : Starting service [Tomcat]
2026-01-21T12:23:14.992+05:30  INFO 6324 --- [ims] [restartedMain] o.apache.catalina.core.StandardEngine    : Starting Servlet engine: [Apache Tomcat/11.0.15]
2026-01-21T12:23:15.093+05:30  INFO 6324 --- [ims] [restartedMain] b.w.c.s.WebApplicationContextInitializer : Root WebApplicationContext: initialization completed in 1403 ms
2026-01-21T12:23:15.236+05:30  INFO 6324 --- [ims] [restartedMain] org.hibernate.orm.jpa                    : HHH008540: Processing PersistenceUnitInfo [name: default]
2026-01-21T12:23:15.346+05:30  INFO 6324 --- [ims] [restartedMain] o.s.o.j.p.SpringPersistenceUnitInfo      : No LoadTimeWeaver setup: ignoring JPA class transformer
2026-01-21T12:23:15.348+05:30  INFO 6324 --- [ims] [restartedMain] com.zaxxer.hikari.HikariDataSource       : HikariPool-17 - Starting...
2026-01-21T12:23:15.375+05:30  INFO 6324 --- [ims] [restartedMain] com.zaxxer.hikari.pool.HikariPool        : HikariPool-17 - Added connection com.mysql.cj.jdbc.ConnectionImpl@2e8bcbbf
2026-01-21T12:23:15.375+05:30  INFO 6324 --- [ims] [restartedMain] com.zaxxer.hikari.HikariDataSource       : HikariPool-17 - Start completed.
2026-01-21T12:23:15.377+05:30  INFO 6324 --- [ims] [restartedMain] org.hibernate.orm.connections.pooling    : HHH10001005: Database info:
	Database JDBC URL [jdbc:mysql://localhost:3306/imsdb?createDatabaseIfNotExist=true]
	Database driver: MySQL Connector/J
	Database dialect: MySQLDialect
	Database version: 8.0.43
	Default catalog/schema: imsdb/undefined
	Autocommit mode: undefined/unknown
	Isolation level: REPEATABLE_READ [default REPEATABLE_READ]
	JDBC fetch size: none
	Pool: DataSourceConnectionProvider
	Minimum pool size: undefined/unknown
	Maximum pool size: undefined/unknown
2026-01-21T12:23:15.540+05:30  INFO 6324 --- [ims] [restartedMain] org.hibernate.orm.core                   : HHH000489: No JTA platform available (set 'hibernate.transaction.jta.platform' to enable JTA platform integration)
2026-01-21T12:23:15.560+05:30  INFO 6324 --- [ims] [restartedMain] j.LocalContainerEntityManagerFactoryBean : Initialized JPA EntityManagerFactory for persistence unit 'default'
2026-01-21T12:23:15.726+05:30  WARN 6324 --- [ims] [restartedMain] JpaBaseConfiguration$JpaWebConfiguration : spring.jpa.open-in-view is enabled by default. Therefore, database queries may be performed during view rendering. Explicitly configure spring.jpa.open-in-view to disable this warning
2026-01-21T12:23:15.801+05:30  INFO 6324 --- [ims] [restartedMain] r$InitializeUserDetailsManagerConfigurer : Global AuthenticationManager configured with UserDetailsService bean with name userDetailsService
2026-01-21T12:23:16.290+05:30  INFO 6324 --- [ims] [restartedMain] o.s.b.a.e.web.EndpointLinksResolver      : Exposing 13 endpoints beneath base path '/actuator'
2026-01-21T12:23:16.627+05:30  INFO 6324 --- [ims] [restartedMain] o.s.boot.tomcat.TomcatWebServer          : Tomcat started on port 8080 (http) with context path '/'
2026-01-21T12:23:16.637+05:30  INFO 6324 --- [ims] [restartedMain] com.cts.ImsApplication                   : Started ImsApplication in 3.001 seconds (process running for 1399.193)
2026-01-21T12:23:16.647+05:30  INFO 6324 --- [ims] [restartedMain] .ConditionEvaluationDeltaLoggingListener : Condition evaluation unchanged
2026-01-21T12:24:37.874+05:30  INFO 6324 --- [ims] [RMI TCP Connection(63)-127.0.0.1] inMXBeanRegistrar$SpringApplicationAdmin : Application shutdown requested.
2026-01-21T12:24:37.877+05:30  INFO 6324 --- [ims] [RMI TCP Connection(63)-127.0.0.1] o.s.boot.tomcat.GracefulShutdown         : Commencing graceful shutdown. Waiting for active requests to complete
2026-01-21T12:24:37.905+05:30  INFO 6324 --- [ims] [tomcat-shutdown] o.s.boot.tomcat.GracefulShutdown         : Graceful shutdown complete
2026-01-21T12:24:37.913+05:30  INFO 6324 --- [ims] [RMI TCP Connection(63)-127.0.0.1] j.LocalContainerEntityManagerFactoryBean : Closing JPA EntityManagerFactory for persistence unit 'default'
2026-01-21T12:24:37.914+05:30  INFO 6324 --- [ims] [RMI TCP Connection(63)-127.0.0.1] com.zaxxer.hikari.HikariDataSource       : HikariPool-17 - Shutdown initiated...
2026-01-21T12:24:37.922+05:30  INFO 6324 --- [ims] [RMI TCP Connection(63)-127.0.0.1] com.zaxxer.hikari.HikariDataSource       : HikariPool-17 - Shutdown completed.
2026-01-21T12:24:48.867+05:30  INFO 13508 --- [ims] [restartedMain] com.cts.ImsApplication                   : Starting ImsApplication using Java 21.0.6 with PID 13508 (C:\Users\2393375\Documents\ADM2026\Backend\ims\target\classes started by 2393375 in C:\Users\2393375\Documents\ADM2026\Backend\ims)
2026-01-21T12:24:48.874+05:30  INFO 13508 --- [ims] [restartedMain] com.cts.ImsApplication                   : No active profile set, falling back to 1 default profile: "default"
2026-01-21T12:24:49.045+05:30  INFO 13508 --- [ims] [restartedMain] .e.DevToolsPropertyDefaultsPostProcessor : Devtools property defaults active! Set 'spring.devtools.add-properties' to 'false' to disable
2026-01-21T12:24:49.047+05:30  INFO 13508 --- [ims] [restartedMain] .e.DevToolsPropertyDefaultsPostProcessor : For additional web related logging consider setting the 'logging.level.web' property to 'DEBUG'
2026-01-21T12:24:51.061+05:30  INFO 13508 --- [ims] [restartedMain] .s.d.r.c.RepositoryConfigurationDelegate : Bootstrapping Spring Data JPA repositories in DEFAULT mode.
2026-01-21T12:24:51.107+05:30  INFO 13508 --- [ims] [restartedMain] .s.d.r.c.RepositoryConfigurationDelegate : Finished Spring Data repository scanning in 38 ms. Found 1 JPA repository interface.
2026-01-21T12:24:51.708+05:30  INFO 13508 --- [ims] [restartedMain] o.s.boot.tomcat.TomcatWebServer          : Tomcat initialized with port 8080 (http)
2026-01-21T12:24:51.721+05:30  INFO 13508 --- [ims] [restartedMain] o.apache.catalina.core.StandardService   : Starting service [Tomcat]
2026-01-21T12:24:51.721+05:30  INFO 13508 --- [ims] [restartedMain] o.apache.catalina.core.StandardEngine    : Starting Servlet engine: [Apache Tomcat/11.0.15]
2026-01-21T12:24:51.769+05:30  INFO 13508 --- [ims] [restartedMain] b.w.c.s.WebApplicationContextInitializer : Root WebApplicationContext: initialization completed in 2721 ms
2026-01-21T12:24:52.045+05:30  INFO 13508 --- [ims] [restartedMain] org.hibernate.orm.jpa                    : HHH008540: Processing PersistenceUnitInfo [name: default]
2026-01-21T12:24:52.105+05:30  INFO 13508 --- [ims] [restartedMain] org.hibernate.orm.core                   : HHH000001: Hibernate ORM core version 7.2.0.Final
2026-01-21T12:24:52.650+05:30  INFO 13508 --- [ims] [restartedMain] o.s.o.j.p.SpringPersistenceUnitInfo      : No LoadTimeWeaver setup: ignoring JPA class transformer
2026-01-21T12:24:52.684+05:30  INFO 13508 --- [ims] [restartedMain] com.zaxxer.hikari.HikariDataSource       : HikariPool-1 - Starting...
2026-01-21T12:24:53.340+05:30  INFO 13508 --- [ims] [restartedMain] com.zaxxer.hikari.pool.HikariPool        : HikariPool-1 - Added connection com.mysql.cj.jdbc.ConnectionImpl@257fec51
2026-01-21T12:24:53.342+05:30  INFO 13508 --- [ims] [restartedMain] com.zaxxer.hikari.HikariDataSource       : HikariPool-1 - Start completed.
2026-01-21T12:24:53.610+05:30  INFO 13508 --- [ims] [restartedMain] org.hibernate.orm.connections.pooling    : HHH10001005: Database info:
	Database JDBC URL [jdbc:mysql://localhost:3306/imsdb?createDatabaseIfNotExist=true]
	Database driver: MySQL Connector/J
	Database dialect: MySQLDialect
	Database version: 8.0.43
	Default catalog/schema: imsdb/undefined
	Autocommit mode: undefined/unknown
	Isolation level: REPEATABLE_READ [default REPEATABLE_READ]
	JDBC fetch size: none
	Pool: DataSourceConnectionProvider
	Minimum pool size: undefined/unknown
	Maximum pool size: undefined/unknown
2026-01-21T12:24:55.007+05:30  INFO 13508 --- [ims] [restartedMain] org.hibernate.orm.core                   : HHH000489: No JTA platform available (set 'hibernate.transaction.jta.platform' to enable JTA platform integration)
2026-01-21T12:24:55.160+05:30  INFO 13508 --- [ims] [restartedMain] j.LocalContainerEntityManagerFactoryBean : Initialized JPA EntityManagerFactory for persistence unit 'default'
2026-01-21T12:24:55.296+05:30  INFO 13508 --- [ims] [restartedMain] o.s.d.j.r.query.QueryEnhancerFactories   : Hibernate is in classpath; If applicable, HQL parser will be used.
2026-01-21T12:24:55.656+05:30  WARN 13508 --- [ims] [restartedMain] JpaBaseConfiguration$JpaWebConfiguration : spring.jpa.open-in-view is enabled by default. Therefore, database queries may be performed during view rendering. Explicitly configure spring.jpa.open-in-view to disable this warning
2026-01-21T12:24:55.753+05:30  INFO 13508 --- [ims] [restartedMain] r$InitializeUserDetailsManagerConfigurer : Global AuthenticationManager configured with UserDetailsService bean with name userDetailsService
2026-01-21T12:24:56.405+05:30  INFO 13508 --- [ims] [restartedMain] o.s.b.a.e.web.EndpointLinksResolver      : Exposing 13 endpoints beneath base path '/actuator'
2026-01-21T12:24:57.332+05:30  INFO 13508 --- [ims] [restartedMain] o.s.boot.tomcat.TomcatWebServer          : Tomcat started on port 8080 (http) with context path '/'
2026-01-21T12:24:57.356+05:30  INFO 13508 --- [ims] [restartedMain] com.cts.ImsApplication                   : Started ImsApplication in 9.839 seconds (process running for 12.907)
2026-01-21T12:24:58.064+05:30  INFO 13508 --- [ims] [RMI TCP Connection(8)-127.0.0.1] o.a.c.c.C.[Tomcat].[localhost].[/]       : Initializing Spring DispatcherServlet 'dispatcherServlet'
2026-01-21T12:24:58.064+05:30  INFO 13508 --- [ims] [RMI TCP Connection(8)-127.0.0.1] o.s.web.servlet.DispatcherServlet        : Initializing Servlet 'dispatcherServlet'
2026-01-21T12:24:58.066+05:30  INFO 13508 --- [ims] [RMI TCP Connection(8)-127.0.0.1] o.s.web.servlet.DispatcherServlet        : Completed initialization in 2 ms
2026-01-21T12:26:41.456+05:30  INFO 13508 --- [ims] [File Watcher] rtingClassPathChangeChangedEventListener : Restarting due to 1 class path change (0 additions, 0 deletions, 1 modification)
2026-01-21T12:26:41.468+05:30  INFO 13508 --- [ims] [Thread-1] o.s.boot.tomcat.GracefulShutdown         : Commencing graceful shutdown. Waiting for active requests to complete
2026-01-21T12:26:41.498+05:30  INFO 13508 --- [ims] [tomcat-shutdown] o.s.boot.tomcat.GracefulShutdown         : Graceful shutdown complete
2026-01-21T12:26:41.522+05:30  INFO 13508 --- [ims] [Thread-1] j.LocalContainerEntityManagerFactoryBean : Closing JPA EntityManagerFactory for persistence unit 'default'
2026-01-21T12:26:41.536+05:30  INFO 13508 --- [ims] [Thread-1] com.zaxxer.hikari.HikariDataSource       : HikariPool-1 - Shutdown initiated...
2026-01-21T12:26:41.571+05:30  INFO 13508 --- [ims] [Thread-1] com.zaxxer.hikari.HikariDataSource       : HikariPool-1 - Shutdown completed.
2026-01-21T12:26:41.740+05:30  INFO 13508 --- [ims] [restartedMain] com.cts.ImsApplication                   : Starting ImsApplication using Java 21.0.6 with PID 13508 (C:\Users\2393375\Documents\ADM2026\Backend\ims\target\classes started by 2393375 in C:\Users\2393375\Documents\ADM2026\Backend\ims)
2026-01-21T12:26:41.740+05:30  INFO 13508 --- [ims] [restartedMain] com.cts.ImsApplication                   : No active profile set, falling back to 1 default profile: "default"
2026-01-21T12:26:42.113+05:30  INFO 13508 --- [ims] [restartedMain] .s.d.r.c.RepositoryConfigurationDelegate : Bootstrapping Spring Data JPA repositories in DEFAULT mode.
2026-01-21T12:26:42.122+05:30  INFO 13508 --- [ims] [restartedMain] .s.d.r.c.RepositoryConfigurationDelegate : Finished Spring Data repository scanning in 7 ms. Found 1 JPA repository interface.
2026-01-21T12:26:42.362+05:30  INFO 13508 --- [ims] [restartedMain] o.s.boot.tomcat.TomcatWebServer          : Tomcat initialized with port 8080 (http)
2026-01-21T12:26:42.363+05:30  INFO 13508 --- [ims] [restartedMain] o.apache.catalina.core.StandardService   : Starting service [Tomcat]
2026-01-21T12:26:42.363+05:30  INFO 13508 --- [ims] [restartedMain] o.apache.catalina.core.StandardEngine    : Starting Servlet engine: [Apache Tomcat/11.0.15]
2026-01-21T12:26:42.408+05:30  INFO 13508 --- [ims] [restartedMain] b.w.c.s.WebApplicationContextInitializer : Root WebApplicationContext: initialization completed in 665 ms
2026-01-21T12:26:42.480+05:30  INFO 13508 --- [ims] [restartedMain] org.hibernate.orm.jpa                    : HHH008540: Processing PersistenceUnitInfo [name: default]
2026-01-21T12:26:42.514+05:30  INFO 13508 --- [ims] [restartedMain] o.s.o.j.p.SpringPersistenceUnitInfo      : No LoadTimeWeaver setup: ignoring JPA class transformer
2026-01-21T12:26:42.515+05:30  INFO 13508 --- [ims] [restartedMain] com.zaxxer.hikari.HikariDataSource       : HikariPool-2 - Starting...
2026-01-21T12:26:42.533+05:30  INFO 13508 --- [ims] [restartedMain] com.zaxxer.hikari.pool.HikariPool        : HikariPool-2 - Added connection com.mysql.cj.jdbc.ConnectionImpl@13cacbea
2026-01-21T12:26:42.534+05:30  INFO 13508 --- [ims] [restartedMain] com.zaxxer.hikari.HikariDataSource       : HikariPool-2 - Start completed.
2026-01-21T12:26:42.539+05:30  INFO 13508 --- [ims] [restartedMain] org.hibernate.orm.connections.pooling    : HHH10001005: Database info:
	Database JDBC URL [jdbc:mysql://localhost:3306/imsdb?createDatabaseIfNotExist=true]
	Database driver: MySQL Connector/J
	Database dialect: MySQLDialect
	Database version: 8.0.43
	Default catalog/schema: imsdb/undefined
	Autocommit mode: undefined/unknown
	Isolation level: REPEATABLE_READ [default REPEATABLE_READ]
	JDBC fetch size: none
	Pool: DataSourceConnectionProvider
	Minimum pool size: undefined/unknown
	Maximum pool size: undefined/unknown
2026-01-21T12:26:42.581+05:30  INFO 13508 --- [ims] [restartedMain] org.hibernate.orm.core                   : HHH000489: No JTA platform available (set 'hibernate.transaction.jta.platform' to enable JTA platform integration)
2026-01-21T12:26:42.590+05:30  INFO 13508 --- [ims] [restartedMain] j.LocalContainerEntityManagerFactoryBean : Initialized JPA EntityManagerFactory for persistence unit 'default'
2026-01-21T12:26:42.657+05:30  WARN 13508 --- [ims] [restartedMain] JpaBaseConfiguration$JpaWebConfiguration : spring.jpa.open-in-view is enabled by default. Therefore, database queries may be performed during view rendering. Explicitly configure spring.jpa.open-in-view to disable this warning
2026-01-21T12:26:42.702+05:30  WARN 13508 --- [ims] [restartedMain] ConfigServletWebServerApplicationContext : Exception encountered during context initialization - cancelling refresh attempt: org.springframework.beans.factory.UnsatisfiedDependencyException: Error creating bean with name 'org.springframework.security.config.annotation.web.configuration.WebSecurityConfiguration': Unsatisfied dependency expressed through method 'setFilterChains' parameter 0: Error creating bean with name 'managementSecurityFilterChain' defined in class path resource [org/springframework/boot/security/autoconfigure/actuate/web/servlet/ManagementWebSecurityAutoConfiguration.class]: Unsatisfied dependency expressed through method 'managementSecurityFilterChain' parameter 1: Error creating bean with name 'org.springframework.security.config.annotation.web.configuration.HttpSecurityConfiguration.httpSecurity' defined in class path resource [org/springframework/security/config/annotation/web/configuration/HttpSecurityConfiguration.class]: Failed to instantiate [org.springframework.security.config.annotation.web.builders.HttpSecurity]: Factory method 'httpSecurity' threw exception with message: Error creating bean with name 'passwordEncoder' defined in class path resource [com/cts/config/AppSecurityConfig.class]: Failed to instantiate [org.springframework.security.crypto.password.PasswordEncoder]: Factory method 'passwordEncoder' threw exception with message: com/password4j/HashingFunction
2026-01-21T12:26:42.702+05:30  INFO 13508 --- [ims] [restartedMain] j.LocalContainerEntityManagerFactoryBean : Closing JPA EntityManagerFactory for persistence unit 'default'
2026-01-21T12:26:42.703+05:30  INFO 13508 --- [ims] [restartedMain] com.zaxxer.hikari.HikariDataSource       : HikariPool-2 - Shutdown initiated...
2026-01-21T12:26:42.745+05:30  INFO 13508 --- [ims] [restartedMain] com.zaxxer.hikari.HikariDataSource       : HikariPool-2 - Shutdown completed.
2026-01-21T12:26:42.746+05:30  INFO 13508 --- [ims] [restartedMain] o.apache.catalina.core.StandardService   : Stopping service [Tomcat]
2026-01-21T12:26:42.762+05:30  INFO 13508 --- [ims] [restartedMain] .s.b.a.l.ConditionEvaluationReportLogger : 

Error starting ApplicationContext. To display the condition evaluation report re-run your application with 'debug' enabled.
2026-01-21T12:26:42.779+05:30 ERROR 13508 --- [ims] [restartedMain] o.s.boot.SpringApplication               : Application run failed

org.springframework.beans.factory.UnsatisfiedDependencyException: Error creating bean with name 'org.springframework.security.config.annotation.web.configuration.WebSecurityConfiguration': Unsatisfied dependency expressed through method 'setFilterChains' parameter 0: Error creating bean with name 'managementSecurityFilterChain' defined in class path resource [org/springframework/boot/security/autoconfigure/actuate/web/servlet/ManagementWebSecurityAutoConfiguration.class]: Unsatisfied dependency expressed through method 'managementSecurityFilterChain' parameter 1: Error creating bean with name 'org.springframework.security.config.annotation.web.configuration.HttpSecurityConfiguration.httpSecurity' defined in class path resource [org/springframework/security/config/annotation/web/configuration/HttpSecurityConfiguration.class]: Failed to instantiate [org.springframework.security.config.annotation.web.builders.HttpSecurity]: Factory method 'httpSecurity' threw exception with message: Error creating bean with name 'passwordEncoder' defined in class path resource [com/cts/config/AppSecurityConfig.class]: Failed to instantiate [org.springframework.security.crypto.password.PasswordEncoder]: Factory method 'passwordEncoder' threw exception with message: com/password4j/HashingFunction
	at org.springframework.beans.factory.annotation.AutowiredAnnotationBeanPostProcessor$AutowiredMethodElement.resolveMethodArguments(AutowiredAnnotationBeanPostProcessor.java:871) ~[spring-beans-7.0.2.jar:7.0.2]
	at org.springframework.beans.factory.annotation.AutowiredAnnotationBeanPostProcessor$AutowiredMethodElement.inject(AutowiredAnnotationBeanPostProcessor.java:826) ~[spring-beans-7.0.2.jar:7.0.2]
	at org.springframework.beans.factory.annotation.InjectionMetadata.inject(InjectionMetadata.java:146) ~[spring-beans-7.0.2.jar:7.0.2]
	at org.springframework.beans.factory.annotation.AutowiredAnnotationBeanPostProcessor.postProcessProperties(AutowiredAnnotationBeanPostProcessor.java:492) ~[spring-beans-7.0.2.jar:7.0.2]
	at org.springframework.beans.factory.support.AbstractAutowireCapableBeanFactory.populateBean(AbstractAutowireCapableBeanFactory.java:1446) ~[spring-beans-7.0.2.jar:7.0.2]
	at org.springframework.beans.factory.support.AbstractAutowireCapableBeanFactory.doCreateBean(AbstractAutowireCapableBeanFactory.java:602) ~[spring-beans-7.0.2.jar:7.0.2]
	at org.springframework.beans.factory.support.AbstractAutowireCapableBeanFactory.createBean(AbstractAutowireCapableBeanFactory.java:525) ~[spring-beans-7.0.2.jar:7.0.2]
	at org.springframework.beans.factory.support.AbstractBeanFactory.lambda$doGetBean$0(AbstractBeanFactory.java:333) ~[spring-beans-7.0.2.jar:7.0.2]
	at org.springframework.beans.factory.support.DefaultSingletonBeanRegistry.getSingleton(DefaultSingletonBeanRegistry.java:371) ~[spring-beans-7.0.2.jar:7.0.2]
	at org.springframework.beans.factory.support.AbstractBeanFactory.doGetBean(AbstractBeanFactory.java:331) ~[spring-beans-7.0.2.jar:7.0.2]
	at org.springframework.beans.factory.support.AbstractBeanFactory.getBean(AbstractBeanFactory.java:196) ~[spring-beans-7.0.2.jar:7.0.2]
	at org.springframework.beans.factory.support.DefaultListableBeanFactory.instantiateSingleton(DefaultListableBeanFactory.java:1218) ~[spring-beans-7.0.2.jar:7.0.2]
	at org.springframework.beans.factory.support.DefaultListableBeanFactory.preInstantiateSingleton(DefaultListableBeanFactory.java:1184) ~[spring-beans-7.0.2.jar:7.0.2]
	at org.springframework.beans.factory.support.DefaultListableBeanFactory.preInstantiateSingletons(DefaultListableBeanFactory.java:1121) ~[spring-beans-7.0.2.jar:7.0.2]
	at org.springframework.context.support.AbstractApplicationContext.finishBeanFactoryInitialization(AbstractApplicationContext.java:993) ~[spring-context-7.0.2.jar:7.0.2]
	at org.springframework.context.support.AbstractApplicationContext.refresh(AbstractApplicationContext.java:620) ~[spring-context-7.0.2.jar:7.0.2]
	at org.springframework.boot.web.server.servlet.context.ServletWebServerApplicationContext.refresh(ServletWebServerApplicationContext.java:143) ~[spring-boot-web-server-4.0.1.jar:4.0.1]
	at org.springframework.boot.SpringApplication.refresh(SpringApplication.java:756) ~[spring-boot-4.0.1.jar:4.0.1]
	at org.springframework.boot.SpringApplication.refreshContext(SpringApplication.java:445) ~[spring-boot-4.0.1.jar:4.0.1]
	at org.springframework.boot.SpringApplication.run(SpringApplication.java:321) ~[spring-boot-4.0.1.jar:4.0.1]
	at org.springframework.boot.SpringApplication.run(SpringApplication.java:1365) ~[spring-boot-4.0.1.jar:4.0.1]
	at org.springframework.boot.SpringApplication.run(SpringApplication.java:1354) ~[spring-boot-4.0.1.jar:4.0.1]
	at com.cts.ImsApplication.main(ImsApplication.java:10) ~[classes/:na]
	at java.base/jdk.internal.reflect.DirectMethodHandleAccessor.invoke(DirectMethodHandleAccessor.java:103) ~[na:na]
	at java.base/java.lang.reflect.Method.invoke(Method.java:580) ~[na:na]
	at org.springframework.boot.devtools.restart.RestartLauncher.run(RestartLauncher.java:52) ~[spring-boot-devtools-4.0.1.jar:4.0.1]
Caused by: org.springframework.beans.factory.UnsatisfiedDependencyException: Error creating bean with name 'managementSecurityFilterChain' defined in class path resource [org/springframework/boot/security/autoconfigure/actuate/web/servlet/ManagementWebSecurityAutoConfiguration.class]: Unsatisfied dependency expressed through method 'managementSecurityFilterChain' parameter 1: Error creating bean with name 'org.springframework.security.config.annotation.web.configuration.HttpSecurityConfiguration.httpSecurity' defined in class path resource [org/springframework/security/config/annotation/web/configuration/HttpSecurityConfiguration.class]: Failed to instantiate [org.springframework.security.config.annotation.web.builders.HttpSecurity]: Factory method 'httpSecurity' threw exception with message: Error creating bean with name 'passwordEncoder' defined in class path resource [com/cts/config/AppSecurityConfig.class]: Failed to instantiate [org.springframework.security.crypto.password.PasswordEncoder]: Factory method 'passwordEncoder' threw exception with message: com/password4j/HashingFunction
	at org.springframework.beans.factory.support.ConstructorResolver.createArgumentArray(ConstructorResolver.java:804) ~[spring-beans-7.0.2.jar:7.0.2]
	at org.springframework.beans.factory.support.ConstructorResolver.instantiateUsingFactoryMethod(ConstructorResolver.java:546) ~[spring-beans-7.0.2.jar:7.0.2]
	at org.springframework.beans.factory.support.AbstractAutowireCapableBeanFactory.instantiateUsingFactoryMethod(AbstractAutowireCapableBeanFactory.java:1362) ~[spring-beans-7.0.2.jar:7.0.2]
	at org.springframework.beans.factory.support.AbstractAutowireCapableBeanFactory.createBeanInstance(AbstractAutowireCapableBeanFactory.java:1194) ~[spring-beans-7.0.2.jar:7.0.2]
	at org.springframework.beans.factory.support.AbstractAutowireCapableBeanFactory.doCreateBean(AbstractAutowireCapableBeanFactory.java:565) ~[spring-beans-7.0.2.jar:7.0.2]
	at org.springframework.beans.factory.support.AbstractAutowireCapableBeanFactory.createBean(AbstractAutowireCapableBeanFactory.java:525) ~[spring-beans-7.0.2.jar:7.0.2]
	at org.springframework.beans.factory.support.AbstractBeanFactory.lambda$doGetBean$0(AbstractBeanFactory.java:333) ~[spring-beans-7.0.2.jar:7.0.2]
	at org.springframework.beans.factory.support.DefaultSingletonBeanRegistry.getSingleton(DefaultSingletonBeanRegistry.java:371) ~[spring-beans-7.0.2.jar:7.0.2]
	at org.springframework.beans.factory.support.AbstractBeanFactory.doGetBean(AbstractBeanFactory.java:331) ~[spring-beans-7.0.2.jar:7.0.2]
	at org.springframework.beans.factory.support.AbstractBeanFactory.getBean(AbstractBeanFactory.java:201) ~[spring-beans-7.0.2.jar:7.0.2]
	at org.springframework.beans.factory.config.DependencyDescriptor.resolveCandidate(DependencyDescriptor.java:229) ~[spring-beans-7.0.2.jar:7.0.2]
	at org.springframework.beans.factory.support.DefaultListableBeanFactory.addCandidateEntry(DefaultListableBeanFactory.java:2008) ~[spring-beans-7.0.2.jar:7.0.2]
	at org.springframework.beans.factory.support.DefaultListableBeanFactory.findAutowireCandidates(DefaultListableBeanFactory.java:1971) ~[spring-beans-7.0.2.jar:7.0.2]
	at org.springframework.beans.factory.support.DefaultListableBeanFactory.resolveMultipleBeanCollection(DefaultListableBeanFactory.java:1863) ~[spring-beans-7.0.2.jar:7.0.2]
	at org.springframework.beans.factory.support.DefaultListableBeanFactory.resolveMultipleBeans(DefaultListableBeanFactory.java:1833) ~[spring-beans-7.0.2.jar:7.0.2]
	at org.springframework.beans.factory.support.DefaultListableBeanFactory.doResolveDependency(DefaultListableBeanFactory.java:1711) ~[spring-beans-7.0.2.jar:7.0.2]
	at org.springframework.beans.factory.support.DefaultListableBeanFactory.resolveDependency(DefaultListableBeanFactory.java:1651) ~[spring-beans-7.0.2.jar:7.0.2]
	at org.springframework.beans.factory.annotation.AutowiredAnnotationBeanPostProcessor$AutowiredMethodElement.resolveMethodArguments(AutowiredAnnotationBeanPostProcessor.java:863) ~[spring-beans-7.0.2.jar:7.0.2]
	... 25 common frames omitted
Caused by: org.springframework.beans.factory.BeanCreationException: Error creating bean with name 'org.springframework.security.config.annotation.web.configuration.HttpSecurityConfiguration.httpSecurity' defined in class path resource [org/springframework/security/config/annotation/web/configuration/HttpSecurityConfiguration.class]: Failed to instantiate [org.springframework.security.config.annotation.web.builders.HttpSecurity]: Factory method 'httpSecurity' threw exception with message: Error creating bean with name 'passwordEncoder' defined in class path resource [com/cts/config/AppSecurityConfig.class]: Failed to instantiate [org.springframework.security.crypto.password.PasswordEncoder]: Factory method 'passwordEncoder' threw exception with message: com/password4j/HashingFunction
	at org.springframework.beans.factory.support.ConstructorResolver.instantiate(ConstructorResolver.java:657) ~[spring-beans-7.0.2.jar:7.0.2]
	at org.springframework.beans.factory.support.ConstructorResolver.instantiateUsingFactoryMethod(ConstructorResolver.java:489) ~[spring-beans-7.0.2.jar:7.0.2]
	at org.springframework.beans.factory.support.AbstractAutowireCapableBeanFactory.instantiateUsingFactoryMethod(AbstractAutowireCapableBeanFactory.java:1362) ~[spring-beans-7.0.2.jar:7.0.2]
	at org.springframework.beans.factory.support.AbstractAutowireCapableBeanFactory.createBeanInstance(AbstractAutowireCapableBeanFactory.java:1194) ~[spring-beans-7.0.2.jar:7.0.2]
	at org.springframework.beans.factory.support.AbstractAutowireCapableBeanFactory.doCreateBean(AbstractAutowireCapableBeanFactory.java:565) ~[spring-beans-7.0.2.jar:7.0.2]
	at org.springframework.beans.factory.support.AbstractAutowireCapableBeanFactory.createBean(AbstractAutowireCapableBeanFactory.java:525) ~[spring-beans-7.0.2.jar:7.0.2]
	at org.springframework.beans.factory.support.AbstractBeanFactory.doGetBean(AbstractBeanFactory.java:351) ~[spring-beans-7.0.2.jar:7.0.2]
	at org.springframework.beans.factory.support.AbstractBeanFactory.getBean(AbstractBeanFactory.java:201) ~[spring-beans-7.0.2.jar:7.0.2]
	at org.springframework.beans.factory.config.DependencyDescriptor.resolveCandidate(DependencyDescriptor.java:229) ~[spring-beans-7.0.2.jar:7.0.2]
	at org.springframework.beans.factory.support.DefaultListableBeanFactory.doResolveDependency(DefaultListableBeanFactory.java:1762) ~[spring-beans-7.0.2.jar:7.0.2]
	at org.springframework.beans.factory.support.DefaultListableBeanFactory.resolveDependency(DefaultListableBeanFactory.java:1651) ~[spring-beans-7.0.2.jar:7.0.2]
	at org.springframework.beans.factory.support.ConstructorResolver.resolveAutowiredArgument(ConstructorResolver.java:912) ~[spring-beans-7.0.2.jar:7.0.2]
	at org.springframework.beans.factory.support.ConstructorResolver.createArgumentArray(ConstructorResolver.java:791) ~[spring-beans-7.0.2.jar:7.0.2]
	... 42 common frames omitted
Caused by: org.springframework.beans.BeanInstantiationException: Failed to instantiate [org.springframework.security.config.annotation.web.builders.HttpSecurity]: Factory method 'httpSecurity' threw exception with message: Error creating bean with name 'passwordEncoder' defined in class path resource [com/cts/config/AppSecurityConfig.class]: Failed to instantiate [org.springframework.security.crypto.password.PasswordEncoder]: Factory method 'passwordEncoder' threw exception with message: com/password4j/HashingFunction
	at org.springframework.beans.factory.support.SimpleInstantiationStrategy.lambda$instantiate$0(SimpleInstantiationStrategy.java:183) ~[spring-beans-7.0.2.jar:7.0.2]
	at org.springframework.beans.factory.support.SimpleInstantiationStrategy.instantiateWithFactoryMethod(SimpleInstantiationStrategy.java:72) ~[spring-beans-7.0.2.jar:7.0.2]
	at org.springframework.beans.factory.support.SimpleInstantiationStrategy.instantiate(SimpleInstantiationStrategy.java:152) ~[spring-beans-7.0.2.jar:7.0.2]
	at org.springframework.beans.factory.support.ConstructorResolver.instantiate(ConstructorResolver.java:653) ~[spring-beans-7.0.2.jar:7.0.2]
	... 54 common frames omitted
Caused by: org.springframework.beans.factory.BeanCreationException: Error creating bean with name 'passwordEncoder' defined in class path resource [com/cts/config/AppSecurityConfig.class]: Failed to instantiate [org.springframework.security.crypto.password.PasswordEncoder]: Factory method 'passwordEncoder' threw exception with message: com/password4j/HashingFunction
	at org.springframework.beans.factory.support.ConstructorResolver.instantiate(ConstructorResolver.java:657) ~[spring-beans-7.0.2.jar:7.0.2]
	at org.springframework.beans.factory.support.ConstructorResolver.instantiateUsingFactoryMethod(ConstructorResolver.java:489) ~[spring-beans-7.0.2.jar:7.0.2]
	at org.springframework.beans.factory.support.AbstractAutowireCapableBeanFactory.instantiateUsingFactoryMethod(AbstractAutowireCapableBeanFactory.java:1362) ~[spring-beans-7.0.2.jar:7.0.2]
	at org.springframework.beans.factory.support.AbstractAutowireCapableBeanFactory.createBeanInstance(AbstractAutowireCapableBeanFactory.java:1194) ~[spring-beans-7.0.2.jar:7.0.2]
	at org.springframework.beans.factory.support.AbstractAutowireCapableBeanFactory.doCreateBean(AbstractAutowireCapableBeanFactory.java:565) ~[spring-beans-7.0.2.jar:7.0.2]
	at org.springframework.beans.factory.support.AbstractAutowireCapableBeanFactory.createBean(AbstractAutowireCapableBeanFactory.java:525) ~[spring-beans-7.0.2.jar:7.0.2]
	at org.springframework.beans.factory.support.AbstractBeanFactory.lambda$doGetBean$0(AbstractBeanFactory.java:333) ~[spring-beans-7.0.2.jar:7.0.2]
	at org.springframework.beans.factory.support.DefaultSingletonBeanRegistry.getSingleton(DefaultSingletonBeanRegistry.java:371) ~[spring-beans-7.0.2.jar:7.0.2]
	at org.springframework.beans.factory.support.AbstractBeanFactory.doGetBean(AbstractBeanFactory.java:331) ~[spring-beans-7.0.2.jar:7.0.2]
	at org.springframework.beans.factory.support.AbstractBeanFactory.getBean(AbstractBeanFactory.java:201) ~[spring-beans-7.0.2.jar:7.0.2]
	at org.springframework.beans.factory.support.DefaultListableBeanFactory.resolveBean(DefaultListableBeanFactory.java:1225) ~[spring-beans-7.0.2.jar:7.0.2]
	at org.springframework.beans.factory.support.DefaultListableBeanFactory.resolveNamedBean(DefaultListableBeanFactory.java:1622) ~[spring-beans-7.0.2.jar:7.0.2]
	at org.springframework.beans.factory.support.DefaultListableBeanFactory.resolveNamedBean(DefaultListableBeanFactory.java:1581) ~[spring-beans-7.0.2.jar:7.0.2]
	at org.springframework.beans.factory.support.DefaultListableBeanFactory.resolveBean(DefaultListableBeanFactory.java:556) ~[spring-beans-7.0.2.jar:7.0.2]
	at org.springframework.beans.factory.support.DefaultListableBeanFactory$1.getIfUnique(DefaultListableBeanFactory.java:483) ~[spring-beans-7.0.2.jar:7.0.2]
	at org.springframework.security.config.annotation.authentication.configuration.InitializeUserDetailsBeanManagerConfigurer$InitializeUserDetailsManagerConfigurer.getBeanOrNull(InitializeUserDetailsBeanManagerConfigurer.java:119) ~[spring-security-config-7.0.2.jar:7.0.2]
	at org.springframework.security.config.annotation.authentication.configuration.InitializeUserDetailsBeanManagerConfigurer$InitializeUserDetailsManagerConfigurer.configure(InitializeUserDetailsBeanManagerConfigurer.java:95) ~[spring-security-config-7.0.2.jar:7.0.2]
	at org.springframework.security.config.annotation.authentication.configuration.InitializeUserDetailsBeanManagerConfigurer$InitializeUserDetailsManagerConfigurer.configure(InitializeUserDetailsBeanManagerConfigurer.java:63) ~[spring-security-config-7.0.2.jar:7.0.2]
	at org.springframework.security.config.annotation.AbstractConfiguredSecurityBuilder.configure(AbstractConfiguredSecurityBuilder.java:386) ~[spring-security-config-7.0.2.jar:7.0.2]
	at org.springframework.security.config.annotation.AbstractConfiguredSecurityBuilder.doBuild(AbstractConfiguredSecurityBuilder.java:336) ~[spring-security-config-7.0.2.jar:7.0.2]
	at org.springframework.security.config.annotation.AbstractSecurityBuilder.build(AbstractSecurityBuilder.java:38) ~[spring-security-config-7.0.2.jar:7.0.2]
	at org.springframework.security.config.annotation.authentication.configuration.AuthenticationConfiguration.getAuthenticationManager(AuthenticationConfiguration.java:121) ~[spring-security-config-7.0.2.jar:7.0.2]
	at org.springframework.security.config.annotation.web.configuration.HttpSecurityConfiguration.authenticationManager(HttpSecurityConfiguration.java:152) ~[spring-security-config-7.0.2.jar:7.0.2]
	at org.springframework.security.config.annotation.web.configuration.HttpSecurityConfiguration.httpSecurity(HttpSecurityConfiguration.java:119) ~[spring-security-config-7.0.2.jar:7.0.2]
	at java.base/jdk.internal.reflect.DirectMethodHandleAccessor.invoke(DirectMethodHandleAccessor.java:103) ~[na:na]
	at java.base/java.lang.reflect.Method.invoke(Method.java:580) ~[na:na]
	at org.springframework.beans.factory.support.SimpleInstantiationStrategy.lambda$instantiate$0(SimpleInstantiationStrategy.java:155) ~[spring-beans-7.0.2.jar:7.0.2]
	... 57 common frames omitted
Caused by: org.springframework.beans.BeanInstantiationException: Failed to instantiate [org.springframework.security.crypto.password.PasswordEncoder]: Factory method 'passwordEncoder' threw exception with message: com/password4j/HashingFunction
	at org.springframework.beans.factory.support.SimpleInstantiationStrategy.lambda$instantiate$0(SimpleInstantiationStrategy.java:183) ~[spring-beans-7.0.2.jar:7.0.2]
	at org.springframework.beans.factory.support.SimpleInstantiationStrategy.instantiateWithFactoryMethod(SimpleInstantiationStrategy.java:72) ~[spring-beans-7.0.2.jar:7.0.2]
	at org.springframework.beans.factory.support.SimpleInstantiationStrategy.instantiate(SimpleInstantiationStrategy.java:152) ~[spring-beans-7.0.2.jar:7.0.2]
	at org.springframework.beans.factory.support.ConstructorResolver.instantiate(ConstructorResolver.java:653) ~[spring-beans-7.0.2.jar:7.0.2]
	... 83 common frames omitted
Caused by: java.lang.NoClassDefFoundError: com/password4j/HashingFunction
	at com.cts.config.AppSecurityConfig.passwordEncoder(AppSecurityConfig.java:26) ~[classes/:na]
	at com.cts.config.AppSecurityConfig$$SpringCGLIB$$0.CGLIB$passwordEncoder$0(<generated>) ~[classes/:na]
	at com.cts.config.AppSecurityConfig$$SpringCGLIB$$FastClass$$1.invoke(<generated>) ~[classes/:na]
	at org.springframework.cglib.proxy.MethodProxy.invokeSuper(MethodProxy.java:258) ~[spring-core-7.0.2.jar:7.0.2]
	at org.springframework.context.annotation.ConfigurationClassEnhancer$BeanMethodInterceptor.intercept(ConfigurationClassEnhancer.java:398) ~[spring-context-7.0.2.jar:7.0.2]
	at com.cts.config.AppSecurityConfig$$SpringCGLIB$$0.passwordEncoder(<generated>) ~[classes/:na]
	at java.base/jdk.internal.reflect.DirectMethodHandleAccessor.invoke(DirectMethodHandleAccessor.java:103) ~[na:na]
	at java.base/java.lang.reflect.Method.invoke(Method.java:580) ~[na:na]
	at org.springframework.beans.factory.support.SimpleInstantiationStrategy.lambda$instantiate$0(SimpleInstantiationStrategy.java:155) ~[spring-beans-7.0.2.jar:7.0.2]
	... 86 common frames omitted
Caused by: java.lang.ClassNotFoundException: com.password4j.HashingFunction
	at java.base/jdk.internal.loader.BuiltinClassLoader.loadClass(BuiltinClassLoader.java:641) ~[na:na]
	at java.base/jdk.internal.loader.ClassLoaders$AppClassLoader.loadClass(ClassLoaders.java:188) ~[na:na]
	at java.base/java.lang.ClassLoader.loadClass(ClassLoader.java:526) ~[na:na]
	... 95 common frames omitted

2026-01-21T12:27:57.406+05:30  INFO 13508 --- [ims] [restartedMain] com.cts.ImsApplication                   : Starting ImsApplication using Java 21.0.6 with PID 13508 (C:\Users\2393375\Documents\ADM2026\Backend\ims\target\classes started by 2393375 in C:\Users\2393375\Documents\ADM2026\Backend\ims)
2026-01-21T12:27:57.406+05:30  INFO 13508 --- [ims] [restartedMain] com.cts.ImsApplication                   : No active profile set, falling back to 1 default profile: "default"
2026-01-21T12:27:57.780+05:30  INFO 13508 --- [ims] [restartedMain] .s.d.r.c.RepositoryConfigurationDelegate : Bootstrapping Spring Data JPA repositories in DEFAULT mode.
2026-01-21T12:27:57.793+05:30  INFO 13508 --- [ims] [restartedMain] .s.d.r.c.RepositoryConfigurationDelegate : Finished Spring Data repository scanning in 11 ms. Found 1 JPA repository interface.
2026-01-21T12:27:57.919+05:30  INFO 13508 --- [ims] [restartedMain] o.s.boot.tomcat.TomcatWebServer          : Tomcat initialized with port 8080 (http)
2026-01-21T12:27:57.920+05:30  INFO 13508 --- [ims] [restartedMain] o.apache.catalina.core.StandardService   : Starting service [Tomcat]
2026-01-21T12:27:57.920+05:30  INFO 13508 --- [ims] [restartedMain] o.apache.catalina.core.StandardEngine    : Starting Servlet engine: [Apache Tomcat/11.0.15]
2026-01-21T12:27:57.974+05:30  INFO 13508 --- [ims] [restartedMain] b.w.c.s.WebApplicationContextInitializer : Root WebApplicationContext: initialization completed in 563 ms
2026-01-21T12:27:58.041+05:30  INFO 13508 --- [ims] [restartedMain] org.hibernate.orm.jpa                    : HHH008540: Processing PersistenceUnitInfo [name: default]
2026-01-21T12:27:58.091+05:30  INFO 13508 --- [ims] [restartedMain] o.s.o.j.p.SpringPersistenceUnitInfo      : No LoadTimeWeaver setup: ignoring JPA class transformer
2026-01-21T12:27:58.093+05:30  INFO 13508 --- [ims] [restartedMain] com.zaxxer.hikari.HikariDataSource       : HikariPool-3 - Starting...
2026-01-21T12:27:58.120+05:30  INFO 13508 --- [ims] [restartedMain] com.zaxxer.hikari.pool.HikariPool        : HikariPool-3 - Added connection com.mysql.cj.jdbc.ConnectionImpl@707565ec
2026-01-21T12:27:58.120+05:30  INFO 13508 --- [ims] [restartedMain] com.zaxxer.hikari.HikariDataSource       : HikariPool-3 - Start completed.
2026-01-21T12:27:58.122+05:30  INFO 13508 --- [ims] [restartedMain] org.hibernate.orm.connections.pooling    : HHH10001005: Database info:
	Database JDBC URL [jdbc:mysql://localhost:3306/imsdb?createDatabaseIfNotExist=true]
	Database driver: MySQL Connector/J
	Database dialect: MySQLDialect
	Database version: 8.0.43
	Default catalog/schema: imsdb/undefined
	Autocommit mode: undefined/unknown
	Isolation level: REPEATABLE_READ [default REPEATABLE_READ]
	JDBC fetch size: none
	Pool: DataSourceConnectionProvider
	Minimum pool size: undefined/unknown
	Maximum pool size: undefined/unknown
2026-01-21T12:27:58.157+05:30  INFO 13508 --- [ims] [restartedMain] org.hibernate.orm.core                   : HHH000489: No JTA platform available (set 'hibernate.transaction.jta.platform' to enable JTA platform integration)
2026-01-21T12:27:58.167+05:30  INFO 13508 --- [ims] [restartedMain] j.LocalContainerEntityManagerFactoryBean : Initialized JPA EntityManagerFactory for persistence unit 'default'
2026-01-21T12:27:58.228+05:30  WARN 13508 --- [ims] [restartedMain] JpaBaseConfiguration$JpaWebConfiguration : spring.jpa.open-in-view is enabled by default. Therefore, database queries may be performed during view rendering. Explicitly configure spring.jpa.open-in-view to disable this warning
2026-01-21T12:27:58.254+05:30  WARN 13508 --- [ims] [restartedMain] ConfigServletWebServerApplicationContext : Exception encountered during context initialization - cancelling refresh attempt: org.springframework.beans.factory.UnsatisfiedDependencyException: Error creating bean with name 'org.springframework.security.config.annotation.web.configuration.WebSecurityConfiguration': Unsatisfied dependency expressed through method 'setFilterChains' parameter 0: Error creating bean with name 'managementSecurityFilterChain' defined in class path resource [org/springframework/boot/security/autoconfigure/actuate/web/servlet/ManagementWebSecurityAutoConfiguration.class]: Unsatisfied dependency expressed through method 'managementSecurityFilterChain' parameter 1: Error creating bean with name 'org.springframework.security.config.annotation.web.configuration.HttpSecurityConfiguration.httpSecurity' defined in class path resource [org/springframework/security/config/annotation/web/configuration/HttpSecurityConfiguration.class]: Failed to instantiate [org.springframework.security.config.annotation.web.builders.HttpSecurity]: Factory method 'httpSecurity' threw exception with message: Error creating bean with name 'userDetailsService' defined in class path resource [com/cts/config/AppSecurityConfig.class]: Failed to instantiate [org.springframework.security.core.userdetails.UserDetailsService]: Factory method 'userDetailsService' threw exception with message: Unresolved compilation problem: 
	The method password(String) in the type User.UserBuilder is not applicable for the arguments ()

2026-01-21T12:27:58.255+05:30  INFO 13508 --- [ims] [restartedMain] j.LocalContainerEntityManagerFactoryBean : Closing JPA EntityManagerFactory for persistence unit 'default'
2026-01-21T12:27:58.255+05:30  INFO 13508 --- [ims] [restartedMain] com.zaxxer.hikari.HikariDataSource       : HikariPool-3 - Shutdown initiated...
2026-01-21T12:27:58.271+05:30  INFO 13508 --- [ims] [restartedMain] com.zaxxer.hikari.HikariDataSource       : HikariPool-3 - Shutdown completed.
2026-01-21T12:27:58.272+05:30  INFO 13508 --- [ims] [restartedMain] o.apache.catalina.core.StandardService   : Stopping service [Tomcat]
2026-01-21T12:27:58.276+05:30  INFO 13508 --- [ims] [restartedMain] .s.b.a.l.ConditionEvaluationReportLogger : 

Error starting ApplicationContext. To display the condition evaluation report re-run your application with 'debug' enabled.
2026-01-21T12:27:58.278+05:30 ERROR 13508 --- [ims] [restartedMain] o.s.boot.SpringApplication               : Application run failed

org.springframework.beans.factory.UnsatisfiedDependencyException: Error creating bean with name 'org.springframework.security.config.annotation.web.configuration.WebSecurityConfiguration': Unsatisfied dependency expressed through method 'setFilterChains' parameter 0: Error creating bean with name 'managementSecurityFilterChain' defined in class path resource [org/springframework/boot/security/autoconfigure/actuate/web/servlet/ManagementWebSecurityAutoConfiguration.class]: Unsatisfied dependency expressed through method 'managementSecurityFilterChain' parameter 1: Error creating bean with name 'org.springframework.security.config.annotation.web.configuration.HttpSecurityConfiguration.httpSecurity' defined in class path resource [org/springframework/security/config/annotation/web/configuration/HttpSecurityConfiguration.class]: Failed to instantiate [org.springframework.security.config.annotation.web.builders.HttpSecurity]: Factory method 'httpSecurity' threw exception with message: Error creating bean with name 'userDetailsService' defined in class path resource [com/cts/config/AppSecurityConfig.class]: Failed to instantiate [org.springframework.security.core.userdetails.UserDetailsService]: Factory method 'userDetailsService' threw exception with message: Unresolved compilation problem: 
	The method password(String) in the type User.UserBuilder is not applicable for the arguments ()

	at org.springframework.beans.factory.annotation.AutowiredAnnotationBeanPostProcessor$AutowiredMethodElement.resolveMethodArguments(AutowiredAnnotationBeanPostProcessor.java:871) ~[spring-beans-7.0.2.jar:7.0.2]
	at org.springframework.beans.factory.annotation.AutowiredAnnotationBeanPostProcessor$AutowiredMethodElement.inject(AutowiredAnnotationBeanPostProcessor.java:826) ~[spring-beans-7.0.2.jar:7.0.2]
	at org.springframework.beans.factory.annotation.InjectionMetadata.inject(InjectionMetadata.java:146) ~[spring-beans-7.0.2.jar:7.0.2]
	at org.springframework.beans.factory.annotation.AutowiredAnnotationBeanPostProcessor.postProcessProperties(AutowiredAnnotationBeanPostProcessor.java:492) ~[spring-beans-7.0.2.jar:7.0.2]
	at org.springframework.beans.factory.support.AbstractAutowireCapableBeanFactory.populateBean(AbstractAutowireCapableBeanFactory.java:1446) ~[spring-beans-7.0.2.jar:7.0.2]
	at org.springframework.beans.factory.support.AbstractAutowireCapableBeanFactory.doCreateBean(AbstractAutowireCapableBeanFactory.java:602) ~[spring-beans-7.0.2.jar:7.0.2]
	at org.springframework.beans.factory.support.AbstractAutowireCapableBeanFactory.createBean(AbstractAutowireCapableBeanFactory.java:525) ~[spring-beans-7.0.2.jar:7.0.2]
	at org.springframework.beans.factory.support.AbstractBeanFactory.lambda$doGetBean$0(AbstractBeanFactory.java:333) ~[spring-beans-7.0.2.jar:7.0.2]
	at org.springframework.beans.factory.support.DefaultSingletonBeanRegistry.getSingleton(DefaultSingletonBeanRegistry.java:371) ~[spring-beans-7.0.2.jar:7.0.2]
	at org.springframework.beans.factory.support.AbstractBeanFactory.doGetBean(AbstractBeanFactory.java:331) ~[spring-beans-7.0.2.jar:7.0.2]
	at org.springframework.beans.factory.support.AbstractBeanFactory.getBean(AbstractBeanFactory.java:196) ~[spring-beans-7.0.2.jar:7.0.2]
	at org.springframework.beans.factory.support.DefaultListableBeanFactory.instantiateSingleton(DefaultListableBeanFactory.java:1218) ~[spring-beans-7.0.2.jar:7.0.2]
	at org.springframework.beans.factory.support.DefaultListableBeanFactory.preInstantiateSingleton(DefaultListableBeanFactory.java:1184) ~[spring-beans-7.0.2.jar:7.0.2]
	at org.springframework.beans.factory.support.DefaultListableBeanFactory.preInstantiateSingletons(DefaultListableBeanFactory.java:1121) ~[spring-beans-7.0.2.jar:7.0.2]
	at org.springframework.context.support.AbstractApplicationContext.finishBeanFactoryInitialization(AbstractApplicationContext.java:993) ~[spring-context-7.0.2.jar:7.0.2]
	at org.springframework.context.support.AbstractApplicationContext.refresh(AbstractApplicationContext.java:620) ~[spring-context-7.0.2.jar:7.0.2]
	at org.springframework.boot.web.server.servlet.context.ServletWebServerApplicationContext.refresh(ServletWebServerApplicationContext.java:143) ~[spring-boot-web-server-4.0.1.jar:4.0.1]
	at org.springframework.boot.SpringApplication.refresh(SpringApplication.java:756) ~[spring-boot-4.0.1.jar:4.0.1]
	at org.springframework.boot.SpringApplication.refreshContext(SpringApplication.java:445) ~[spring-boot-4.0.1.jar:4.0.1]
	at org.springframework.boot.SpringApplication.run(SpringApplication.java:321) ~[spring-boot-4.0.1.jar:4.0.1]
	at org.springframework.boot.SpringApplication.run(SpringApplication.java:1365) ~[spring-boot-4.0.1.jar:4.0.1]
	at org.springframework.boot.SpringApplication.run(SpringApplication.java:1354) ~[spring-boot-4.0.1.jar:4.0.1]
	at com.cts.ImsApplication.main(ImsApplication.java:10) ~[classes/:na]
	at java.base/jdk.internal.reflect.DirectMethodHandleAccessor.invoke(DirectMethodHandleAccessor.java:103) ~[na:na]
	at java.base/java.lang.reflect.Method.invoke(Method.java:580) ~[na:na]
	at org.springframework.boot.devtools.restart.RestartLauncher.run(RestartLauncher.java:52) ~[spring-boot-devtools-4.0.1.jar:4.0.1]
Caused by: org.springframework.beans.factory.UnsatisfiedDependencyException: Error creating bean with name 'managementSecurityFilterChain' defined in class path resource [org/springframework/boot/security/autoconfigure/actuate/web/servlet/ManagementWebSecurityAutoConfiguration.class]: Unsatisfied dependency expressed through method 'managementSecurityFilterChain' parameter 1: Error creating bean with name 'org.springframework.security.config.annotation.web.configuration.HttpSecurityConfiguration.httpSecurity' defined in class path resource [org/springframework/security/config/annotation/web/configuration/HttpSecurityConfiguration.class]: Failed to instantiate [org.springframework.security.config.annotation.web.builders.HttpSecurity]: Factory method 'httpSecurity' threw exception with message: Error creating bean with name 'userDetailsService' defined in class path resource [com/cts/config/AppSecurityConfig.class]: Failed to instantiate [org.springframework.security.core.userdetails.UserDetailsService]: Factory method 'userDetailsService' threw exception with message: Unresolved compilation problem: 
	The method password(String) in the type User.UserBuilder is not applicable for the arguments ()

	at org.springframework.beans.factory.support.ConstructorResolver.createArgumentArray(ConstructorResolver.java:804) ~[spring-beans-7.0.2.jar:7.0.2]
	at org.springframework.beans.factory.support.ConstructorResolver.instantiateUsingFactoryMethod(ConstructorResolver.java:546) ~[spring-beans-7.0.2.jar:7.0.2]
	at org.springframework.beans.factory.support.AbstractAutowireCapableBeanFactory.instantiateUsingFactoryMethod(AbstractAutowireCapableBeanFactory.java:1362) ~[spring-beans-7.0.2.jar:7.0.2]
	at org.springframework.beans.factory.support.AbstractAutowireCapableBeanFactory.createBeanInstance(AbstractAutowireCapableBeanFactory.java:1194) ~[spring-beans-7.0.2.jar:7.0.2]
	at org.springframework.beans.factory.support.AbstractAutowireCapableBeanFactory.doCreateBean(AbstractAutowireCapableBeanFactory.java:565) ~[spring-beans-7.0.2.jar:7.0.2]
	at org.springframework.beans.factory.support.AbstractAutowireCapableBeanFactory.createBean(AbstractAutowireCapableBeanFactory.java:525) ~[spring-beans-7.0.2.jar:7.0.2]
	at org.springframework.beans.factory.support.AbstractBeanFactory.lambda$doGetBean$0(AbstractBeanFactory.java:333) ~[spring-beans-7.0.2.jar:7.0.2]
	at org.springframework.beans.factory.support.DefaultSingletonBeanRegistry.getSingleton(DefaultSingletonBeanRegistry.java:371) ~[spring-beans-7.0.2.jar:7.0.2]
	at org.springframework.beans.factory.support.AbstractBeanFactory.doGetBean(AbstractBeanFactory.java:331) ~[spring-beans-7.0.2.jar:7.0.2]
	at org.springframework.beans.factory.support.AbstractBeanFactory.getBean(AbstractBeanFactory.java:201) ~[spring-beans-7.0.2.jar:7.0.2]
	at org.springframework.beans.factory.config.DependencyDescriptor.resolveCandidate(DependencyDescriptor.java:229) ~[spring-beans-7.0.2.jar:7.0.2]
	at org.springframework.beans.factory.support.DefaultListableBeanFactory.addCandidateEntry(DefaultListableBeanFactory.java:2008) ~[spring-beans-7.0.2.jar:7.0.2]
	at org.springframework.beans.factory.support.DefaultListableBeanFactory.findAutowireCandidates(DefaultListableBeanFactory.java:1971) ~[spring-beans-7.0.2.jar:7.0.2]
	at org.springframework.beans.factory.support.DefaultListableBeanFactory.resolveMultipleBeanCollection(DefaultListableBeanFactory.java:1863) ~[spring-beans-7.0.2.jar:7.0.2]
	at org.springframework.beans.factory.support.DefaultListableBeanFactory.resolveMultipleBeans(DefaultListableBeanFactory.java:1833) ~[spring-beans-7.0.2.jar:7.0.2]
	at org.springframework.beans.factory.support.DefaultListableBeanFactory.doResolveDependency(DefaultListableBeanFactory.java:1711) ~[spring-beans-7.0.2.jar:7.0.2]
	at org.springframework.beans.factory.support.DefaultListableBeanFactory.resolveDependency(DefaultListableBeanFactory.java:1651) ~[spring-beans-7.0.2.jar:7.0.2]
	at org.springframework.beans.factory.annotation.AutowiredAnnotationBeanPostProcessor$AutowiredMethodElement.resolveMethodArguments(AutowiredAnnotationBeanPostProcessor.java:863) ~[spring-beans-7.0.2.jar:7.0.2]
	... 25 common frames omitted
Caused by: org.springframework.beans.factory.BeanCreationException: Error creating bean with name 'org.springframework.security.config.annotation.web.configuration.HttpSecurityConfiguration.httpSecurity' defined in class path resource [org/springframework/security/config/annotation/web/configuration/HttpSecurityConfiguration.class]: Failed to instantiate [org.springframework.security.config.annotation.web.builders.HttpSecurity]: Factory method 'httpSecurity' threw exception with message: Error creating bean with name 'userDetailsService' defined in class path resource [com/cts/config/AppSecurityConfig.class]: Failed to instantiate [org.springframework.security.core.userdetails.UserDetailsService]: Factory method 'userDetailsService' threw exception with message: Unresolved compilation problem: 
	The method password(String) in the type User.UserBuilder is not applicable for the arguments ()

	at org.springframework.beans.factory.support.ConstructorResolver.instantiate(ConstructorResolver.java:657) ~[spring-beans-7.0.2.jar:7.0.2]
	at org.springframework.beans.factory.support.ConstructorResolver.instantiateUsingFactoryMethod(ConstructorResolver.java:489) ~[spring-beans-7.0.2.jar:7.0.2]
	at org.springframework.beans.factory.support.AbstractAutowireCapableBeanFactory.instantiateUsingFactoryMethod(AbstractAutowireCapableBeanFactory.java:1362) ~[spring-beans-7.0.2.jar:7.0.2]
	at org.springframework.beans.factory.support.AbstractAutowireCapableBeanFactory.createBeanInstance(AbstractAutowireCapableBeanFactory.java:1194) ~[spring-beans-7.0.2.jar:7.0.2]
	at org.springframework.beans.factory.support.AbstractAutowireCapableBeanFactory.doCreateBean(AbstractAutowireCapableBeanFactory.java:565) ~[spring-beans-7.0.2.jar:7.0.2]
	at org.springframework.beans.factory.support.AbstractAutowireCapableBeanFactory.createBean(AbstractAutowireCapableBeanFactory.java:525) ~[spring-beans-7.0.2.jar:7.0.2]
	at org.springframework.beans.factory.support.AbstractBeanFactory.doGetBean(AbstractBeanFactory.java:351) ~[spring-beans-7.0.2.jar:7.0.2]
	at org.springframework.beans.factory.support.AbstractBeanFactory.getBean(AbstractBeanFactory.java:201) ~[spring-beans-7.0.2.jar:7.0.2]
	at org.springframework.beans.factory.config.DependencyDescriptor.resolveCandidate(DependencyDescriptor.java:229) ~[spring-beans-7.0.2.jar:7.0.2]
	at org.springframework.beans.factory.support.DefaultListableBeanFactory.doResolveDependency(DefaultListableBeanFactory.java:1762) ~[spring-beans-7.0.2.jar:7.0.2]
	at org.springframework.beans.factory.support.DefaultListableBeanFactory.resolveDependency(DefaultListableBeanFactory.java:1651) ~[spring-beans-7.0.2.jar:7.0.2]
	at org.springframework.beans.factory.support.ConstructorResolver.resolveAutowiredArgument(ConstructorResolver.java:912) ~[spring-beans-7.0.2.jar:7.0.2]
	at org.springframework.beans.factory.support.ConstructorResolver.createArgumentArray(ConstructorResolver.java:791) ~[spring-beans-7.0.2.jar:7.0.2]
	... 42 common frames omitted
Caused by: org.springframework.beans.BeanInstantiationException: Failed to instantiate [org.springframework.security.config.annotation.web.builders.HttpSecurity]: Factory method 'httpSecurity' threw exception with message: Error creating bean with name 'userDetailsService' defined in class path resource [com/cts/config/AppSecurityConfig.class]: Failed to instantiate [org.springframework.security.core.userdetails.UserDetailsService]: Factory method 'userDetailsService' threw exception with message: Unresolved compilation problem: 
	The method password(String) in the type User.UserBuilder is not applicable for the arguments ()

	at org.springframework.beans.factory.support.SimpleInstantiationStrategy.lambda$instantiate$0(SimpleInstantiationStrategy.java:183) ~[spring-beans-7.0.2.jar:7.0.2]
	at org.springframework.beans.factory.support.SimpleInstantiationStrategy.instantiateWithFactoryMethod(SimpleInstantiationStrategy.java:72) ~[spring-beans-7.0.2.jar:7.0.2]
	at org.springframework.beans.factory.support.SimpleInstantiationStrategy.instantiate(SimpleInstantiationStrategy.java:152) ~[spring-beans-7.0.2.jar:7.0.2]
	at org.springframework.beans.factory.support.ConstructorResolver.instantiate(ConstructorResolver.java:653) ~[spring-beans-7.0.2.jar:7.0.2]
	... 54 common frames omitted
Caused by: org.springframework.beans.factory.BeanCreationException: Error creating bean with name 'userDetailsService' defined in class path resource [com/cts/config/AppSecurityConfig.class]: Failed to instantiate [org.springframework.security.core.userdetails.UserDetailsService]: Factory method 'userDetailsService' threw exception with message: Unresolved compilation problem: 
	The method password(String) in the type User.UserBuilder is not applicable for the arguments ()

	at org.springframework.beans.factory.support.ConstructorResolver.instantiate(ConstructorResolver.java:657) ~[spring-beans-7.0.2.jar:7.0.2]
	at org.springframework.beans.factory.support.ConstructorResolver.instantiateUsingFactoryMethod(ConstructorResolver.java:489) ~[spring-beans-7.0.2.jar:7.0.2]
	at org.springframework.beans.factory.support.AbstractAutowireCapableBeanFactory.instantiateUsingFactoryMethod(AbstractAutowireCapableBeanFactory.java:1362) ~[spring-beans-7.0.2.jar:7.0.2]
	at org.springframework.beans.factory.support.AbstractAutowireCapableBeanFactory.createBeanInstance(AbstractAutowireCapableBeanFactory.java:1194) ~[spring-beans-7.0.2.jar:7.0.2]
	at org.springframework.beans.factory.support.AbstractAutowireCapableBeanFactory.doCreateBean(AbstractAutowireCapableBeanFactory.java:565) ~[spring-beans-7.0.2.jar:7.0.2]
	at org.springframework.beans.factory.support.AbstractAutowireCapableBeanFactory.createBean(AbstractAutowireCapableBeanFactory.java:525) ~[spring-beans-7.0.2.jar:7.0.2]
	at org.springframework.beans.factory.support.AbstractBeanFactory.lambda$doGetBean$0(AbstractBeanFactory.java:333) ~[spring-beans-7.0.2.jar:7.0.2]
	at org.springframework.beans.factory.support.DefaultSingletonBeanRegistry.getSingleton(DefaultSingletonBeanRegistry.java:371) ~[spring-beans-7.0.2.jar:7.0.2]
	at org.springframework.beans.factory.support.AbstractBeanFactory.doGetBean(AbstractBeanFactory.java:331) ~[spring-beans-7.0.2.jar:7.0.2]
	at org.springframework.beans.factory.support.AbstractBeanFactory.getBean(AbstractBeanFactory.java:201) ~[spring-beans-7.0.2.jar:7.0.2]
	at org.springframework.context.support.AbstractApplicationContext.getBean(AbstractApplicationContext.java:1284) ~[spring-context-7.0.2.jar:7.0.2]
	at org.springframework.security.config.annotation.authentication.configuration.InitializeUserDetailsBeanManagerConfigurer$InitializeUserDetailsManagerConfigurer.configure(InitializeUserDetailsBeanManagerConfigurer.java:94) ~[spring-security-config-7.0.2.jar:7.0.2]
	at org.springframework.security.config.annotation.authentication.configuration.InitializeUserDetailsBeanManagerConfigurer$InitializeUserDetailsManagerConfigurer.configure(InitializeUserDetailsBeanManagerConfigurer.java:63) ~[spring-security-config-7.0.2.jar:7.0.2]
	at org.springframework.security.config.annotation.AbstractConfiguredSecurityBuilder.configure(AbstractConfiguredSecurityBuilder.java:386) ~[spring-security-config-7.0.2.jar:7.0.2]
	at org.springframework.security.config.annotation.AbstractConfiguredSecurityBuilder.doBuild(AbstractConfiguredSecurityBuilder.java:336) ~[spring-security-config-7.0.2.jar:7.0.2]
	at org.springframework.security.config.annotation.AbstractSecurityBuilder.build(AbstractSecurityBuilder.java:38) ~[spring-security-config-7.0.2.jar:7.0.2]
	at org.springframework.security.config.annotation.authentication.configuration.AuthenticationConfiguration.getAuthenticationManager(AuthenticationConfiguration.java:121) ~[spring-security-config-7.0.2.jar:7.0.2]
	at org.springframework.security.config.annotation.web.configuration.HttpSecurityConfiguration.authenticationManager(HttpSecurityConfiguration.java:152) ~[spring-security-config-7.0.2.jar:7.0.2]
	at org.springframework.security.config.annotation.web.configuration.HttpSecurityConfiguration.httpSecurity(HttpSecurityConfiguration.java:119) ~[spring-security-config-7.0.2.jar:7.0.2]
	at java.base/jdk.internal.reflect.DirectMethodHandleAccessor.invoke(DirectMethodHandleAccessor.java:103) ~[na:na]
	at java.base/java.lang.reflect.Method.invoke(Method.java:580) ~[na:na]
	at org.springframework.beans.factory.support.SimpleInstantiationStrategy.lambda$instantiate$0(SimpleInstantiationStrategy.java:155) ~[spring-beans-7.0.2.jar:7.0.2]
	... 57 common frames omitted
Caused by: org.springframework.beans.BeanInstantiationException: Failed to instantiate [org.springframework.security.core.userdetails.UserDetailsService]: Factory method 'userDetailsService' threw exception with message: Unresolved compilation problem: 
	The method password(String) in the type User.UserBuilder is not applicable for the arguments ()

	at org.springframework.beans.factory.support.SimpleInstantiationStrategy.lambda$instantiate$0(SimpleInstantiationStrategy.java:183) ~[spring-beans-7.0.2.jar:7.0.2]
	at org.springframework.beans.factory.support.SimpleInstantiationStrategy.instantiateWithFactoryMethod(SimpleInstantiationStrategy.java:72) ~[spring-beans-7.0.2.jar:7.0.2]
	at org.springframework.beans.factory.support.SimpleInstantiationStrategy.instantiate(SimpleInstantiationStrategy.java:152) ~[spring-beans-7.0.2.jar:7.0.2]
	at org.springframework.beans.factory.support.ConstructorResolver.instantiate(ConstructorResolver.java:653) ~[spring-beans-7.0.2.jar:7.0.2]
	... 78 common frames omitted
Caused by: java.lang.Error: Unresolved compilation problem: 
	The method password(String) in the type User.UserBuilder is not applicable for the arguments ()

	at com.cts.config.AppSecurityConfig.userDetailsService(AppSecurityConfig.java:20) ~[classes/:na]
	at com.cts.config.AppSecurityConfig$$SpringCGLIB$$0.CGLIB$userDetailsService$1(<generated>) ~[classes/:na]
	at com.cts.config.AppSecurityConfig$$SpringCGLIB$$FastClass$$1.invoke(<generated>) ~[classes/:na]
	at org.springframework.cglib.proxy.MethodProxy.invokeSuper(MethodProxy.java:258) ~[spring-core-7.0.2.jar:7.0.2]
	at org.springframework.context.annotation.ConfigurationClassEnhancer$BeanMethodInterceptor.intercept(ConfigurationClassEnhancer.java:398) ~[spring-context-7.0.2.jar:7.0.2]
	at com.cts.config.AppSecurityConfig$$SpringCGLIB$$0.userDetailsService(<generated>) ~[classes/:na]
	at java.base/jdk.internal.reflect.DirectMethodHandleAccessor.invoke(DirectMethodHandleAccessor.java:103) ~[na:na]
	at java.base/java.lang.reflect.Method.invoke(Method.java:580) ~[na:na]
	at org.springframework.beans.factory.support.SimpleInstantiationStrategy.lambda$instantiate$0(SimpleInstantiationStrategy.java:155) ~[spring-beans-7.0.2.jar:7.0.2]
	... 81 common frames omitted

2026-01-21T12:28:56.489+05:30  INFO 13508 --- [ims] [restartedMain] com.cts.ImsApplication                   : Starting ImsApplication using Java 21.0.6 with PID 13508 (C:\Users\2393375\Documents\ADM2026\Backend\ims\target\classes started by 2393375 in C:\Users\2393375\Documents\ADM2026\Backend\ims)
2026-01-21T12:28:56.489+05:30  INFO 13508 --- [ims] [restartedMain] com.cts.ImsApplication                   : No active profile set, falling back to 1 default profile: "default"
2026-01-21T12:28:57.537+05:30  INFO 13508 --- [ims] [restartedMain] .s.d.r.c.RepositoryConfigurationDelegate : Bootstrapping Spring Data JPA repositories in DEFAULT mode.
2026-01-21T12:28:57.589+05:30  INFO 13508 --- [ims] [restartedMain] .s.d.r.c.RepositoryConfigurationDelegate : Finished Spring Data repository scanning in 46 ms. Found 1 JPA repository interface.
2026-01-21T12:28:58.084+05:30  INFO 13508 --- [ims] [restartedMain] o.s.boot.tomcat.TomcatWebServer          : Tomcat initialized with port 8080 (http)
2026-01-21T12:28:58.085+05:30  INFO 13508 --- [ims] [restartedMain] o.apache.catalina.core.StandardService   : Starting service [Tomcat]
2026-01-21T12:28:58.085+05:30  INFO 13508 --- [ims] [restartedMain] o.apache.catalina.core.StandardEngine    : Starting Servlet engine: [Apache Tomcat/11.0.15]
2026-01-21T12:28:58.254+05:30  INFO 13508 --- [ims] [restartedMain] b.w.c.s.WebApplicationContextInitializer : Root WebApplicationContext: initialization completed in 1761 ms
2026-01-21T12:28:58.553+05:30  INFO 13508 --- [ims] [restartedMain] org.hibernate.orm.jpa                    : HHH008540: Processing PersistenceUnitInfo [name: default]
2026-01-21T12:28:58.601+05:30  INFO 13508 --- [ims] [restartedMain] o.s.o.j.p.SpringPersistenceUnitInfo      : No LoadTimeWeaver setup: ignoring JPA class transformer
2026-01-21T12:28:58.602+05:30  INFO 13508 --- [ims] [restartedMain] com.zaxxer.hikari.HikariDataSource       : HikariPool-4 - Starting...
2026-01-21T12:28:58.630+05:30  INFO 13508 --- [ims] [restartedMain] com.zaxxer.hikari.pool.HikariPool        : HikariPool-4 - Added connection com.mysql.cj.jdbc.ConnectionImpl@2727d312
2026-01-21T12:28:58.631+05:30  INFO 13508 --- [ims] [restartedMain] com.zaxxer.hikari.HikariDataSource       : HikariPool-4 - Start completed.
2026-01-21T12:28:58.635+05:30  INFO 13508 --- [ims] [restartedMain] org.hibernate.orm.connections.pooling    : HHH10001005: Database info:
	Database JDBC URL [jdbc:mysql://localhost:3306/imsdb?createDatabaseIfNotExist=true]
	Database driver: MySQL Connector/J
	Database dialect: MySQLDialect
	Database version: 8.0.43
	Default catalog/schema: imsdb/undefined
	Autocommit mode: undefined/unknown
	Isolation level: REPEATABLE_READ [default REPEATABLE_READ]
	JDBC fetch size: none
	Pool: DataSourceConnectionProvider
	Minimum pool size: undefined/unknown
	Maximum pool size: undefined/unknown
2026-01-21T12:28:58.789+05:30  INFO 13508 --- [ims] [restartedMain] org.hibernate.orm.core                   : HHH000489: No JTA platform available (set 'hibernate.transaction.jta.platform' to enable JTA platform integration)
2026-01-21T12:28:58.812+05:30  INFO 13508 --- [ims] [restartedMain] j.LocalContainerEntityManagerFactoryBean : Initialized JPA EntityManagerFactory for persistence unit 'default'
2026-01-21T12:28:59.053+05:30  WARN 13508 --- [ims] [restartedMain] JpaBaseConfiguration$JpaWebConfiguration : spring.jpa.open-in-view is enabled by default. Therefore, database queries may be performed during view rendering. Explicitly configure spring.jpa.open-in-view to disable this warning
2026-01-21T12:28:59.205+05:30  WARN 13508 --- [ims] [restartedMain] ConfigServletWebServerApplicationContext : Exception encountered during context initialization - cancelling refresh attempt: org.springframework.beans.factory.UnsatisfiedDependencyException: Error creating bean with name 'org.springframework.security.config.annotation.web.configuration.WebSecurityConfiguration': Unsatisfied dependency expressed through method 'setFilterChains' parameter 0: Error creating bean with name 'managementSecurityFilterChain' defined in class path resource [org/springframework/boot/security/autoconfigure/actuate/web/servlet/ManagementWebSecurityAutoConfiguration.class]: Unsatisfied dependency expressed through method 'managementSecurityFilterChain' parameter 1: Error creating bean with name 'org.springframework.security.config.annotation.web.configuration.HttpSecurityConfiguration.httpSecurity' defined in class path resource [org/springframework/security/config/annotation/web/configuration/HttpSecurityConfiguration.class]: Failed to instantiate [org.springframework.security.config.annotation.web.builders.HttpSecurity]: Factory method 'httpSecurity' threw exception with message: Error creating bean with name 'userDetailsService' defined in class path resource [com/cts/config/AppSecurityConfig.class]: Failed to instantiate [org.springframework.security.core.userdetails.UserDetailsService]: Factory method 'userDetailsService' threw exception with message: Unresolved compilation problem: 
	The method passwordEncoder(Function<String,String>) in the type User.UserBuilder is not applicable for the arguments ()

2026-01-21T12:28:59.208+05:30  INFO 13508 --- [ims] [restartedMain] j.LocalContainerEntityManagerFactoryBean : Closing JPA EntityManagerFactory for persistence unit 'default'
2026-01-21T12:28:59.209+05:30  INFO 13508 --- [ims] [restartedMain] com.zaxxer.hikari.HikariDataSource       : HikariPool-4 - Shutdown initiated...
2026-01-21T12:28:59.265+05:30  INFO 13508 --- [ims] [restartedMain] com.zaxxer.hikari.HikariDataSource       : HikariPool-4 - Shutdown completed.
2026-01-21T12:28:59.269+05:30  INFO 13508 --- [ims] [restartedMain] o.apache.catalina.core.StandardService   : Stopping service [Tomcat]
2026-01-21T12:28:59.281+05:30  INFO 13508 --- [ims] [restartedMain] .s.b.a.l.ConditionEvaluationReportLogger : 

Error starting ApplicationContext. To display the condition evaluation report re-run your application with 'debug' enabled.
2026-01-21T12:28:59.291+05:30 ERROR 13508 --- [ims] [restartedMain] o.s.boot.SpringApplication               : Application run failed

org.springframework.beans.factory.UnsatisfiedDependencyException: Error creating bean with name 'org.springframework.security.config.annotation.web.configuration.WebSecurityConfiguration': Unsatisfied dependency expressed through method 'setFilterChains' parameter 0: Error creating bean with name 'managementSecurityFilterChain' defined in class path resource [org/springframework/boot/security/autoconfigure/actuate/web/servlet/ManagementWebSecurityAutoConfiguration.class]: Unsatisfied dependency expressed through method 'managementSecurityFilterChain' parameter 1: Error creating bean with name 'org.springframework.security.config.annotation.web.configuration.HttpSecurityConfiguration.httpSecurity' defined in class path resource [org/springframework/security/config/annotation/web/configuration/HttpSecurityConfiguration.class]: Failed to instantiate [org.springframework.security.config.annotation.web.builders.HttpSecurity]: Factory method 'httpSecurity' threw exception with message: Error creating bean with name 'userDetailsService' defined in class path resource [com/cts/config/AppSecurityConfig.class]: Failed to instantiate [org.springframework.security.core.userdetails.UserDetailsService]: Factory method 'userDetailsService' threw exception with message: Unresolved compilation problem: 
	The method passwordEncoder(Function<String,String>) in the type User.UserBuilder is not applicable for the arguments ()

	at org.springframework.beans.factory.annotation.AutowiredAnnotationBeanPostProcessor$AutowiredMethodElement.resolveMethodArguments(AutowiredAnnotationBeanPostProcessor.java:871) ~[spring-beans-7.0.2.jar:7.0.2]
	at org.springframework.beans.factory.annotation.AutowiredAnnotationBeanPostProcessor$AutowiredMethodElement.inject(AutowiredAnnotationBeanPostProcessor.java:826) ~[spring-beans-7.0.2.jar:7.0.2]
	at org.springframework.beans.factory.annotation.InjectionMetadata.inject(InjectionMetadata.java:146) ~[spring-beans-7.0.2.jar:7.0.2]
	at org.springframework.beans.factory.annotation.AutowiredAnnotationBeanPostProcessor.postProcessProperties(AutowiredAnnotationBeanPostProcessor.java:492) ~[spring-beans-7.0.2.jar:7.0.2]
	at org.springframework.beans.factory.support.AbstractAutowireCapableBeanFactory.populateBean(AbstractAutowireCapableBeanFactory.java:1446) ~[spring-beans-7.0.2.jar:7.0.2]
	at org.springframework.beans.factory.support.AbstractAutowireCapableBeanFactory.doCreateBean(AbstractAutowireCapableBeanFactory.java:602) ~[spring-beans-7.0.2.jar:7.0.2]
	at org.springframework.beans.factory.support.AbstractAutowireCapableBeanFactory.createBean(AbstractAutowireCapableBeanFactory.java:525) ~[spring-beans-7.0.2.jar:7.0.2]
	at org.springframework.beans.factory.support.AbstractBeanFactory.lambda$doGetBean$0(AbstractBeanFactory.java:333) ~[spring-beans-7.0.2.jar:7.0.2]
	at org.springframework.beans.factory.support.DefaultSingletonBeanRegistry.getSingleton(DefaultSingletonBeanRegistry.java:371) ~[spring-beans-7.0.2.jar:7.0.2]
	at org.springframework.beans.factory.support.AbstractBeanFactory.doGetBean(AbstractBeanFactory.java:331) ~[spring-beans-7.0.2.jar:7.0.2]
	at org.springframework.beans.factory.support.AbstractBeanFactory.getBean(AbstractBeanFactory.java:196) ~[spring-beans-7.0.2.jar:7.0.2]
	at org.springframework.beans.factory.support.DefaultListableBeanFactory.instantiateSingleton(DefaultListableBeanFactory.java:1218) ~[spring-beans-7.0.2.jar:7.0.2]
	at org.springframework.beans.factory.support.DefaultListableBeanFactory.preInstantiateSingleton(DefaultListableBeanFactory.java:1184) ~[spring-beans-7.0.2.jar:7.0.2]
	at org.springframework.beans.factory.support.DefaultListableBeanFactory.preInstantiateSingletons(DefaultListableBeanFactory.java:1121) ~[spring-beans-7.0.2.jar:7.0.2]
	at org.springframework.context.support.AbstractApplicationContext.finishBeanFactoryInitialization(AbstractApplicationContext.java:993) ~[spring-context-7.0.2.jar:7.0.2]
	at org.springframework.context.support.AbstractApplicationContext.refresh(AbstractApplicationContext.java:620) ~[spring-context-7.0.2.jar:7.0.2]
	at org.springframework.boot.web.server.servlet.context.ServletWebServerApplicationContext.refresh(ServletWebServerApplicationContext.java:143) ~[spring-boot-web-server-4.0.1.jar:4.0.1]
	at org.springframework.boot.SpringApplication.refresh(SpringApplication.java:756) ~[spring-boot-4.0.1.jar:4.0.1]
	at org.springframework.boot.SpringApplication.refreshContext(SpringApplication.java:445) ~[spring-boot-4.0.1.jar:4.0.1]
	at org.springframework.boot.SpringApplication.run(SpringApplication.java:321) ~[spring-boot-4.0.1.jar:4.0.1]
	at org.springframework.boot.SpringApplication.run(SpringApplication.java:1365) ~[spring-boot-4.0.1.jar:4.0.1]
	at org.springframework.boot.SpringApplication.run(SpringApplication.java:1354) ~[spring-boot-4.0.1.jar:4.0.1]
	at com.cts.ImsApplication.main(ImsApplication.java:10) ~[classes/:na]
	at java.base/jdk.internal.reflect.DirectMethodHandleAccessor.invoke(DirectMethodHandleAccessor.java:103) ~[na:na]
	at java.base/java.lang.reflect.Method.invoke(Method.java:580) ~[na:na]
	at org.springframework.boot.devtools.restart.RestartLauncher.run(RestartLauncher.java:52) ~[spring-boot-devtools-4.0.1.jar:4.0.1]
Caused by: org.springframework.beans.factory.UnsatisfiedDependencyException: Error creating bean with name 'managementSecurityFilterChain' defined in class path resource [org/springframework/boot/security/autoconfigure/actuate/web/servlet/ManagementWebSecurityAutoConfiguration.class]: Unsatisfied dependency expressed through method 'managementSecurityFilterChain' parameter 1: Error creating bean with name 'org.springframework.security.config.annotation.web.configuration.HttpSecurityConfiguration.httpSecurity' defined in class path resource [org/springframework/security/config/annotation/web/configuration/HttpSecurityConfiguration.class]: Failed to instantiate [org.springframework.security.config.annotation.web.builders.HttpSecurity]: Factory method 'httpSecurity' threw exception with message: Error creating bean with name 'userDetailsService' defined in class path resource [com/cts/config/AppSecurityConfig.class]: Failed to instantiate [org.springframework.security.core.userdetails.UserDetailsService]: Factory method 'userDetailsService' threw exception with message: Unresolved compilation problem: 
	The method passwordEncoder(Function<String,String>) in the type User.UserBuilder is not applicable for the arguments ()

	at org.springframework.beans.factory.support.ConstructorResolver.createArgumentArray(ConstructorResolver.java:804) ~[spring-beans-7.0.2.jar:7.0.2]
	at org.springframework.beans.factory.support.ConstructorResolver.instantiateUsingFactoryMethod(ConstructorResolver.java:546) ~[spring-beans-7.0.2.jar:7.0.2]
	at org.springframework.beans.factory.support.AbstractAutowireCapableBeanFactory.instantiateUsingFactoryMethod(AbstractAutowireCapableBeanFactory.java:1362) ~[spring-beans-7.0.2.jar:7.0.2]
	at org.springframework.beans.factory.support.AbstractAutowireCapableBeanFactory.createBeanInstance(AbstractAutowireCapableBeanFactory.java:1194) ~[spring-beans-7.0.2.jar:7.0.2]
	at org.springframework.beans.factory.support.AbstractAutowireCapableBeanFactory.doCreateBean(AbstractAutowireCapableBeanFactory.java:565) ~[spring-beans-7.0.2.jar:7.0.2]
	at org.springframework.beans.factory.support.AbstractAutowireCapableBeanFactory.createBean(AbstractAutowireCapableBeanFactory.java:525) ~[spring-beans-7.0.2.jar:7.0.2]
	at org.springframework.beans.factory.support.AbstractBeanFactory.lambda$doGetBean$0(AbstractBeanFactory.java:333) ~[spring-beans-7.0.2.jar:7.0.2]
	at org.springframework.beans.factory.support.DefaultSingletonBeanRegistry.getSingleton(DefaultSingletonBeanRegistry.java:371) ~[spring-beans-7.0.2.jar:7.0.2]
	at org.springframework.beans.factory.support.AbstractBeanFactory.doGetBean(AbstractBeanFactory.java:331) ~[spring-beans-7.0.2.jar:7.0.2]
	at org.springframework.beans.factory.support.AbstractBeanFactory.getBean(AbstractBeanFactory.java:201) ~[spring-beans-7.0.2.jar:7.0.2]
	at org.springframework.beans.factory.config.DependencyDescriptor.resolveCandidate(DependencyDescriptor.java:229) ~[spring-beans-7.0.2.jar:7.0.2]
	at org.springframework.beans.factory.support.DefaultListableBeanFactory.addCandidateEntry(DefaultListableBeanFactory.java:2008) ~[spring-beans-7.0.2.jar:7.0.2]
	at org.springframework.beans.factory.support.DefaultListableBeanFactory.findAutowireCandidates(DefaultListableBeanFactory.java:1971) ~[spring-beans-7.0.2.jar:7.0.2]
	at org.springframework.beans.factory.support.DefaultListableBeanFactory.resolveMultipleBeanCollection(DefaultListableBeanFactory.java:1863) ~[spring-beans-7.0.2.jar:7.0.2]
	at org.springframework.beans.factory.support.DefaultListableBeanFactory.resolveMultipleBeans(DefaultListableBeanFactory.java:1833) ~[spring-beans-7.0.2.jar:7.0.2]
	at org.springframework.beans.factory.support.DefaultListableBeanFactory.doResolveDependency(DefaultListableBeanFactory.java:1711) ~[spring-beans-7.0.2.jar:7.0.2]
	at org.springframework.beans.factory.support.DefaultListableBeanFactory.resolveDependency(DefaultListableBeanFactory.java:1651) ~[spring-beans-7.0.2.jar:7.0.2]
	at org.springframework.beans.factory.annotation.AutowiredAnnotationBeanPostProcessor$AutowiredMethodElement.resolveMethodArguments(AutowiredAnnotationBeanPostProcessor.java:863) ~[spring-beans-7.0.2.jar:7.0.2]
	... 25 common frames omitted
Caused by: org.springframework.beans.factory.BeanCreationException: Error creating bean with name 'org.springframework.security.config.annotation.web.configuration.HttpSecurityConfiguration.httpSecurity' defined in class path resource [org/springframework/security/config/annotation/web/configuration/HttpSecurityConfiguration.class]: Failed to instantiate [org.springframework.security.config.annotation.web.builders.HttpSecurity]: Factory method 'httpSecurity' threw exception with message: Error creating bean with name 'userDetailsService' defined in class path resource [com/cts/config/AppSecurityConfig.class]: Failed to instantiate [org.springframework.security.core.userdetails.UserDetailsService]: Factory method 'userDetailsService' threw exception with message: Unresolved compilation problem: 
	The method passwordEncoder(Function<String,String>) in the type User.UserBuilder is not applicable for the arguments ()

	at org.springframework.beans.factory.support.ConstructorResolver.instantiate(ConstructorResolver.java:657) ~[spring-beans-7.0.2.jar:7.0.2]
	at org.springframework.beans.factory.support.ConstructorResolver.instantiateUsingFactoryMethod(ConstructorResolver.java:489) ~[spring-beans-7.0.2.jar:7.0.2]
	at org.springframework.beans.factory.support.AbstractAutowireCapableBeanFactory.instantiateUsingFactoryMethod(AbstractAutowireCapableBeanFactory.java:1362) ~[spring-beans-7.0.2.jar:7.0.2]
	at org.springframework.beans.factory.support.AbstractAutowireCapableBeanFactory.createBeanInstance(AbstractAutowireCapableBeanFactory.java:1194) ~[spring-beans-7.0.2.jar:7.0.2]
	at org.springframework.beans.factory.support.AbstractAutowireCapableBeanFactory.doCreateBean(AbstractAutowireCapableBeanFactory.java:565) ~[spring-beans-7.0.2.jar:7.0.2]
	at org.springframework.beans.factory.support.AbstractAutowireCapableBeanFactory.createBean(AbstractAutowireCapableBeanFactory.java:525) ~[spring-beans-7.0.2.jar:7.0.2]
	at org.springframework.beans.factory.support.AbstractBeanFactory.doGetBean(AbstractBeanFactory.java:351) ~[spring-beans-7.0.2.jar:7.0.2]
	at org.springframework.beans.factory.support.AbstractBeanFactory.getBean(AbstractBeanFactory.java:201) ~[spring-beans-7.0.2.jar:7.0.2]
	at org.springframework.beans.factory.config.DependencyDescriptor.resolveCandidate(DependencyDescriptor.java:229) ~[spring-beans-7.0.2.jar:7.0.2]
	at org.springframework.beans.factory.support.DefaultListableBeanFactory.doResolveDependency(DefaultListableBeanFactory.java:1762) ~[spring-beans-7.0.2.jar:7.0.2]
	at org.springframework.beans.factory.support.DefaultListableBeanFactory.resolveDependency(DefaultListableBeanFactory.java:1651) ~[spring-beans-7.0.2.jar:7.0.2]
	at org.springframework.beans.factory.support.ConstructorResolver.resolveAutowiredArgument(ConstructorResolver.java:912) ~[spring-beans-7.0.2.jar:7.0.2]
	at org.springframework.beans.factory.support.ConstructorResolver.createArgumentArray(ConstructorResolver.java:791) ~[spring-beans-7.0.2.jar:7.0.2]
	... 42 common frames omitted
Caused by: org.springframework.beans.BeanInstantiationException: Failed to instantiate [org.springframework.security.config.annotation.web.builders.HttpSecurity]: Factory method 'httpSecurity' threw exception with message: Error creating bean with name 'userDetailsService' defined in class path resource [com/cts/config/AppSecurityConfig.class]: Failed to instantiate [org.springframework.security.core.userdetails.UserDetailsService]: Factory method 'userDetailsService' threw exception with message: Unresolved compilation problem: 
	The method passwordEncoder(Function<String,String>) in the type User.UserBuilder is not applicable for the arguments ()

	at org.springframework.beans.factory.support.SimpleInstantiationStrategy.lambda$instantiate$0(SimpleInstantiationStrategy.java:183) ~[spring-beans-7.0.2.jar:7.0.2]
	at org.springframework.beans.factory.support.SimpleInstantiationStrategy.instantiateWithFactoryMethod(SimpleInstantiationStrategy.java:72) ~[spring-beans-7.0.2.jar:7.0.2]
	at org.springframework.beans.factory.support.SimpleInstantiationStrategy.instantiate(SimpleInstantiationStrategy.java:152) ~[spring-beans-7.0.2.jar:7.0.2]
	at org.springframework.beans.factory.support.ConstructorResolver.instantiate(ConstructorResolver.java:653) ~[spring-beans-7.0.2.jar:7.0.2]
	... 54 common frames omitted
Caused by: org.springframework.beans.factory.BeanCreationException: Error creating bean with name 'userDetailsService' defined in class path resource [com/cts/config/AppSecurityConfig.class]: Failed to instantiate [org.springframework.security.core.userdetails.UserDetailsService]: Factory method 'userDetailsService' threw exception with message: Unresolved compilation problem: 
	The method passwordEncoder(Function<String,String>) in the type User.UserBuilder is not applicable for the arguments ()

	at org.springframework.beans.factory.support.ConstructorResolver.instantiate(ConstructorResolver.java:657) ~[spring-beans-7.0.2.jar:7.0.2]
	at org.springframework.beans.factory.support.ConstructorResolver.instantiateUsingFactoryMethod(ConstructorResolver.java:489) ~[spring-beans-7.0.2.jar:7.0.2]
	at org.springframework.beans.factory.support.AbstractAutowireCapableBeanFactory.instantiateUsingFactoryMethod(AbstractAutowireCapableBeanFactory.java:1362) ~[spring-beans-7.0.2.jar:7.0.2]
	at org.springframework.beans.factory.support.AbstractAutowireCapableBeanFactory.createBeanInstance(AbstractAutowireCapableBeanFactory.java:1194) ~[spring-beans-7.0.2.jar:7.0.2]
	at org.springframework.beans.factory.support.AbstractAutowireCapableBeanFactory.doCreateBean(AbstractAutowireCapableBeanFactory.java:565) ~[spring-beans-7.0.2.jar:7.0.2]
	at org.springframework.beans.factory.support.AbstractAutowireCapableBeanFactory.createBean(AbstractAutowireCapableBeanFactory.java:525) ~[spring-beans-7.0.2.jar:7.0.2]
	at org.springframework.beans.factory.support.AbstractBeanFactory.lambda$doGetBean$0(AbstractBeanFactory.java:333) ~[spring-beans-7.0.2.jar:7.0.2]
	at org.springframework.beans.factory.support.DefaultSingletonBeanRegistry.getSingleton(DefaultSingletonBeanRegistry.java:371) ~[spring-beans-7.0.2.jar:7.0.2]
	at org.springframework.beans.factory.support.AbstractBeanFactory.doGetBean(AbstractBeanFactory.java:331) ~[spring-beans-7.0.2.jar:7.0.2]
	at org.springframework.beans.factory.support.AbstractBeanFactory.getBean(AbstractBeanFactory.java:201) ~[spring-beans-7.0.2.jar:7.0.2]
	at org.springframework.context.support.AbstractApplicationContext.getBean(AbstractApplicationContext.java:1284) ~[spring-context-7.0.2.jar:7.0.2]
	at org.springframework.security.config.annotation.authentication.configuration.InitializeUserDetailsBeanManagerConfigurer$InitializeUserDetailsManagerConfigurer.configure(InitializeUserDetailsBeanManagerConfigurer.java:94) ~[spring-security-config-7.0.2.jar:7.0.2]
	at org.springframework.security.config.annotation.authentication.configuration.InitializeUserDetailsBeanManagerConfigurer$InitializeUserDetailsManagerConfigurer.configure(InitializeUserDetailsBeanManagerConfigurer.java:63) ~[spring-security-config-7.0.2.jar:7.0.2]
	at org.springframework.security.config.annotation.AbstractConfiguredSecurityBuilder.configure(AbstractConfiguredSecurityBuilder.java:386) ~[spring-security-config-7.0.2.jar:7.0.2]
	at org.springframework.security.config.annotation.AbstractConfiguredSecurityBuilder.doBuild(AbstractConfiguredSecurityBuilder.java:336) ~[spring-security-config-7.0.2.jar:7.0.2]
	at org.springframework.security.config.annotation.AbstractSecurityBuilder.build(AbstractSecurityBuilder.java:38) ~[spring-security-config-7.0.2.jar:7.0.2]
	at org.springframework.security.config.annotation.authentication.configuration.AuthenticationConfiguration.getAuthenticationManager(AuthenticationConfiguration.java:121) ~[spring-security-config-7.0.2.jar:7.0.2]
	at org.springframework.security.config.annotation.web.configuration.HttpSecurityConfiguration.authenticationManager(HttpSecurityConfiguration.java:152) ~[spring-security-config-7.0.2.jar:7.0.2]
	at org.springframework.security.config.annotation.web.configuration.HttpSecurityConfiguration.httpSecurity(HttpSecurityConfiguration.java:119) ~[spring-security-config-7.0.2.jar:7.0.2]
	at java.base/jdk.internal.reflect.DirectMethodHandleAccessor.invoke(DirectMethodHandleAccessor.java:103) ~[na:na]
	at java.base/java.lang.reflect.Method.invoke(Method.java:580) ~[na:na]
	at org.springframework.beans.factory.support.SimpleInstantiationStrategy.lambda$instantiate$0(SimpleInstantiationStrategy.java:155) ~[spring-beans-7.0.2.jar:7.0.2]
	... 57 common frames omitted
Caused by: org.springframework.beans.BeanInstantiationException: Failed to instantiate [org.springframework.security.core.userdetails.UserDetailsService]: Factory method 'userDetailsService' threw exception with message: Unresolved compilation problem: 
	The method passwordEncoder(Function<String,String>) in the type User.UserBuilder is not applicable for the arguments ()

	at org.springframework.beans.factory.support.SimpleInstantiationStrategy.lambda$instantiate$0(SimpleInstantiationStrategy.java:183) ~[spring-beans-7.0.2.jar:7.0.2]
	at org.springframework.beans.factory.support.SimpleInstantiationStrategy.instantiateWithFactoryMethod(SimpleInstantiationStrategy.java:72) ~[spring-beans-7.0.2.jar:7.0.2]
	at org.springframework.beans.factory.support.SimpleInstantiationStrategy.instantiate(SimpleInstantiationStrategy.java:152) ~[spring-beans-7.0.2.jar:7.0.2]
	at org.springframework.beans.factory.support.ConstructorResolver.instantiate(ConstructorResolver.java:653) ~[spring-beans-7.0.2.jar:7.0.2]
	... 78 common frames omitted
Caused by: java.lang.Error: Unresolved compilation problem: 
	The method passwordEncoder(Function<String,String>) in the type User.UserBuilder is not applicable for the arguments ()

	at com.cts.config.AppSecurityConfig.userDetailsService(AppSecurityConfig.java:20) ~[classes/:na]
	at com.cts.config.AppSecurityConfig$$SpringCGLIB$$0.CGLIB$userDetailsService$1(<generated>) ~[classes/:na]
	at com.cts.config.AppSecurityConfig$$SpringCGLIB$$FastClass$$1.invoke(<generated>) ~[classes/:na]
	at org.springframework.cglib.proxy.MethodProxy.invokeSuper(MethodProxy.java:258) ~[spring-core-7.0.2.jar:7.0.2]
	at org.springframework.context.annotation.ConfigurationClassEnhancer$BeanMethodInterceptor.intercept(ConfigurationClassEnhancer.java:398) ~[spring-context-7.0.2.jar:7.0.2]
	at com.cts.config.AppSecurityConfig$$SpringCGLIB$$0.userDetailsService(<generated>) ~[classes/:na]
	at java.base/jdk.internal.reflect.DirectMethodHandleAccessor.invoke(DirectMethodHandleAccessor.java:103) ~[na:na]
	at java.base/java.lang.reflect.Method.invoke(Method.java:580) ~[na:na]
	at org.springframework.beans.factory.support.SimpleInstantiationStrategy.lambda$instantiate$0(SimpleInstantiationStrategy.java:155) ~[spring-beans-7.0.2.jar:7.0.2]
	... 81 common frames omitted

2026-01-21T12:30:43.251+05:30  INFO 13508 --- [ims] [restartedMain] com.cts.ImsApplication                   : Starting ImsApplication using Java 21.0.6 with PID 13508 (C:\Users\2393375\Documents\ADM2026\Backend\ims\target\classes started by 2393375 in C:\Users\2393375\Documents\ADM2026\Backend\ims)
2026-01-21T12:30:43.251+05:30  INFO 13508 --- [ims] [restartedMain] com.cts.ImsApplication                   : No active profile set, falling back to 1 default profile: "default"
2026-01-21T12:30:43.531+05:30  INFO 13508 --- [ims] [restartedMain] .s.d.r.c.RepositoryConfigurationDelegate : Bootstrapping Spring Data JPA repositories in DEFAULT mode.
2026-01-21T12:30:43.540+05:30  INFO 13508 --- [ims] [restartedMain] .s.d.r.c.RepositoryConfigurationDelegate : Finished Spring Data repository scanning in 7 ms. Found 1 JPA repository interface.
2026-01-21T12:30:43.655+05:30  INFO 13508 --- [ims] [restartedMain] o.s.boot.tomcat.TomcatWebServer          : Tomcat initialized with port 8080 (http)
2026-01-21T12:30:43.656+05:30  INFO 13508 --- [ims] [restartedMain] o.apache.catalina.core.StandardService   : Starting service [Tomcat]
2026-01-21T12:30:43.657+05:30  INFO 13508 --- [ims] [restartedMain] o.apache.catalina.core.StandardEngine    : Starting Servlet engine: [Apache Tomcat/11.0.15]
2026-01-21T12:30:43.685+05:30  INFO 13508 --- [ims] [restartedMain] b.w.c.s.WebApplicationContextInitializer : Root WebApplicationContext: initialization completed in 433 ms
2026-01-21T12:30:43.741+05:30  INFO 13508 --- [ims] [restartedMain] org.hibernate.orm.jpa                    : HHH008540: Processing PersistenceUnitInfo [name: default]
2026-01-21T12:30:43.762+05:30  INFO 13508 --- [ims] [restartedMain] o.s.o.j.p.SpringPersistenceUnitInfo      : No LoadTimeWeaver setup: ignoring JPA class transformer
2026-01-21T12:30:43.763+05:30  INFO 13508 --- [ims] [restartedMain] com.zaxxer.hikari.HikariDataSource       : HikariPool-5 - Starting...
2026-01-21T12:30:43.776+05:30  INFO 13508 --- [ims] [restartedMain] com.zaxxer.hikari.pool.HikariPool        : HikariPool-5 - Added connection com.mysql.cj.jdbc.ConnectionImpl@7e4f62d4
2026-01-21T12:30:43.777+05:30  INFO 13508 --- [ims] [restartedMain] com.zaxxer.hikari.HikariDataSource       : HikariPool-5 - Start completed.
2026-01-21T12:30:43.778+05:30  INFO 13508 --- [ims] [restartedMain] org.hibernate.orm.connections.pooling    : HHH10001005: Database info:
	Database JDBC URL [jdbc:mysql://localhost:3306/imsdb?createDatabaseIfNotExist=true]
	Database driver: MySQL Connector/J
	Database dialect: MySQLDialect
	Database version: 8.0.43
	Default catalog/schema: imsdb/undefined
	Autocommit mode: undefined/unknown
	Isolation level: REPEATABLE_READ [default REPEATABLE_READ]
	JDBC fetch size: none
	Pool: DataSourceConnectionProvider
	Minimum pool size: undefined/unknown
	Maximum pool size: undefined/unknown
2026-01-21T12:30:43.811+05:30  INFO 13508 --- [ims] [restartedMain] org.hibernate.orm.core                   : HHH000489: No JTA platform available (set 'hibernate.transaction.jta.platform' to enable JTA platform integration)
2026-01-21T12:30:43.819+05:30  INFO 13508 --- [ims] [restartedMain] j.LocalContainerEntityManagerFactoryBean : Initialized JPA EntityManagerFactory for persistence unit 'default'
2026-01-21T12:30:43.878+05:30  WARN 13508 --- [ims] [restartedMain] JpaBaseConfiguration$JpaWebConfiguration : spring.jpa.open-in-view is enabled by default. Therefore, database queries may be performed during view rendering. Explicitly configure spring.jpa.open-in-view to disable this warning
2026-01-21T12:30:43.904+05:30  WARN 13508 --- [ims] [restartedMain] ConfigServletWebServerApplicationContext : Exception encountered during context initialization - cancelling refresh attempt: org.springframework.beans.factory.UnsatisfiedDependencyException: Error creating bean with name 'org.springframework.security.config.annotation.web.configuration.WebSecurityConfiguration': Unsatisfied dependency expressed through method 'setFilterChains' parameter 0: Error creating bean with name 'managementSecurityFilterChain' defined in class path resource [org/springframework/boot/security/autoconfigure/actuate/web/servlet/ManagementWebSecurityAutoConfiguration.class]: Unsatisfied dependency expressed through method 'managementSecurityFilterChain' parameter 1: Error creating bean with name 'org.springframework.security.config.annotation.web.configuration.HttpSecurityConfiguration.httpSecurity' defined in class path resource [org/springframework/security/config/annotation/web/configuration/HttpSecurityConfiguration.class]: Failed to instantiate [org.springframework.security.config.annotation.web.builders.HttpSecurity]: Factory method 'httpSecurity' threw exception with message: Error creating bean with name 'userDetailsService' defined in class path resource [com/cts/config/AppSecurityConfig.class]: Failed to instantiate [org.springframework.security.core.userdetails.UserDetailsService]: Factory method 'userDetailsService' threw exception with message: Error creating bean with name 'passwordEncoder' defined in class path resource [com/cts/config/AppSecurityConfig.class]: Failed to instantiate [org.springframework.security.crypto.password.PasswordEncoder]: Factory method 'passwordEncoder' threw exception with message: com/password4j/HashingFunction
2026-01-21T12:30:43.905+05:30  INFO 13508 --- [ims] [restartedMain] j.LocalContainerEntityManagerFactoryBean : Closing JPA EntityManagerFactory for persistence unit 'default'
2026-01-21T12:30:43.905+05:30  INFO 13508 --- [ims] [restartedMain] com.zaxxer.hikari.HikariDataSource       : HikariPool-5 - Shutdown initiated...
2026-01-21T12:30:43.928+05:30  INFO 13508 --- [ims] [restartedMain] com.zaxxer.hikari.HikariDataSource       : HikariPool-5 - Shutdown completed.
2026-01-21T12:30:43.929+05:30  INFO 13508 --- [ims] [restartedMain] o.apache.catalina.core.StandardService   : Stopping service [Tomcat]
2026-01-21T12:30:43.932+05:30  INFO 13508 --- [ims] [restartedMain] .s.b.a.l.ConditionEvaluationReportLogger : 

Error starting ApplicationContext. To display the condition evaluation report re-run your application with 'debug' enabled.
2026-01-21T12:30:43.934+05:30 ERROR 13508 --- [ims] [restartedMain] o.s.boot.SpringApplication               : Application run failed

org.springframework.beans.factory.UnsatisfiedDependencyException: Error creating bean with name 'org.springframework.security.config.annotation.web.configuration.WebSecurityConfiguration': Unsatisfied dependency expressed through method 'setFilterChains' parameter 0: Error creating bean with name 'managementSecurityFilterChain' defined in class path resource [org/springframework/boot/security/autoconfigure/actuate/web/servlet/ManagementWebSecurityAutoConfiguration.class]: Unsatisfied dependency expressed through method 'managementSecurityFilterChain' parameter 1: Error creating bean with name 'org.springframework.security.config.annotation.web.configuration.HttpSecurityConfiguration.httpSecurity' defined in class path resource [org/springframework/security/config/annotation/web/configuration/HttpSecurityConfiguration.class]: Failed to instantiate [org.springframework.security.config.annotation.web.builders.HttpSecurity]: Factory method 'httpSecurity' threw exception with message: Error creating bean with name 'userDetailsService' defined in class path resource [com/cts/config/AppSecurityConfig.class]: Failed to instantiate [org.springframework.security.core.userdetails.UserDetailsService]: Factory method 'userDetailsService' threw exception with message: Error creating bean with name 'passwordEncoder' defined in class path resource [com/cts/config/AppSecurityConfig.class]: Failed to instantiate [org.springframework.security.crypto.password.PasswordEncoder]: Factory method 'passwordEncoder' threw exception with message: com/password4j/HashingFunction
	at org.springframework.beans.factory.annotation.AutowiredAnnotationBeanPostProcessor$AutowiredMethodElement.resolveMethodArguments(AutowiredAnnotationBeanPostProcessor.java:871) ~[spring-beans-7.0.2.jar:7.0.2]
	at org.springframework.beans.factory.annotation.AutowiredAnnotationBeanPostProcessor$AutowiredMethodElement.inject(AutowiredAnnotationBeanPostProcessor.java:826) ~[spring-beans-7.0.2.jar:7.0.2]
	at org.springframework.beans.factory.annotation.InjectionMetadata.inject(InjectionMetadata.java:146) ~[spring-beans-7.0.2.jar:7.0.2]
	at org.springframework.beans.factory.annotation.AutowiredAnnotationBeanPostProcessor.postProcessProperties(AutowiredAnnotationBeanPostProcessor.java:492) ~[spring-beans-7.0.2.jar:7.0.2]
	at org.springframework.beans.factory.support.AbstractAutowireCapableBeanFactory.populateBean(AbstractAutowireCapableBeanFactory.java:1446) ~[spring-beans-7.0.2.jar:7.0.2]
	at org.springframework.beans.factory.support.AbstractAutowireCapableBeanFactory.doCreateBean(AbstractAutowireCapableBeanFactory.java:602) ~[spring-beans-7.0.2.jar:7.0.2]
	at org.springframework.beans.factory.support.AbstractAutowireCapableBeanFactory.createBean(AbstractAutowireCapableBeanFactory.java:525) ~[spring-beans-7.0.2.jar:7.0.2]
	at org.springframework.beans.factory.support.AbstractBeanFactory.lambda$doGetBean$0(AbstractBeanFactory.java:333) ~[spring-beans-7.0.2.jar:7.0.2]
	at org.springframework.beans.factory.support.DefaultSingletonBeanRegistry.getSingleton(DefaultSingletonBeanRegistry.java:371) ~[spring-beans-7.0.2.jar:7.0.2]
	at org.springframework.beans.factory.support.AbstractBeanFactory.doGetBean(AbstractBeanFactory.java:331) ~[spring-beans-7.0.2.jar:7.0.2]
	at org.springframework.beans.factory.support.AbstractBeanFactory.getBean(AbstractBeanFactory.java:196) ~[spring-beans-7.0.2.jar:7.0.2]
	at org.springframework.beans.factory.support.DefaultListableBeanFactory.instantiateSingleton(DefaultListableBeanFactory.java:1218) ~[spring-beans-7.0.2.jar:7.0.2]
	at org.springframework.beans.factory.support.DefaultListableBeanFactory.preInstantiateSingleton(DefaultListableBeanFactory.java:1184) ~[spring-beans-7.0.2.jar:7.0.2]
	at org.springframework.beans.factory.support.DefaultListableBeanFactory.preInstantiateSingletons(DefaultListableBeanFactory.java:1121) ~[spring-beans-7.0.2.jar:7.0.2]
	at org.springframework.context.support.AbstractApplicationContext.finishBeanFactoryInitialization(AbstractApplicationContext.java:993) ~[spring-context-7.0.2.jar:7.0.2]
	at org.springframework.context.support.AbstractApplicationContext.refresh(AbstractApplicationContext.java:620) ~[spring-context-7.0.2.jar:7.0.2]
	at org.springframework.boot.web.server.servlet.context.ServletWebServerApplicationContext.refresh(ServletWebServerApplicationContext.java:143) ~[spring-boot-web-server-4.0.1.jar:4.0.1]
	at org.springframework.boot.SpringApplication.refresh(SpringApplication.java:756) ~[spring-boot-4.0.1.jar:4.0.1]
	at org.springframework.boot.SpringApplication.refreshContext(SpringApplication.java:445) ~[spring-boot-4.0.1.jar:4.0.1]
	at org.springframework.boot.SpringApplication.run(SpringApplication.java:321) ~[spring-boot-4.0.1.jar:4.0.1]
	at org.springframework.boot.SpringApplication.run(SpringApplication.java:1365) ~[spring-boot-4.0.1.jar:4.0.1]
	at org.springframework.boot.SpringApplication.run(SpringApplication.java:1354) ~[spring-boot-4.0.1.jar:4.0.1]
	at com.cts.ImsApplication.main(ImsApplication.java:10) ~[classes/:na]
	at java.base/jdk.internal.reflect.DirectMethodHandleAccessor.invoke(DirectMethodHandleAccessor.java:103) ~[na:na]
	at java.base/java.lang.reflect.Method.invoke(Method.java:580) ~[na:na]
	at org.springframework.boot.devtools.restart.RestartLauncher.run(RestartLauncher.java:52) ~[spring-boot-devtools-4.0.1.jar:4.0.1]
Caused by: org.springframework.beans.factory.UnsatisfiedDependencyException: Error creating bean with name 'managementSecurityFilterChain' defined in class path resource [org/springframework/boot/security/autoconfigure/actuate/web/servlet/ManagementWebSecurityAutoConfiguration.class]: Unsatisfied dependency expressed through method 'managementSecurityFilterChain' parameter 1: Error creating bean with name 'org.springframework.security.config.annotation.web.configuration.HttpSecurityConfiguration.httpSecurity' defined in class path resource [org/springframework/security/config/annotation/web/configuration/HttpSecurityConfiguration.class]: Failed to instantiate [org.springframework.security.config.annotation.web.builders.HttpSecurity]: Factory method 'httpSecurity' threw exception with message: Error creating bean with name 'userDetailsService' defined in class path resource [com/cts/config/AppSecurityConfig.class]: Failed to instantiate [org.springframework.security.core.userdetails.UserDetailsService]: Factory method 'userDetailsService' threw exception with message: Error creating bean with name 'passwordEncoder' defined in class path resource [com/cts/config/AppSecurityConfig.class]: Failed to instantiate [org.springframework.security.crypto.password.PasswordEncoder]: Factory method 'passwordEncoder' threw exception with message: com/password4j/HashingFunction
	at org.springframework.beans.factory.support.ConstructorResolver.createArgumentArray(ConstructorResolver.java:804) ~[spring-beans-7.0.2.jar:7.0.2]
	at org.springframework.beans.factory.support.ConstructorResolver.instantiateUsingFactoryMethod(ConstructorResolver.java:546) ~[spring-beans-7.0.2.jar:7.0.2]
	at org.springframework.beans.factory.support.AbstractAutowireCapableBeanFactory.instantiateUsingFactoryMethod(AbstractAutowireCapableBeanFactory.java:1362) ~[spring-beans-7.0.2.jar:7.0.2]
	at org.springframework.beans.factory.support.AbstractAutowireCapableBeanFactory.createBeanInstance(AbstractAutowireCapableBeanFactory.java:1194) ~[spring-beans-7.0.2.jar:7.0.2]
	at org.springframework.beans.factory.support.AbstractAutowireCapableBeanFactory.doCreateBean(AbstractAutowireCapableBeanFactory.java:565) ~[spring-beans-7.0.2.jar:7.0.2]
	at org.springframework.beans.factory.support.AbstractAutowireCapableBeanFactory.createBean(AbstractAutowireCapableBeanFactory.java:525) ~[spring-beans-7.0.2.jar:7.0.2]
	at org.springframework.beans.factory.support.AbstractBeanFactory.lambda$doGetBean$0(AbstractBeanFactory.java:333) ~[spring-beans-7.0.2.jar:7.0.2]
	at org.springframework.beans.factory.support.DefaultSingletonBeanRegistry.getSingleton(DefaultSingletonBeanRegistry.java:371) ~[spring-beans-7.0.2.jar:7.0.2]
	at org.springframework.beans.factory.support.AbstractBeanFactory.doGetBean(AbstractBeanFactory.java:331) ~[spring-beans-7.0.2.jar:7.0.2]
	at org.springframework.beans.factory.support.AbstractBeanFactory.getBean(AbstractBeanFactory.java:201) ~[spring-beans-7.0.2.jar:7.0.2]
	at org.springframework.beans.factory.config.DependencyDescriptor.resolveCandidate(DependencyDescriptor.java:229) ~[spring-beans-7.0.2.jar:7.0.2]
	at org.springframework.beans.factory.support.DefaultListableBeanFactory.addCandidateEntry(DefaultListableBeanFactory.java:2008) ~[spring-beans-7.0.2.jar:7.0.2]
	at org.springframework.beans.factory.support.DefaultListableBeanFactory.findAutowireCandidates(DefaultListableBeanFactory.java:1971) ~[spring-beans-7.0.2.jar:7.0.2]
	at org.springframework.beans.factory.support.DefaultListableBeanFactory.resolveMultipleBeanCollection(DefaultListableBeanFactory.java:1863) ~[spring-beans-7.0.2.jar:7.0.2]
	at org.springframework.beans.factory.support.DefaultListableBeanFactory.resolveMultipleBeans(DefaultListableBeanFactory.java:1833) ~[spring-beans-7.0.2.jar:7.0.2]
	at org.springframework.beans.factory.support.DefaultListableBeanFactory.doResolveDependency(DefaultListableBeanFactory.java:1711) ~[spring-beans-7.0.2.jar:7.0.2]
	at org.springframework.beans.factory.support.DefaultListableBeanFactory.resolveDependency(DefaultListableBeanFactory.java:1651) ~[spring-beans-7.0.2.jar:7.0.2]
	at org.springframework.beans.factory.annotation.AutowiredAnnotationBeanPostProcessor$AutowiredMethodElement.resolveMethodArguments(AutowiredAnnotationBeanPostProcessor.java:863) ~[spring-beans-7.0.2.jar:7.0.2]
	... 25 common frames omitted
Caused by: org.springframework.beans.factory.BeanCreationException: Error creating bean with name 'org.springframework.security.config.annotation.web.configuration.HttpSecurityConfiguration.httpSecurity' defined in class path resource [org/springframework/security/config/annotation/web/configuration/HttpSecurityConfiguration.class]: Failed to instantiate [org.springframework.security.config.annotation.web.builders.HttpSecurity]: Factory method 'httpSecurity' threw exception with message: Error creating bean with name 'userDetailsService' defined in class path resource [com/cts/config/AppSecurityConfig.class]: Failed to instantiate [org.springframework.security.core.userdetails.UserDetailsService]: Factory method 'userDetailsService' threw exception with message: Error creating bean with name 'passwordEncoder' defined in class path resource [com/cts/config/AppSecurityConfig.class]: Failed to instantiate [org.springframework.security.crypto.password.PasswordEncoder]: Factory method 'passwordEncoder' threw exception with message: com/password4j/HashingFunction
	at org.springframework.beans.factory.support.ConstructorResolver.instantiate(ConstructorResolver.java:657) ~[spring-beans-7.0.2.jar:7.0.2]
	at org.springframework.beans.factory.support.ConstructorResolver.instantiateUsingFactoryMethod(ConstructorResolver.java:489) ~[spring-beans-7.0.2.jar:7.0.2]
	at org.springframework.beans.factory.support.AbstractAutowireCapableBeanFactory.instantiateUsingFactoryMethod(AbstractAutowireCapableBeanFactory.java:1362) ~[spring-beans-7.0.2.jar:7.0.2]
	at org.springframework.beans.factory.support.AbstractAutowireCapableBeanFactory.createBeanInstance(AbstractAutowireCapableBeanFactory.java:1194) ~[spring-beans-7.0.2.jar:7.0.2]
	at org.springframework.beans.factory.support.AbstractAutowireCapableBeanFactory.doCreateBean(AbstractAutowireCapableBeanFactory.java:565) ~[spring-beans-7.0.2.jar:7.0.2]
	at org.springframework.beans.factory.support.AbstractAutowireCapableBeanFactory.createBean(AbstractAutowireCapableBeanFactory.java:525) ~[spring-beans-7.0.2.jar:7.0.2]
	at org.springframework.beans.factory.support.AbstractBeanFactory.doGetBean(AbstractBeanFactory.java:351) ~[spring-beans-7.0.2.jar:7.0.2]
	at org.springframework.beans.factory.support.AbstractBeanFactory.getBean(AbstractBeanFactory.java:201) ~[spring-beans-7.0.2.jar:7.0.2]
	at org.springframework.beans.factory.config.DependencyDescriptor.resolveCandidate(DependencyDescriptor.java:229) ~[spring-beans-7.0.2.jar:7.0.2]
	at org.springframework.beans.factory.support.DefaultListableBeanFactory.doResolveDependency(DefaultListableBeanFactory.java:1762) ~[spring-beans-7.0.2.jar:7.0.2]
	at org.springframework.beans.factory.support.DefaultListableBeanFactory.resolveDependency(DefaultListableBeanFactory.java:1651) ~[spring-beans-7.0.2.jar:7.0.2]
	at org.springframework.beans.factory.support.ConstructorResolver.resolveAutowiredArgument(ConstructorResolver.java:912) ~[spring-beans-7.0.2.jar:7.0.2]
	at org.springframework.beans.factory.support.ConstructorResolver.createArgumentArray(ConstructorResolver.java:791) ~[spring-beans-7.0.2.jar:7.0.2]
	... 42 common frames omitted
Caused by: org.springframework.beans.BeanInstantiationException: Failed to instantiate [org.springframework.security.config.annotation.web.builders.HttpSecurity]: Factory method 'httpSecurity' threw exception with message: Error creating bean with name 'userDetailsService' defined in class path resource [com/cts/config/AppSecurityConfig.class]: Failed to instantiate [org.springframework.security.core.userdetails.UserDetailsService]: Factory method 'userDetailsService' threw exception with message: Error creating bean with name 'passwordEncoder' defined in class path resource [com/cts/config/AppSecurityConfig.class]: Failed to instantiate [org.springframework.security.crypto.password.PasswordEncoder]: Factory method 'passwordEncoder' threw exception with message: com/password4j/HashingFunction
	at org.springframework.beans.factory.support.SimpleInstantiationStrategy.lambda$instantiate$0(SimpleInstantiationStrategy.java:183) ~[spring-beans-7.0.2.jar:7.0.2]
	at org.springframework.beans.factory.support.SimpleInstantiationStrategy.instantiateWithFactoryMethod(SimpleInstantiationStrategy.java:72) ~[spring-beans-7.0.2.jar:7.0.2]
	at org.springframework.beans.factory.support.SimpleInstantiationStrategy.instantiate(SimpleInstantiationStrategy.java:152) ~[spring-beans-7.0.2.jar:7.0.2]
	at org.springframework.beans.factory.support.ConstructorResolver.instantiate(ConstructorResolver.java:653) ~[spring-beans-7.0.2.jar:7.0.2]
	... 54 common frames omitted
Caused by: org.springframework.beans.factory.BeanCreationException: Error creating bean with name 'userDetailsService' defined in class path resource [com/cts/config/AppSecurityConfig.class]: Failed to instantiate [org.springframework.security.core.userdetails.UserDetailsService]: Factory method 'userDetailsService' threw exception with message: Error creating bean with name 'passwordEncoder' defined in class path resource [com/cts/config/AppSecurityConfig.class]: Failed to instantiate [org.springframework.security.crypto.password.PasswordEncoder]: Factory method 'passwordEncoder' threw exception with message: com/password4j/HashingFunction
	at org.springframework.beans.factory.support.ConstructorResolver.instantiate(ConstructorResolver.java:657) ~[spring-beans-7.0.2.jar:7.0.2]
	at org.springframework.beans.factory.support.ConstructorResolver.instantiateUsingFactoryMethod(ConstructorResolver.java:489) ~[spring-beans-7.0.2.jar:7.0.2]
	at org.springframework.beans.factory.support.AbstractAutowireCapableBeanFactory.instantiateUsingFactoryMethod(AbstractAutowireCapableBeanFactory.java:1362) ~[spring-beans-7.0.2.jar:7.0.2]
	at org.springframework.beans.factory.support.AbstractAutowireCapableBeanFactory.createBeanInstance(AbstractAutowireCapableBeanFactory.java:1194) ~[spring-beans-7.0.2.jar:7.0.2]
	at org.springframework.beans.factory.support.AbstractAutowireCapableBeanFactory.doCreateBean(AbstractAutowireCapableBeanFactory.java:565) ~[spring-beans-7.0.2.jar:7.0.2]
	at org.springframework.beans.factory.support.AbstractAutowireCapableBeanFactory.createBean(AbstractAutowireCapableBeanFactory.java:525) ~[spring-beans-7.0.2.jar:7.0.2]
	at org.springframework.beans.factory.support.AbstractBeanFactory.lambda$doGetBean$0(AbstractBeanFactory.java:333) ~[spring-beans-7.0.2.jar:7.0.2]
	at org.springframework.beans.factory.support.DefaultSingletonBeanRegistry.getSingleton(DefaultSingletonBeanRegistry.java:371) ~[spring-beans-7.0.2.jar:7.0.2]
	at org.springframework.beans.factory.support.AbstractBeanFactory.doGetBean(AbstractBeanFactory.java:331) ~[spring-beans-7.0.2.jar:7.0.2]
	at org.springframework.beans.factory.support.AbstractBeanFactory.getBean(AbstractBeanFactory.java:201) ~[spring-beans-7.0.2.jar:7.0.2]
	at org.springframework.context.support.AbstractApplicationContext.getBean(AbstractApplicationContext.java:1284) ~[spring-context-7.0.2.jar:7.0.2]
	at org.springframework.security.config.annotation.authentication.configuration.InitializeUserDetailsBeanManagerConfigurer$InitializeUserDetailsManagerConfigurer.configure(InitializeUserDetailsBeanManagerConfigurer.java:94) ~[spring-security-config-7.0.2.jar:7.0.2]
	at org.springframework.security.config.annotation.authentication.configuration.InitializeUserDetailsBeanManagerConfigurer$InitializeUserDetailsManagerConfigurer.configure(InitializeUserDetailsBeanManagerConfigurer.java:63) ~[spring-security-config-7.0.2.jar:7.0.2]
	at org.springframework.security.config.annotation.AbstractConfiguredSecurityBuilder.configure(AbstractConfiguredSecurityBuilder.java:386) ~[spring-security-config-7.0.2.jar:7.0.2]
	at org.springframework.security.config.annotation.AbstractConfiguredSecurityBuilder.doBuild(AbstractConfiguredSecurityBuilder.java:336) ~[spring-security-config-7.0.2.jar:7.0.2]
	at org.springframework.security.config.annotation.AbstractSecurityBuilder.build(AbstractSecurityBuilder.java:38) ~[spring-security-config-7.0.2.jar:7.0.2]
	at org.springframework.security.config.annotation.authentication.configuration.AuthenticationConfiguration.getAuthenticationManager(AuthenticationConfiguration.java:121) ~[spring-security-config-7.0.2.jar:7.0.2]
	at org.springframework.security.config.annotation.web.configuration.HttpSecurityConfiguration.authenticationManager(HttpSecurityConfiguration.java:152) ~[spring-security-config-7.0.2.jar:7.0.2]
	at org.springframework.security.config.annotation.web.configuration.HttpSecurityConfiguration.httpSecurity(HttpSecurityConfiguration.java:119) ~[spring-security-config-7.0.2.jar:7.0.2]
	at java.base/jdk.internal.reflect.DirectMethodHandleAccessor.invoke(DirectMethodHandleAccessor.java:103) ~[na:na]
	at java.base/java.lang.reflect.Method.invoke(Method.java:580) ~[na:na]
	at org.springframework.beans.factory.support.SimpleInstantiationStrategy.lambda$instantiate$0(SimpleInstantiationStrategy.java:155) ~[spring-beans-7.0.2.jar:7.0.2]
	... 57 common frames omitted
Caused by: org.springframework.beans.BeanInstantiationException: Failed to instantiate [org.springframework.security.core.userdetails.UserDetailsService]: Factory method 'userDetailsService' threw exception with message: Error creating bean with name 'passwordEncoder' defined in class path resource [com/cts/config/AppSecurityConfig.class]: Failed to instantiate [org.springframework.security.crypto.password.PasswordEncoder]: Factory method 'passwordEncoder' threw exception with message: com/password4j/HashingFunction
	at org.springframework.beans.factory.support.SimpleInstantiationStrategy.lambda$instantiate$0(SimpleInstantiationStrategy.java:183) ~[spring-beans-7.0.2.jar:7.0.2]
	at org.springframework.beans.factory.support.SimpleInstantiationStrategy.instantiateWithFactoryMethod(SimpleInstantiationStrategy.java:72) ~[spring-beans-7.0.2.jar:7.0.2]
	at org.springframework.beans.factory.support.SimpleInstantiationStrategy.instantiate(SimpleInstantiationStrategy.java:152) ~[spring-beans-7.0.2.jar:7.0.2]
	at org.springframework.beans.factory.support.ConstructorResolver.instantiate(ConstructorResolver.java:653) ~[spring-beans-7.0.2.jar:7.0.2]
	... 78 common frames omitted
Caused by: org.springframework.beans.factory.BeanCreationException: Error creating bean with name 'passwordEncoder' defined in class path resource [com/cts/config/AppSecurityConfig.class]: Failed to instantiate [org.springframework.security.crypto.password.PasswordEncoder]: Factory method 'passwordEncoder' threw exception with message: com/password4j/HashingFunction
	at org.springframework.beans.factory.support.ConstructorResolver.instantiate(ConstructorResolver.java:657) ~[spring-beans-7.0.2.jar:7.0.2]
	at org.springframework.beans.factory.support.ConstructorResolver.instantiateUsingFactoryMethod(ConstructorResolver.java:489) ~[spring-beans-7.0.2.jar:7.0.2]
	at org.springframework.beans.factory.support.AbstractAutowireCapableBeanFactory.instantiateUsingFactoryMethod(AbstractAutowireCapableBeanFactory.java:1362) ~[spring-beans-7.0.2.jar:7.0.2]
	at org.springframework.beans.factory.support.AbstractAutowireCapableBeanFactory.createBeanInstance(AbstractAutowireCapableBeanFactory.java:1194) ~[spring-beans-7.0.2.jar:7.0.2]
	at org.springframework.beans.factory.support.AbstractAutowireCapableBeanFactory.doCreateBean(AbstractAutowireCapableBeanFactory.java:565) ~[spring-beans-7.0.2.jar:7.0.2]
	at org.springframework.beans.factory.support.AbstractAutowireCapableBeanFactory.createBean(AbstractAutowireCapableBeanFactory.java:525) ~[spring-beans-7.0.2.jar:7.0.2]
	at org.springframework.beans.factory.support.AbstractBeanFactory.lambda$doGetBean$0(AbstractBeanFactory.java:333) ~[spring-beans-7.0.2.jar:7.0.2]
	at org.springframework.beans.factory.support.DefaultSingletonBeanRegistry.getSingleton(DefaultSingletonBeanRegistry.java:371) ~[spring-beans-7.0.2.jar:7.0.2]
	at org.springframework.beans.factory.support.AbstractBeanFactory.doGetBean(AbstractBeanFactory.java:331) ~[spring-beans-7.0.2.jar:7.0.2]
	at org.springframework.beans.factory.support.AbstractBeanFactory.getBean(AbstractBeanFactory.java:196) ~[spring-beans-7.0.2.jar:7.0.2]
	at org.springframework.context.annotation.ConfigurationClassEnhancer$BeanMethodInterceptor.resolveBeanReference(ConfigurationClassEnhancer.java:429) ~[spring-context-7.0.2.jar:7.0.2]
	at org.springframework.context.annotation.ConfigurationClassEnhancer$BeanMethodInterceptor.intercept(ConfigurationClassEnhancer.java:401) ~[spring-context-7.0.2.jar:7.0.2]
	at com.cts.config.AppSecurityConfig$$SpringCGLIB$$0.passwordEncoder(<generated>) ~[classes/:na]
	at com.cts.config.AppSecurityConfig.userDetailsService(AppSecurityConfig.java:20) ~[classes/:na]
	at com.cts.config.AppSecurityConfig$$SpringCGLIB$$0.CGLIB$userDetailsService$1(<generated>) ~[classes/:na]
	at com.cts.config.AppSecurityConfig$$SpringCGLIB$$FastClass$$1.invoke(<generated>) ~[classes/:na]
	at org.springframework.cglib.proxy.MethodProxy.invokeSuper(MethodProxy.java:258) ~[spring-core-7.0.2.jar:7.0.2]
	at org.springframework.context.annotation.ConfigurationClassEnhancer$BeanMethodInterceptor.intercept(ConfigurationClassEnhancer.java:398) ~[spring-context-7.0.2.jar:7.0.2]
	at com.cts.config.AppSecurityConfig$$SpringCGLIB$$0.userDetailsService(<generated>) ~[classes/:na]
	at java.base/jdk.internal.reflect.DirectMethodHandleAccessor.invoke(DirectMethodHandleAccessor.java:103) ~[na:na]
	at java.base/java.lang.reflect.Method.invoke(Method.java:580) ~[na:na]
	at org.springframework.beans.factory.support.SimpleInstantiationStrategy.lambda$instantiate$0(SimpleInstantiationStrategy.java:155) ~[spring-beans-7.0.2.jar:7.0.2]
	... 81 common frames omitted
Caused by: org.springframework.beans.BeanInstantiationException: Failed to instantiate [org.springframework.security.crypto.password.PasswordEncoder]: Factory method 'passwordEncoder' threw exception with message: com/password4j/HashingFunction
	at org.springframework.beans.factory.support.SimpleInstantiationStrategy.lambda$instantiate$0(SimpleInstantiationStrategy.java:183) ~[spring-beans-7.0.2.jar:7.0.2]
	at org.springframework.beans.factory.support.SimpleInstantiationStrategy.instantiateWithFactoryMethod(SimpleInstantiationStrategy.java:72) ~[spring-beans-7.0.2.jar:7.0.2]
	at org.springframework.beans.factory.support.SimpleInstantiationStrategy.instantiate(SimpleInstantiationStrategy.java:152) ~[spring-beans-7.0.2.jar:7.0.2]
	at org.springframework.beans.factory.support.ConstructorResolver.instantiate(ConstructorResolver.java:653) ~[spring-beans-7.0.2.jar:7.0.2]
	... 102 common frames omitted
Caused by: java.lang.NoClassDefFoundError: com/password4j/HashingFunction
	at com.cts.config.AppSecurityConfig.passwordEncoder(AppSecurityConfig.java:26) ~[classes/:na]
	at com.cts.config.AppSecurityConfig$$SpringCGLIB$$0.CGLIB$passwordEncoder$0(<generated>) ~[classes/:na]
	at com.cts.config.AppSecurityConfig$$SpringCGLIB$$FastClass$$1.invoke(<generated>) ~[classes/:na]
	at org.springframework.cglib.proxy.MethodProxy.invokeSuper(MethodProxy.java:258) ~[spring-core-7.0.2.jar:7.0.2]
	at org.springframework.context.annotation.ConfigurationClassEnhancer$BeanMethodInterceptor.intercept(ConfigurationClassEnhancer.java:398) ~[spring-context-7.0.2.jar:7.0.2]
	at com.cts.config.AppSecurityConfig$$SpringCGLIB$$0.passwordEncoder(<generated>) ~[classes/:na]
	at java.base/jdk.internal.reflect.DirectMethodHandleAccessor.invoke(DirectMethodHandleAccessor.java:103) ~[na:na]
	at java.base/java.lang.reflect.Method.invoke(Method.java:580) ~[na:na]
	at org.springframework.beans.factory.support.SimpleInstantiationStrategy.lambda$instantiate$0(SimpleInstantiationStrategy.java:155) ~[spring-beans-7.0.2.jar:7.0.2]
	... 105 common frames omitted
Caused by: java.lang.ClassNotFoundException: com.password4j.HashingFunction
	at java.base/jdk.internal.loader.BuiltinClassLoader.loadClass(BuiltinClassLoader.java:641) ~[na:na]
	at java.base/jdk.internal.loader.ClassLoaders$AppClassLoader.loadClass(ClassLoaders.java:188) ~[na:na]
	at java.base/java.lang.ClassLoader.loadClass(ClassLoader.java:526) ~[na:na]
	... 114 common frames omitted

2026-01-21T12:30:51.608+05:30  INFO 13508 --- [ims] [restartedMain] com.cts.ImsApplication                   : Starting ImsApplication using Java 21.0.6 with PID 13508 (C:\Users\2393375\Documents\ADM2026\Backend\ims\target\classes started by 2393375 in C:\Users\2393375\Documents\ADM2026\Backend\ims)
2026-01-21T12:30:51.609+05:30  INFO 13508 --- [ims] [restartedMain] com.cts.ImsApplication                   : No active profile set, falling back to 1 default profile: "default"
2026-01-21T12:30:51.948+05:30  INFO 13508 --- [ims] [restartedMain] .s.d.r.c.RepositoryConfigurationDelegate : Bootstrapping Spring Data JPA repositories in DEFAULT mode.
2026-01-21T12:30:51.959+05:30  INFO 13508 --- [ims] [restartedMain] .s.d.r.c.RepositoryConfigurationDelegate : Finished Spring Data repository scanning in 9 ms. Found 1 JPA repository interface.
2026-01-21T12:30:52.055+05:30  INFO 13508 --- [ims] [restartedMain] o.s.boot.tomcat.TomcatWebServer          : Tomcat initialized with port 8080 (http)
2026-01-21T12:30:52.055+05:30  INFO 13508 --- [ims] [restartedMain] o.apache.catalina.core.StandardService   : Starting service [Tomcat]
2026-01-21T12:30:52.056+05:30  INFO 13508 --- [ims] [restartedMain] o.apache.catalina.core.StandardEngine    : Starting Servlet engine: [Apache Tomcat/11.0.15]
2026-01-21T12:30:52.083+05:30  INFO 13508 --- [ims] [restartedMain] b.w.c.s.WebApplicationContextInitializer : Root WebApplicationContext: initialization completed in 471 ms
2026-01-21T12:30:52.133+05:30  INFO 13508 --- [ims] [restartedMain] org.hibernate.orm.jpa                    : HHH008540: Processing PersistenceUnitInfo [name: default]
2026-01-21T12:30:52.159+05:30  INFO 13508 --- [ims] [restartedMain] o.s.o.j.p.SpringPersistenceUnitInfo      : No LoadTimeWeaver setup: ignoring JPA class transformer
2026-01-21T12:30:52.160+05:30  INFO 13508 --- [ims] [restartedMain] com.zaxxer.hikari.HikariDataSource       : HikariPool-6 - Starting...
2026-01-21T12:30:52.171+05:30  INFO 13508 --- [ims] [restartedMain] com.zaxxer.hikari.pool.HikariPool        : HikariPool-6 - Added connection com.mysql.cj.jdbc.ConnectionImpl@4a638e3d
2026-01-21T12:30:52.172+05:30  INFO 13508 --- [ims] [restartedMain] com.zaxxer.hikari.HikariDataSource       : HikariPool-6 - Start completed.
2026-01-21T12:30:52.174+05:30  INFO 13508 --- [ims] [restartedMain] org.hibernate.orm.connections.pooling    : HHH10001005: Database info:
	Database JDBC URL [jdbc:mysql://localhost:3306/imsdb?createDatabaseIfNotExist=true]
	Database driver: MySQL Connector/J
	Database dialect: MySQLDialect
	Database version: 8.0.43
	Default catalog/schema: imsdb/undefined
	Autocommit mode: undefined/unknown
	Isolation level: REPEATABLE_READ [default REPEATABLE_READ]
	JDBC fetch size: none
	Pool: DataSourceConnectionProvider
	Minimum pool size: undefined/unknown
	Maximum pool size: undefined/unknown
2026-01-21T12:30:52.205+05:30  INFO 13508 --- [ims] [restartedMain] org.hibernate.orm.core                   : HHH000489: No JTA platform available (set 'hibernate.transaction.jta.platform' to enable JTA platform integration)
2026-01-21T12:30:52.214+05:30  INFO 13508 --- [ims] [restartedMain] j.LocalContainerEntityManagerFactoryBean : Initialized JPA EntityManagerFactory for persistence unit 'default'
2026-01-21T12:30:52.263+05:30  WARN 13508 --- [ims] [restartedMain] JpaBaseConfiguration$JpaWebConfiguration : spring.jpa.open-in-view is enabled by default. Therefore, database queries may be performed during view rendering. Explicitly configure spring.jpa.open-in-view to disable this warning
2026-01-21T12:30:52.284+05:30  WARN 13508 --- [ims] [restartedMain] ConfigServletWebServerApplicationContext : Exception encountered during context initialization - cancelling refresh attempt: org.springframework.beans.factory.UnsatisfiedDependencyException: Error creating bean with name 'org.springframework.security.config.annotation.web.configuration.WebSecurityConfiguration': Unsatisfied dependency expressed through method 'setFilterChains' parameter 0: Error creating bean with name 'managementSecurityFilterChain' defined in class path resource [org/springframework/boot/security/autoconfigure/actuate/web/servlet/ManagementWebSecurityAutoConfiguration.class]: Unsatisfied dependency expressed through method 'managementSecurityFilterChain' parameter 1: Error creating bean with name 'org.springframework.security.config.annotation.web.configuration.HttpSecurityConfiguration.httpSecurity' defined in class path resource [org/springframework/security/config/annotation/web/configuration/HttpSecurityConfiguration.class]: Failed to instantiate [org.springframework.security.config.annotation.web.builders.HttpSecurity]: Factory method 'httpSecurity' threw exception with message: Error creating bean with name 'userDetailsService' defined in class path resource [com/cts/config/AppSecurityConfig.class]: Failed to instantiate [org.springframework.security.core.userdetails.UserDetailsService]: Factory method 'userDetailsService' threw exception with message: Error creating bean with name 'passwordEncoder' defined in class path resource [com/cts/config/AppSecurityConfig.class]: Failed to instantiate [org.springframework.security.crypto.password.PasswordEncoder]: Factory method 'passwordEncoder' threw exception with message: com/password4j/HashingFunction
2026-01-21T12:30:52.285+05:30  INFO 13508 --- [ims] [restartedMain] j.LocalContainerEntityManagerFactoryBean : Closing JPA EntityManagerFactory for persistence unit 'default'
2026-01-21T12:30:52.285+05:30  INFO 13508 --- [ims] [restartedMain] com.zaxxer.hikari.HikariDataSource       : HikariPool-6 - Shutdown initiated...
2026-01-21T12:30:52.285+05:30  INFO 13508 --- [ims] [restartedMain] com.zaxxer.hikari.HikariDataSource       : HikariPool-6 - Shutdown completed.
2026-01-21T12:30:52.286+05:30  INFO 13508 --- [ims] [restartedMain] o.apache.catalina.core.StandardService   : Stopping service [Tomcat]
2026-01-21T12:30:52.291+05:30  INFO 13508 --- [ims] [restartedMain] .s.b.a.l.ConditionEvaluationReportLogger : 

Error starting ApplicationContext. To display the condition evaluation report re-run your application with 'debug' enabled.
2026-01-21T12:30:52.292+05:30 ERROR 13508 --- [ims] [restartedMain] o.s.boot.SpringApplication               : Application run failed

org.springframework.beans.factory.UnsatisfiedDependencyException: Error creating bean with name 'org.springframework.security.config.annotation.web.configuration.WebSecurityConfiguration': Unsatisfied dependency expressed through method 'setFilterChains' parameter 0: Error creating bean with name 'managementSecurityFilterChain' defined in class path resource [org/springframework/boot/security/autoconfigure/actuate/web/servlet/ManagementWebSecurityAutoConfiguration.class]: Unsatisfied dependency expressed through method 'managementSecurityFilterChain' parameter 1: Error creating bean with name 'org.springframework.security.config.annotation.web.configuration.HttpSecurityConfiguration.httpSecurity' defined in class path resource [org/springframework/security/config/annotation/web/configuration/HttpSecurityConfiguration.class]: Failed to instantiate [org.springframework.security.config.annotation.web.builders.HttpSecurity]: Factory method 'httpSecurity' threw exception with message: Error creating bean with name 'userDetailsService' defined in class path resource [com/cts/config/AppSecurityConfig.class]: Failed to instantiate [org.springframework.security.core.userdetails.UserDetailsService]: Factory method 'userDetailsService' threw exception with message: Error creating bean with name 'passwordEncoder' defined in class path resource [com/cts/config/AppSecurityConfig.class]: Failed to instantiate [org.springframework.security.crypto.password.PasswordEncoder]: Factory method 'passwordEncoder' threw exception with message: com/password4j/HashingFunction
	at org.springframework.beans.factory.annotation.AutowiredAnnotationBeanPostProcessor$AutowiredMethodElement.resolveMethodArguments(AutowiredAnnotationBeanPostProcessor.java:871) ~[spring-beans-7.0.2.jar:7.0.2]
	at org.springframework.beans.factory.annotation.AutowiredAnnotationBeanPostProcessor$AutowiredMethodElement.inject(AutowiredAnnotationBeanPostProcessor.java:826) ~[spring-beans-7.0.2.jar:7.0.2]
	at org.springframework.beans.factory.annotation.InjectionMetadata.inject(InjectionMetadata.java:146) ~[spring-beans-7.0.2.jar:7.0.2]
	at org.springframework.beans.factory.annotation.AutowiredAnnotationBeanPostProcessor.postProcessProperties(AutowiredAnnotationBeanPostProcessor.java:492) ~[spring-beans-7.0.2.jar:7.0.2]
	at org.springframework.beans.factory.support.AbstractAutowireCapableBeanFactory.populateBean(AbstractAutowireCapableBeanFactory.java:1446) ~[spring-beans-7.0.2.jar:7.0.2]
	at org.springframework.beans.factory.support.AbstractAutowireCapableBeanFactory.doCreateBean(AbstractAutowireCapableBeanFactory.java:602) ~[spring-beans-7.0.2.jar:7.0.2]
	at org.springframework.beans.factory.support.AbstractAutowireCapableBeanFactory.createBean(AbstractAutowireCapableBeanFactory.java:525) ~[spring-beans-7.0.2.jar:7.0.2]
	at org.springframework.beans.factory.support.AbstractBeanFactory.lambda$doGetBean$0(AbstractBeanFactory.java:333) ~[spring-beans-7.0.2.jar:7.0.2]
	at org.springframework.beans.factory.support.DefaultSingletonBeanRegistry.getSingleton(DefaultSingletonBeanRegistry.java:371) ~[spring-beans-7.0.2.jar:7.0.2]
	at org.springframework.beans.factory.support.AbstractBeanFactory.doGetBean(AbstractBeanFactory.java:331) ~[spring-beans-7.0.2.jar:7.0.2]
	at org.springframework.beans.factory.support.AbstractBeanFactory.getBean(AbstractBeanFactory.java:196) ~[spring-beans-7.0.2.jar:7.0.2]
	at org.springframework.beans.factory.support.DefaultListableBeanFactory.instantiateSingleton(DefaultListableBeanFactory.java:1218) ~[spring-beans-7.0.2.jar:7.0.2]
	at org.springframework.beans.factory.support.DefaultListableBeanFactory.preInstantiateSingleton(DefaultListableBeanFactory.java:1184) ~[spring-beans-7.0.2.jar:7.0.2]
	at org.springframework.beans.factory.support.DefaultListableBeanFactory.preInstantiateSingletons(DefaultListableBeanFactory.java:1121) ~[spring-beans-7.0.2.jar:7.0.2]
	at org.springframework.context.support.AbstractApplicationContext.finishBeanFactoryInitialization(AbstractApplicationContext.java:993) ~[spring-context-7.0.2.jar:7.0.2]
	at org.springframework.context.support.AbstractApplicationContext.refresh(AbstractApplicationContext.java:620) ~[spring-context-7.0.2.jar:7.0.2]
	at org.springframework.boot.web.server.servlet.context.ServletWebServerApplicationContext.refresh(ServletWebServerApplicationContext.java:143) ~[spring-boot-web-server-4.0.1.jar:4.0.1]
	at org.springframework.boot.SpringApplication.refresh(SpringApplication.java:756) ~[spring-boot-4.0.1.jar:4.0.1]
	at org.springframework.boot.SpringApplication.refreshContext(SpringApplication.java:445) ~[spring-boot-4.0.1.jar:4.0.1]
	at org.springframework.boot.SpringApplication.run(SpringApplication.java:321) ~[spring-boot-4.0.1.jar:4.0.1]
	at org.springframework.boot.SpringApplication.run(SpringApplication.java:1365) ~[spring-boot-4.0.1.jar:4.0.1]
	at org.springframework.boot.SpringApplication.run(SpringApplication.java:1354) ~[spring-boot-4.0.1.jar:4.0.1]
	at com.cts.ImsApplication.main(ImsApplication.java:10) ~[classes/:na]
	at java.base/jdk.internal.reflect.DirectMethodHandleAccessor.invoke(DirectMethodHandleAccessor.java:103) ~[na:na]
	at java.base/java.lang.reflect.Method.invoke(Method.java:580) ~[na:na]
	at org.springframework.boot.devtools.restart.RestartLauncher.run(RestartLauncher.java:52) ~[spring-boot-devtools-4.0.1.jar:4.0.1]
Caused by: org.springframework.beans.factory.UnsatisfiedDependencyException: Error creating bean with name 'managementSecurityFilterChain' defined in class path resource [org/springframework/boot/security/autoconfigure/actuate/web/servlet/ManagementWebSecurityAutoConfiguration.class]: Unsatisfied dependency expressed through method 'managementSecurityFilterChain' parameter 1: Error creating bean with name 'org.springframework.security.config.annotation.web.configuration.HttpSecurityConfiguration.httpSecurity' defined in class path resource [org/springframework/security/config/annotation/web/configuration/HttpSecurityConfiguration.class]: Failed to instantiate [org.springframework.security.config.annotation.web.builders.HttpSecurity]: Factory method 'httpSecurity' threw exception with message: Error creating bean with name 'userDetailsService' defined in class path resource [com/cts/config/AppSecurityConfig.class]: Failed to instantiate [org.springframework.security.core.userdetails.UserDetailsService]: Factory method 'userDetailsService' threw exception with message: Error creating bean with name 'passwordEncoder' defined in class path resource [com/cts/config/AppSecurityConfig.class]: Failed to instantiate [org.springframework.security.crypto.password.PasswordEncoder]: Factory method 'passwordEncoder' threw exception with message: com/password4j/HashingFunction
	at org.springframework.beans.factory.support.ConstructorResolver.createArgumentArray(ConstructorResolver.java:804) ~[spring-beans-7.0.2.jar:7.0.2]
	at org.springframework.beans.factory.support.ConstructorResolver.instantiateUsingFactoryMethod(ConstructorResolver.java:546) ~[spring-beans-7.0.2.jar:7.0.2]
	at org.springframework.beans.factory.support.AbstractAutowireCapableBeanFactory.instantiateUsingFactoryMethod(AbstractAutowireCapableBeanFactory.java:1362) ~[spring-beans-7.0.2.jar:7.0.2]
	at org.springframework.beans.factory.support.AbstractAutowireCapableBeanFactory.createBeanInstance(AbstractAutowireCapableBeanFactory.java:1194) ~[spring-beans-7.0.2.jar:7.0.2]
	at org.springframework.beans.factory.support.AbstractAutowireCapableBeanFactory.doCreateBean(AbstractAutowireCapableBeanFactory.java:565) ~[spring-beans-7.0.2.jar:7.0.2]
	at org.springframework.beans.factory.support.AbstractAutowireCapableBeanFactory.createBean(AbstractAutowireCapableBeanFactory.java:525) ~[spring-beans-7.0.2.jar:7.0.2]
	at org.springframework.beans.factory.support.AbstractBeanFactory.lambda$doGetBean$0(AbstractBeanFactory.java:333) ~[spring-beans-7.0.2.jar:7.0.2]
	at org.springframework.beans.factory.support.DefaultSingletonBeanRegistry.getSingleton(DefaultSingletonBeanRegistry.java:371) ~[spring-beans-7.0.2.jar:7.0.2]
	at org.springframework.beans.factory.support.AbstractBeanFactory.doGetBean(AbstractBeanFactory.java:331) ~[spring-beans-7.0.2.jar:7.0.2]
	at org.springframework.beans.factory.support.AbstractBeanFactory.getBean(AbstractBeanFactory.java:201) ~[spring-beans-7.0.2.jar:7.0.2]
	at org.springframework.beans.factory.config.DependencyDescriptor.resolveCandidate(DependencyDescriptor.java:229) ~[spring-beans-7.0.2.jar:7.0.2]
	at org.springframework.beans.factory.support.DefaultListableBeanFactory.addCandidateEntry(DefaultListableBeanFactory.java:2008) ~[spring-beans-7.0.2.jar:7.0.2]
	at org.springframework.beans.factory.support.DefaultListableBeanFactory.findAutowireCandidates(DefaultListableBeanFactory.java:1971) ~[spring-beans-7.0.2.jar:7.0.2]
	at org.springframework.beans.factory.support.DefaultListableBeanFactory.resolveMultipleBeanCollection(DefaultListableBeanFactory.java:1863) ~[spring-beans-7.0.2.jar:7.0.2]
	at org.springframework.beans.factory.support.DefaultListableBeanFactory.resolveMultipleBeans(DefaultListableBeanFactory.java:1833) ~[spring-beans-7.0.2.jar:7.0.2]
	at org.springframework.beans.factory.support.DefaultListableBeanFactory.doResolveDependency(DefaultListableBeanFactory.java:1711) ~[spring-beans-7.0.2.jar:7.0.2]
	at org.springframework.beans.factory.support.DefaultListableBeanFactory.resolveDependency(DefaultListableBeanFactory.java:1651) ~[spring-beans-7.0.2.jar:7.0.2]
	at org.springframework.beans.factory.annotation.AutowiredAnnotationBeanPostProcessor$AutowiredMethodElement.resolveMethodArguments(AutowiredAnnotationBeanPostProcessor.java:863) ~[spring-beans-7.0.2.jar:7.0.2]
	... 25 common frames omitted
Caused by: org.springframework.beans.factory.BeanCreationException: Error creating bean with name 'org.springframework.security.config.annotation.web.configuration.HttpSecurityConfiguration.httpSecurity' defined in class path resource [org/springframework/security/config/annotation/web/configuration/HttpSecurityConfiguration.class]: Failed to instantiate [org.springframework.security.config.annotation.web.builders.HttpSecurity]: Factory method 'httpSecurity' threw exception with message: Error creating bean with name 'userDetailsService' defined in class path resource [com/cts/config/AppSecurityConfig.class]: Failed to instantiate [org.springframework.security.core.userdetails.UserDetailsService]: Factory method 'userDetailsService' threw exception with message: Error creating bean with name 'passwordEncoder' defined in class path resource [com/cts/config/AppSecurityConfig.class]: Failed to instantiate [org.springframework.security.crypto.password.PasswordEncoder]: Factory method 'passwordEncoder' threw exception with message: com/password4j/HashingFunction
	at org.springframework.beans.factory.support.ConstructorResolver.instantiate(ConstructorResolver.java:657) ~[spring-beans-7.0.2.jar:7.0.2]
	at org.springframework.beans.factory.support.ConstructorResolver.instantiateUsingFactoryMethod(ConstructorResolver.java:489) ~[spring-beans-7.0.2.jar:7.0.2]
	at org.springframework.beans.factory.support.AbstractAutowireCapableBeanFactory.instantiateUsingFactoryMethod(AbstractAutowireCapableBeanFactory.java:1362) ~[spring-beans-7.0.2.jar:7.0.2]
	at org.springframework.beans.factory.support.AbstractAutowireCapableBeanFactory.createBeanInstance(AbstractAutowireCapableBeanFactory.java:1194) ~[spring-beans-7.0.2.jar:7.0.2]
	at org.springframework.beans.factory.support.AbstractAutowireCapableBeanFactory.doCreateBean(AbstractAutowireCapableBeanFactory.java:565) ~[spring-beans-7.0.2.jar:7.0.2]
	at org.springframework.beans.factory.support.AbstractAutowireCapableBeanFactory.createBean(AbstractAutowireCapableBeanFactory.java:525) ~[spring-beans-7.0.2.jar:7.0.2]
	at org.springframework.beans.factory.support.AbstractBeanFactory.doGetBean(AbstractBeanFactory.java:351) ~[spring-beans-7.0.2.jar:7.0.2]
	at org.springframework.beans.factory.support.AbstractBeanFactory.getBean(AbstractBeanFactory.java:201) ~[spring-beans-7.0.2.jar:7.0.2]
	at org.springframework.beans.factory.config.DependencyDescriptor.resolveCandidate(DependencyDescriptor.java:229) ~[spring-beans-7.0.2.jar:7.0.2]
	at org.springframework.beans.factory.support.DefaultListableBeanFactory.doResolveDependency(DefaultListableBeanFactory.java:1762) ~[spring-beans-7.0.2.jar:7.0.2]
	at org.springframework.beans.factory.support.DefaultListableBeanFactory.resolveDependency(DefaultListableBeanFactory.java:1651) ~[spring-beans-7.0.2.jar:7.0.2]
	at org.springframework.beans.factory.support.ConstructorResolver.resolveAutowiredArgument(ConstructorResolver.java:912) ~[spring-beans-7.0.2.jar:7.0.2]
	at org.springframework.beans.factory.support.ConstructorResolver.createArgumentArray(ConstructorResolver.java:791) ~[spring-beans-7.0.2.jar:7.0.2]
	... 42 common frames omitted
Caused by: org.springframework.beans.BeanInstantiationException: Failed to instantiate [org.springframework.security.config.annotation.web.builders.HttpSecurity]: Factory method 'httpSecurity' threw exception with message: Error creating bean with name 'userDetailsService' defined in class path resource [com/cts/config/AppSecurityConfig.class]: Failed to instantiate [org.springframework.security.core.userdetails.UserDetailsService]: Factory method 'userDetailsService' threw exception with message: Error creating bean with name 'passwordEncoder' defined in class path resource [com/cts/config/AppSecurityConfig.class]: Failed to instantiate [org.springframework.security.crypto.password.PasswordEncoder]: Factory method 'passwordEncoder' threw exception with message: com/password4j/HashingFunction
	at org.springframework.beans.factory.support.SimpleInstantiationStrategy.lambda$instantiate$0(SimpleInstantiationStrategy.java:183) ~[spring-beans-7.0.2.jar:7.0.2]
	at org.springframework.beans.factory.support.SimpleInstantiationStrategy.instantiateWithFactoryMethod(SimpleInstantiationStrategy.java:72) ~[spring-beans-7.0.2.jar:7.0.2]
	at org.springframework.beans.factory.support.SimpleInstantiationStrategy.instantiate(SimpleInstantiationStrategy.java:152) ~[spring-beans-7.0.2.jar:7.0.2]
	at org.springframework.beans.factory.support.ConstructorResolver.instantiate(ConstructorResolver.java:653) ~[spring-beans-7.0.2.jar:7.0.2]
	... 54 common frames omitted
Caused by: org.springframework.beans.factory.BeanCreationException: Error creating bean with name 'userDetailsService' defined in class path resource [com/cts/config/AppSecurityConfig.class]: Failed to instantiate [org.springframework.security.core.userdetails.UserDetailsService]: Factory method 'userDetailsService' threw exception with message: Error creating bean with name 'passwordEncoder' defined in class path resource [com/cts/config/AppSecurityConfig.class]: Failed to instantiate [org.springframework.security.crypto.password.PasswordEncoder]: Factory method 'passwordEncoder' threw exception with message: com/password4j/HashingFunction
	at org.springframework.beans.factory.support.ConstructorResolver.instantiate(ConstructorResolver.java:657) ~[spring-beans-7.0.2.jar:7.0.2]
	at org.springframework.beans.factory.support.ConstructorResolver.instantiateUsingFactoryMethod(ConstructorResolver.java:489) ~[spring-beans-7.0.2.jar:7.0.2]
	at org.springframework.beans.factory.support.AbstractAutowireCapableBeanFactory.instantiateUsingFactoryMethod(AbstractAutowireCapableBeanFactory.java:1362) ~[spring-beans-7.0.2.jar:7.0.2]
	at org.springframework.beans.factory.support.AbstractAutowireCapableBeanFactory.createBeanInstance(AbstractAutowireCapableBeanFactory.java:1194) ~[spring-beans-7.0.2.jar:7.0.2]
	at org.springframework.beans.factory.support.AbstractAutowireCapableBeanFactory.doCreateBean(AbstractAutowireCapableBeanFactory.java:565) ~[spring-beans-7.0.2.jar:7.0.2]
	at org.springframework.beans.factory.support.AbstractAutowireCapableBeanFactory.createBean(AbstractAutowireCapableBeanFactory.java:525) ~[spring-beans-7.0.2.jar:7.0.2]
	at org.springframework.beans.factory.support.AbstractBeanFactory.lambda$doGetBean$0(AbstractBeanFactory.java:333) ~[spring-beans-7.0.2.jar:7.0.2]
	at org.springframework.beans.factory.support.DefaultSingletonBeanRegistry.getSingleton(DefaultSingletonBeanRegistry.java:371) ~[spring-beans-7.0.2.jar:7.0.2]
	at org.springframework.beans.factory.support.AbstractBeanFactory.doGetBean(AbstractBeanFactory.java:331) ~[spring-beans-7.0.2.jar:7.0.2]
	at org.springframework.beans.factory.support.AbstractBeanFactory.getBean(AbstractBeanFactory.java:201) ~[spring-beans-7.0.2.jar:7.0.2]
	at org.springframework.context.support.AbstractApplicationContext.getBean(AbstractApplicationContext.java:1284) ~[spring-context-7.0.2.jar:7.0.2]
	at org.springframework.security.config.annotation.authentication.configuration.InitializeUserDetailsBeanManagerConfigurer$InitializeUserDetailsManagerConfigurer.configure(InitializeUserDetailsBeanManagerConfigurer.java:94) ~[spring-security-config-7.0.2.jar:7.0.2]
	at org.springframework.security.config.annotation.authentication.configuration.InitializeUserDetailsBeanManagerConfigurer$InitializeUserDetailsManagerConfigurer.configure(InitializeUserDetailsBeanManagerConfigurer.java:63) ~[spring-security-config-7.0.2.jar:7.0.2]
	at org.springframework.security.config.annotation.AbstractConfiguredSecurityBuilder.configure(AbstractConfiguredSecurityBuilder.java:386) ~[spring-security-config-7.0.2.jar:7.0.2]
	at org.springframework.security.config.annotation.AbstractConfiguredSecurityBuilder.doBuild(AbstractConfiguredSecurityBuilder.java:336) ~[spring-security-config-7.0.2.jar:7.0.2]
	at org.springframework.security.config.annotation.AbstractSecurityBuilder.build(AbstractSecurityBuilder.java:38) ~[spring-security-config-7.0.2.jar:7.0.2]
	at org.springframework.security.config.annotation.authentication.configuration.AuthenticationConfiguration.getAuthenticationManager(AuthenticationConfiguration.java:121) ~[spring-security-config-7.0.2.jar:7.0.2]
	at org.springframework.security.config.annotation.web.configuration.HttpSecurityConfiguration.authenticationManager(HttpSecurityConfiguration.java:152) ~[spring-security-config-7.0.2.jar:7.0.2]
	at org.springframework.security.config.annotation.web.configuration.HttpSecurityConfiguration.httpSecurity(HttpSecurityConfiguration.java:119) ~[spring-security-config-7.0.2.jar:7.0.2]
	at java.base/jdk.internal.reflect.DirectMethodHandleAccessor.invoke(DirectMethodHandleAccessor.java:103) ~[na:na]
	at java.base/java.lang.reflect.Method.invoke(Method.java:580) ~[na:na]
	at org.springframework.beans.factory.support.SimpleInstantiationStrategy.lambda$instantiate$0(SimpleInstantiationStrategy.java:155) ~[spring-beans-7.0.2.jar:7.0.2]
	... 57 common frames omitted
Caused by: org.springframework.beans.BeanInstantiationException: Failed to instantiate [org.springframework.security.core.userdetails.UserDetailsService]: Factory method 'userDetailsService' threw exception with message: Error creating bean with name 'passwordEncoder' defined in class path resource [com/cts/config/AppSecurityConfig.class]: Failed to instantiate [org.springframework.security.crypto.password.PasswordEncoder]: Factory method 'passwordEncoder' threw exception with message: com/password4j/HashingFunction
	at org.springframework.beans.factory.support.SimpleInstantiationStrategy.lambda$instantiate$0(SimpleInstantiationStrategy.java:183) ~[spring-beans-7.0.2.jar:7.0.2]
	at org.springframework.beans.factory.support.SimpleInstantiationStrategy.instantiateWithFactoryMethod(SimpleInstantiationStrategy.java:72) ~[spring-beans-7.0.2.jar:7.0.2]
	at org.springframework.beans.factory.support.SimpleInstantiationStrategy.instantiate(SimpleInstantiationStrategy.java:152) ~[spring-beans-7.0.2.jar:7.0.2]
	at org.springframework.beans.factory.support.ConstructorResolver.instantiate(ConstructorResolver.java:653) ~[spring-beans-7.0.2.jar:7.0.2]
	... 78 common frames omitted
Caused by: org.springframework.beans.factory.BeanCreationException: Error creating bean with name 'passwordEncoder' defined in class path resource [com/cts/config/AppSecurityConfig.class]: Failed to instantiate [org.springframework.security.crypto.password.PasswordEncoder]: Factory method 'passwordEncoder' threw exception with message: com/password4j/HashingFunction
	at org.springframework.beans.factory.support.ConstructorResolver.instantiate(ConstructorResolver.java:657) ~[spring-beans-7.0.2.jar:7.0.2]
	at org.springframework.beans.factory.support.ConstructorResolver.instantiateUsingFactoryMethod(ConstructorResolver.java:489) ~[spring-beans-7.0.2.jar:7.0.2]
	at org.springframework.beans.factory.support.AbstractAutowireCapableBeanFactory.instantiateUsingFactoryMethod(AbstractAutowireCapableBeanFactory.java:1362) ~[spring-beans-7.0.2.jar:7.0.2]
	at org.springframework.beans.factory.support.AbstractAutowireCapableBeanFactory.createBeanInstance(AbstractAutowireCapableBeanFactory.java:1194) ~[spring-beans-7.0.2.jar:7.0.2]
	at org.springframework.beans.factory.support.AbstractAutowireCapableBeanFactory.doCreateBean(AbstractAutowireCapableBeanFactory.java:565) ~[spring-beans-7.0.2.jar:7.0.2]
	at org.springframework.beans.factory.support.AbstractAutowireCapableBeanFactory.createBean(AbstractAutowireCapableBeanFactory.java:525) ~[spring-beans-7.0.2.jar:7.0.2]
	at org.springframework.beans.factory.support.AbstractBeanFactory.lambda$doGetBean$0(AbstractBeanFactory.java:333) ~[spring-beans-7.0.2.jar:7.0.2]
	at org.springframework.beans.factory.support.DefaultSingletonBeanRegistry.getSingleton(DefaultSingletonBeanRegistry.java:371) ~[spring-beans-7.0.2.jar:7.0.2]
	at org.springframework.beans.factory.support.AbstractBeanFactory.doGetBean(AbstractBeanFactory.java:331) ~[spring-beans-7.0.2.jar:7.0.2]
	at org.springframework.beans.factory.support.AbstractBeanFactory.getBean(AbstractBeanFactory.java:196) ~[spring-beans-7.0.2.jar:7.0.2]
	at org.springframework.context.annotation.ConfigurationClassEnhancer$BeanMethodInterceptor.resolveBeanReference(ConfigurationClassEnhancer.java:429) ~[spring-context-7.0.2.jar:7.0.2]
	at org.springframework.context.annotation.ConfigurationClassEnhancer$BeanMethodInterceptor.intercept(ConfigurationClassEnhancer.java:401) ~[spring-context-7.0.2.jar:7.0.2]
	at com.cts.config.AppSecurityConfig$$SpringCGLIB$$0.passwordEncoder(<generated>) ~[classes/:na]
	at com.cts.config.AppSecurityConfig.userDetailsService(AppSecurityConfig.java:20) ~[classes/:na]
	at com.cts.config.AppSecurityConfig$$SpringCGLIB$$0.CGLIB$userDetailsService$1(<generated>) ~[classes/:na]
	at com.cts.config.AppSecurityConfig$$SpringCGLIB$$FastClass$$1.invoke(<generated>) ~[classes/:na]
	at org.springframework.cglib.proxy.MethodProxy.invokeSuper(MethodProxy.java:258) ~[spring-core-7.0.2.jar:7.0.2]
	at org.springframework.context.annotation.ConfigurationClassEnhancer$BeanMethodInterceptor.intercept(ConfigurationClassEnhancer.java:398) ~[spring-context-7.0.2.jar:7.0.2]
	at com.cts.config.AppSecurityConfig$$SpringCGLIB$$0.userDetailsService(<generated>) ~[classes/:na]
	at java.base/jdk.internal.reflect.DirectMethodHandleAccessor.invoke(DirectMethodHandleAccessor.java:103) ~[na:na]
	at java.base/java.lang.reflect.Method.invoke(Method.java:580) ~[na:na]
	at org.springframework.beans.factory.support.SimpleInstantiationStrategy.lambda$instantiate$0(SimpleInstantiationStrategy.java:155) ~[spring-beans-7.0.2.jar:7.0.2]
	... 81 common frames omitted
Caused by: org.springframework.beans.BeanInstantiationException: Failed to instantiate [org.springframework.security.crypto.password.PasswordEncoder]: Factory method 'passwordEncoder' threw exception with message: com/password4j/HashingFunction
	at org.springframework.beans.factory.support.SimpleInstantiationStrategy.lambda$instantiate$0(SimpleInstantiationStrategy.java:183) ~[spring-beans-7.0.2.jar:7.0.2]
	at org.springframework.beans.factory.support.SimpleInstantiationStrategy.instantiateWithFactoryMethod(SimpleInstantiationStrategy.java:72) ~[spring-beans-7.0.2.jar:7.0.2]
	at org.springframework.beans.factory.support.SimpleInstantiationStrategy.instantiate(SimpleInstantiationStrategy.java:152) ~[spring-beans-7.0.2.jar:7.0.2]
	at org.springframework.beans.factory.support.ConstructorResolver.instantiate(ConstructorResolver.java:653) ~[spring-beans-7.0.2.jar:7.0.2]
	... 102 common frames omitted
Caused by: java.lang.NoClassDefFoundError: com/password4j/HashingFunction
	at com.cts.config.AppSecurityConfig.passwordEncoder(AppSecurityConfig.java:26) ~[classes/:na]
	at com.cts.config.AppSecurityConfig$$SpringCGLIB$$0.CGLIB$passwordEncoder$0(<generated>) ~[classes/:na]
	at com.cts.config.AppSecurityConfig$$SpringCGLIB$$FastClass$$1.invoke(<generated>) ~[classes/:na]
	at org.springframework.cglib.proxy.MethodProxy.invokeSuper(MethodProxy.java:258) ~[spring-core-7.0.2.jar:7.0.2]
	at org.springframework.context.annotation.ConfigurationClassEnhancer$BeanMethodInterceptor.intercept(ConfigurationClassEnhancer.java:398) ~[spring-context-7.0.2.jar:7.0.2]
	at com.cts.config.AppSecurityConfig$$SpringCGLIB$$0.passwordEncoder(<generated>) ~[classes/:na]
	at java.base/jdk.internal.reflect.DirectMethodHandleAccessor.invoke(DirectMethodHandleAccessor.java:103) ~[na:na]
	at java.base/java.lang.reflect.Method.invoke(Method.java:580) ~[na:na]
	at org.springframework.beans.factory.support.SimpleInstantiationStrategy.lambda$instantiate$0(SimpleInstantiationStrategy.java:155) ~[spring-beans-7.0.2.jar:7.0.2]
	... 105 common frames omitted
Caused by: java.lang.ClassNotFoundException: com.password4j.HashingFunction
	at java.base/jdk.internal.loader.BuiltinClassLoader.loadClass(BuiltinClassLoader.java:641) ~[na:na]
	at java.base/jdk.internal.loader.ClassLoaders$AppClassLoader.loadClass(ClassLoaders.java:188) ~[na:na]
	at java.base/java.lang.ClassLoader.loadClass(ClassLoader.java:526) ~[na:na]
	... 114 common frames omitted

2026-01-21T12:31:10.275+05:30  INFO 13508 --- [ims] [restartedMain] com.cts.ImsApplication                   : Starting ImsApplication using Java 21.0.6 with PID 13508 (C:\Users\2393375\Documents\ADM2026\Backend\ims\target\classes started by 2393375 in C:\Users\2393375\Documents\ADM2026\Backend\ims)
2026-01-21T12:31:10.277+05:30  INFO 13508 --- [ims] [restartedMain] com.cts.ImsApplication                   : No active profile set, falling back to 1 default profile: "default"
2026-01-21T12:31:10.531+05:30  INFO 13508 --- [ims] [restartedMain] .s.d.r.c.RepositoryConfigurationDelegate : Bootstrapping Spring Data JPA repositories in DEFAULT mode.
2026-01-21T12:31:10.541+05:30  INFO 13508 --- [ims] [restartedMain] .s.d.r.c.RepositoryConfigurationDelegate : Finished Spring Data repository scanning in 8 ms. Found 1 JPA repository interface.
2026-01-21T12:31:10.637+05:30  INFO 13508 --- [ims] [restartedMain] o.s.boot.tomcat.TomcatWebServer          : Tomcat initialized with port 8080 (http)
2026-01-21T12:31:10.638+05:30  INFO 13508 --- [ims] [restartedMain] o.apache.catalina.core.StandardService   : Starting service [Tomcat]
2026-01-21T12:31:10.638+05:30  INFO 13508 --- [ims] [restartedMain] o.apache.catalina.core.StandardEngine    : Starting Servlet engine: [Apache Tomcat/11.0.15]
2026-01-21T12:31:10.675+05:30  INFO 13508 --- [ims] [restartedMain] b.w.c.s.WebApplicationContextInitializer : Root WebApplicationContext: initialization completed in 397 ms
2026-01-21T12:31:10.716+05:30  INFO 13508 --- [ims] [restartedMain] org.hibernate.orm.jpa                    : HHH008540: Processing PersistenceUnitInfo [name: default]
2026-01-21T12:31:10.732+05:30  INFO 13508 --- [ims] [restartedMain] o.s.o.j.p.SpringPersistenceUnitInfo      : No LoadTimeWeaver setup: ignoring JPA class transformer
2026-01-21T12:31:10.734+05:30  INFO 13508 --- [ims] [restartedMain] com.zaxxer.hikari.HikariDataSource       : HikariPool-7 - Starting...
2026-01-21T12:31:10.744+05:30  INFO 13508 --- [ims] [restartedMain] com.zaxxer.hikari.pool.HikariPool        : HikariPool-7 - Added connection com.mysql.cj.jdbc.ConnectionImpl@690a2b41
2026-01-21T12:31:10.745+05:30  INFO 13508 --- [ims] [restartedMain] com.zaxxer.hikari.HikariDataSource       : HikariPool-7 - Start completed.
2026-01-21T12:31:10.746+05:30  INFO 13508 --- [ims] [restartedMain] org.hibernate.orm.connections.pooling    : HHH10001005: Database info:
	Database JDBC URL [jdbc:mysql://localhost:3306/imsdb?createDatabaseIfNotExist=true]
	Database driver: MySQL Connector/J
	Database dialect: MySQLDialect
	Database version: 8.0.43
	Default catalog/schema: imsdb/undefined
	Autocommit mode: undefined/unknown
	Isolation level: REPEATABLE_READ [default REPEATABLE_READ]
	JDBC fetch size: none
	Pool: DataSourceConnectionProvider
	Minimum pool size: undefined/unknown
	Maximum pool size: undefined/unknown
2026-01-21T12:31:10.779+05:30  INFO 13508 --- [ims] [restartedMain] org.hibernate.orm.core                   : HHH000489: No JTA platform available (set 'hibernate.transaction.jta.platform' to enable JTA platform integration)
2026-01-21T12:31:10.787+05:30  INFO 13508 --- [ims] [restartedMain] j.LocalContainerEntityManagerFactoryBean : Initialized JPA EntityManagerFactory for persistence unit 'default'
2026-01-21T12:31:10.832+05:30  WARN 13508 --- [ims] [restartedMain] JpaBaseConfiguration$JpaWebConfiguration : spring.jpa.open-in-view is enabled by default. Therefore, database queries may be performed during view rendering. Explicitly configure spring.jpa.open-in-view to disable this warning
2026-01-21T12:31:10.857+05:30  WARN 13508 --- [ims] [restartedMain] ConfigServletWebServerApplicationContext : Exception encountered during context initialization - cancelling refresh attempt: org.springframework.beans.factory.UnsatisfiedDependencyException: Error creating bean with name 'org.springframework.security.config.annotation.web.configuration.WebSecurityConfiguration': Unsatisfied dependency expressed through method 'setFilterChains' parameter 0: Error creating bean with name 'managementSecurityFilterChain' defined in class path resource [org/springframework/boot/security/autoconfigure/actuate/web/servlet/ManagementWebSecurityAutoConfiguration.class]: Unsatisfied dependency expressed through method 'managementSecurityFilterChain' parameter 1: Error creating bean with name 'org.springframework.security.config.annotation.web.configuration.HttpSecurityConfiguration.httpSecurity' defined in class path resource [org/springframework/security/config/annotation/web/configuration/HttpSecurityConfiguration.class]: Failed to instantiate [org.springframework.security.config.annotation.web.builders.HttpSecurity]: Factory method 'httpSecurity' threw exception with message: Error creating bean with name 'userDetailsService' defined in class path resource [com/cts/config/AppSecurityConfig.class]: Failed to instantiate [org.springframework.security.core.userdetails.UserDetailsService]: Factory method 'userDetailsService' threw exception with message: Error creating bean with name 'passwordEncoder' defined in class path resource [com/cts/config/AppSecurityConfig.class]: Failed to instantiate [org.springframework.security.crypto.password.PasswordEncoder]: Factory method 'passwordEncoder' threw exception with message: com/password4j/HashingFunction
2026-01-21T12:31:10.857+05:30  INFO 13508 --- [ims] [restartedMain] j.LocalContainerEntityManagerFactoryBean : Closing JPA EntityManagerFactory for persistence unit 'default'
2026-01-21T12:31:10.858+05:30  INFO 13508 --- [ims] [restartedMain] com.zaxxer.hikari.HikariDataSource       : HikariPool-7 - Shutdown initiated...
2026-01-21T12:31:10.893+05:30  INFO 13508 --- [ims] [restartedMain] com.zaxxer.hikari.HikariDataSource       : HikariPool-7 - Shutdown completed.
2026-01-21T12:31:10.894+05:30  INFO 13508 --- [ims] [restartedMain] o.apache.catalina.core.StandardService   : Stopping service [Tomcat]
2026-01-21T12:31:10.902+05:30  INFO 13508 --- [ims] [restartedMain] .s.b.a.l.ConditionEvaluationReportLogger : 

Error starting ApplicationContext. To display the condition evaluation report re-run your application with 'debug' enabled.
2026-01-21T12:31:10.903+05:30 ERROR 13508 --- [ims] [restartedMain] o.s.boot.SpringApplication               : Application run failed

org.springframework.beans.factory.UnsatisfiedDependencyException: Error creating bean with name 'org.springframework.security.config.annotation.web.configuration.WebSecurityConfiguration': Unsatisfied dependency expressed through method 'setFilterChains' parameter 0: Error creating bean with name 'managementSecurityFilterChain' defined in class path resource [org/springframework/boot/security/autoconfigure/actuate/web/servlet/ManagementWebSecurityAutoConfiguration.class]: Unsatisfied dependency expressed through method 'managementSecurityFilterChain' parameter 1: Error creating bean with name 'org.springframework.security.config.annotation.web.configuration.HttpSecurityConfiguration.httpSecurity' defined in class path resource [org/springframework/security/config/annotation/web/configuration/HttpSecurityConfiguration.class]: Failed to instantiate [org.springframework.security.config.annotation.web.builders.HttpSecurity]: Factory method 'httpSecurity' threw exception with message: Error creating bean with name 'userDetailsService' defined in class path resource [com/cts/config/AppSecurityConfig.class]: Failed to instantiate [org.springframework.security.core.userdetails.UserDetailsService]: Factory method 'userDetailsService' threw exception with message: Error creating bean with name 'passwordEncoder' defined in class path resource [com/cts/config/AppSecurityConfig.class]: Failed to instantiate [org.springframework.security.crypto.password.PasswordEncoder]: Factory method 'passwordEncoder' threw exception with message: com/password4j/HashingFunction
	at org.springframework.beans.factory.annotation.AutowiredAnnotationBeanPostProcessor$AutowiredMethodElement.resolveMethodArguments(AutowiredAnnotationBeanPostProcessor.java:871) ~[spring-beans-7.0.2.jar:7.0.2]
	at org.springframework.beans.factory.annotation.AutowiredAnnotationBeanPostProcessor$AutowiredMethodElement.inject(AutowiredAnnotationBeanPostProcessor.java:826) ~[spring-beans-7.0.2.jar:7.0.2]
	at org.springframework.beans.factory.annotation.InjectionMetadata.inject(InjectionMetadata.java:146) ~[spring-beans-7.0.2.jar:7.0.2]
	at org.springframework.beans.factory.annotation.AutowiredAnnotationBeanPostProcessor.postProcessProperties(AutowiredAnnotationBeanPostProcessor.java:492) ~[spring-beans-7.0.2.jar:7.0.2]
	at org.springframework.beans.factory.support.AbstractAutowireCapableBeanFactory.populateBean(AbstractAutowireCapableBeanFactory.java:1446) ~[spring-beans-7.0.2.jar:7.0.2]
	at org.springframework.beans.factory.support.AbstractAutowireCapableBeanFactory.doCreateBean(AbstractAutowireCapableBeanFactory.java:602) ~[spring-beans-7.0.2.jar:7.0.2]
	at org.springframework.beans.factory.support.AbstractAutowireCapableBeanFactory.createBean(AbstractAutowireCapableBeanFactory.java:525) ~[spring-beans-7.0.2.jar:7.0.2]
	at org.springframework.beans.factory.support.AbstractBeanFactory.lambda$doGetBean$0(AbstractBeanFactory.java:333) ~[spring-beans-7.0.2.jar:7.0.2]
	at org.springframework.beans.factory.support.DefaultSingletonBeanRegistry.getSingleton(DefaultSingletonBeanRegistry.java:371) ~[spring-beans-7.0.2.jar:7.0.2]
	at org.springframework.beans.factory.support.AbstractBeanFactory.doGetBean(AbstractBeanFactory.java:331) ~[spring-beans-7.0.2.jar:7.0.2]
	at org.springframework.beans.factory.support.AbstractBeanFactory.getBean(AbstractBeanFactory.java:196) ~[spring-beans-7.0.2.jar:7.0.2]
	at org.springframework.beans.factory.support.DefaultListableBeanFactory.instantiateSingleton(DefaultListableBeanFactory.java:1218) ~[spring-beans-7.0.2.jar:7.0.2]
	at org.springframework.beans.factory.support.DefaultListableBeanFactory.preInstantiateSingleton(DefaultListableBeanFactory.java:1184) ~[spring-beans-7.0.2.jar:7.0.2]
	at org.springframework.beans.factory.support.DefaultListableBeanFactory.preInstantiateSingletons(DefaultListableBeanFactory.java:1121) ~[spring-beans-7.0.2.jar:7.0.2]
	at org.springframework.context.support.AbstractApplicationContext.finishBeanFactoryInitialization(AbstractApplicationContext.java:993) ~[spring-context-7.0.2.jar:7.0.2]
	at org.springframework.context.support.AbstractApplicationContext.refresh(AbstractApplicationContext.java:620) ~[spring-context-7.0.2.jar:7.0.2]
	at org.springframework.boot.web.server.servlet.context.ServletWebServerApplicationContext.refresh(ServletWebServerApplicationContext.java:143) ~[spring-boot-web-server-4.0.1.jar:4.0.1]
	at org.springframework.boot.SpringApplication.refresh(SpringApplication.java:756) ~[spring-boot-4.0.1.jar:4.0.1]
	at org.springframework.boot.SpringApplication.refreshContext(SpringApplication.java:445) ~[spring-boot-4.0.1.jar:4.0.1]
	at org.springframework.boot.SpringApplication.run(SpringApplication.java:321) ~[spring-boot-4.0.1.jar:4.0.1]
	at org.springframework.boot.SpringApplication.run(SpringApplication.java:1365) ~[spring-boot-4.0.1.jar:4.0.1]
	at org.springframework.boot.SpringApplication.run(SpringApplication.java:1354) ~[spring-boot-4.0.1.jar:4.0.1]
	at com.cts.ImsApplication.main(ImsApplication.java:10) ~[classes/:na]
	at java.base/jdk.internal.reflect.DirectMethodHandleAccessor.invoke(DirectMethodHandleAccessor.java:103) ~[na:na]
	at java.base/java.lang.reflect.Method.invoke(Method.java:580) ~[na:na]
	at org.springframework.boot.devtools.restart.RestartLauncher.run(RestartLauncher.java:52) ~[spring-boot-devtools-4.0.1.jar:4.0.1]
Caused by: org.springframework.beans.factory.UnsatisfiedDependencyException: Error creating bean with name 'managementSecurityFilterChain' defined in class path resource [org/springframework/boot/security/autoconfigure/actuate/web/servlet/ManagementWebSecurityAutoConfiguration.class]: Unsatisfied dependency expressed through method 'managementSecurityFilterChain' parameter 1: Error creating bean with name 'org.springframework.security.config.annotation.web.configuration.HttpSecurityConfiguration.httpSecurity' defined in class path resource [org/springframework/security/config/annotation/web/configuration/HttpSecurityConfiguration.class]: Failed to instantiate [org.springframework.security.config.annotation.web.builders.HttpSecurity]: Factory method 'httpSecurity' threw exception with message: Error creating bean with name 'userDetailsService' defined in class path resource [com/cts/config/AppSecurityConfig.class]: Failed to instantiate [org.springframework.security.core.userdetails.UserDetailsService]: Factory method 'userDetailsService' threw exception with message: Error creating bean with name 'passwordEncoder' defined in class path resource [com/cts/config/AppSecurityConfig.class]: Failed to instantiate [org.springframework.security.crypto.password.PasswordEncoder]: Factory method 'passwordEncoder' threw exception with message: com/password4j/HashingFunction
	at org.springframework.beans.factory.support.ConstructorResolver.createArgumentArray(ConstructorResolver.java:804) ~[spring-beans-7.0.2.jar:7.0.2]
	at org.springframework.beans.factory.support.ConstructorResolver.instantiateUsingFactoryMethod(ConstructorResolver.java:546) ~[spring-beans-7.0.2.jar:7.0.2]
	at org.springframework.beans.factory.support.AbstractAutowireCapableBeanFactory.instantiateUsingFactoryMethod(AbstractAutowireCapableBeanFactory.java:1362) ~[spring-beans-7.0.2.jar:7.0.2]
	at org.springframework.beans.factory.support.AbstractAutowireCapableBeanFactory.createBeanInstance(AbstractAutowireCapableBeanFactory.java:1194) ~[spring-beans-7.0.2.jar:7.0.2]
	at org.springframework.beans.factory.support.AbstractAutowireCapableBeanFactory.doCreateBean(AbstractAutowireCapableBeanFactory.java:565) ~[spring-beans-7.0.2.jar:7.0.2]
	at org.springframework.beans.factory.support.AbstractAutowireCapableBeanFactory.createBean(AbstractAutowireCapableBeanFactory.java:525) ~[spring-beans-7.0.2.jar:7.0.2]
	at org.springframework.beans.factory.support.AbstractBeanFactory.lambda$doGetBean$0(AbstractBeanFactory.java:333) ~[spring-beans-7.0.2.jar:7.0.2]
	at org.springframework.beans.factory.support.DefaultSingletonBeanRegistry.getSingleton(DefaultSingletonBeanRegistry.java:371) ~[spring-beans-7.0.2.jar:7.0.2]
	at org.springframework.beans.factory.support.AbstractBeanFactory.doGetBean(AbstractBeanFactory.java:331) ~[spring-beans-7.0.2.jar:7.0.2]
	at org.springframework.beans.factory.support.AbstractBeanFactory.getBean(AbstractBeanFactory.java:201) ~[spring-beans-7.0.2.jar:7.0.2]
	at org.springframework.beans.factory.config.DependencyDescriptor.resolveCandidate(DependencyDescriptor.java:229) ~[spring-beans-7.0.2.jar:7.0.2]
	at org.springframework.beans.factory.support.DefaultListableBeanFactory.addCandidateEntry(DefaultListableBeanFactory.java:2008) ~[spring-beans-7.0.2.jar:7.0.2]
	at org.springframework.beans.factory.support.DefaultListableBeanFactory.findAutowireCandidates(DefaultListableBeanFactory.java:1971) ~[spring-beans-7.0.2.jar:7.0.2]
	at org.springframework.beans.factory.support.DefaultListableBeanFactory.resolveMultipleBeanCollection(DefaultListableBeanFactory.java:1863) ~[spring-beans-7.0.2.jar:7.0.2]
	at org.springframework.beans.factory.support.DefaultListableBeanFactory.resolveMultipleBeans(DefaultListableBeanFactory.java:1833) ~[spring-beans-7.0.2.jar:7.0.2]
	at org.springframework.beans.factory.support.DefaultListableBeanFactory.doResolveDependency(DefaultListableBeanFactory.java:1711) ~[spring-beans-7.0.2.jar:7.0.2]
	at org.springframework.beans.factory.support.DefaultListableBeanFactory.resolveDependency(DefaultListableBeanFactory.java:1651) ~[spring-beans-7.0.2.jar:7.0.2]
	at org.springframework.beans.factory.annotation.AutowiredAnnotationBeanPostProcessor$AutowiredMethodElement.resolveMethodArguments(AutowiredAnnotationBeanPostProcessor.java:863) ~[spring-beans-7.0.2.jar:7.0.2]
	... 25 common frames omitted
Caused by: org.springframework.beans.factory.BeanCreationException: Error creating bean with name 'org.springframework.security.config.annotation.web.configuration.HttpSecurityConfiguration.httpSecurity' defined in class path resource [org/springframework/security/config/annotation/web/configuration/HttpSecurityConfiguration.class]: Failed to instantiate [org.springframework.security.config.annotation.web.builders.HttpSecurity]: Factory method 'httpSecurity' threw exception with message: Error creating bean with name 'userDetailsService' defined in class path resource [com/cts/config/AppSecurityConfig.class]: Failed to instantiate [org.springframework.security.core.userdetails.UserDetailsService]: Factory method 'userDetailsService' threw exception with message: Error creating bean with name 'passwordEncoder' defined in class path resource [com/cts/config/AppSecurityConfig.class]: Failed to instantiate [org.springframework.security.crypto.password.PasswordEncoder]: Factory method 'passwordEncoder' threw exception with message: com/password4j/HashingFunction
	at org.springframework.beans.factory.support.ConstructorResolver.instantiate(ConstructorResolver.java:657) ~[spring-beans-7.0.2.jar:7.0.2]
	at org.springframework.beans.factory.support.ConstructorResolver.instantiateUsingFactoryMethod(ConstructorResolver.java:489) ~[spring-beans-7.0.2.jar:7.0.2]
	at org.springframework.beans.factory.support.AbstractAutowireCapableBeanFactory.instantiateUsingFactoryMethod(AbstractAutowireCapableBeanFactory.java:1362) ~[spring-beans-7.0.2.jar:7.0.2]
	at org.springframework.beans.factory.support.AbstractAutowireCapableBeanFactory.createBeanInstance(AbstractAutowireCapableBeanFactory.java:1194) ~[spring-beans-7.0.2.jar:7.0.2]
	at org.springframework.beans.factory.support.AbstractAutowireCapableBeanFactory.doCreateBean(AbstractAutowireCapableBeanFactory.java:565) ~[spring-beans-7.0.2.jar:7.0.2]
	at org.springframework.beans.factory.support.AbstractAutowireCapableBeanFactory.createBean(AbstractAutowireCapableBeanFactory.java:525) ~[spring-beans-7.0.2.jar:7.0.2]
	at org.springframework.beans.factory.support.AbstractBeanFactory.doGetBean(AbstractBeanFactory.java:351) ~[spring-beans-7.0.2.jar:7.0.2]
	at org.springframework.beans.factory.support.AbstractBeanFactory.getBean(AbstractBeanFactory.java:201) ~[spring-beans-7.0.2.jar:7.0.2]
	at org.springframework.beans.factory.config.DependencyDescriptor.resolveCandidate(DependencyDescriptor.java:229) ~[spring-beans-7.0.2.jar:7.0.2]
	at org.springframework.beans.factory.support.DefaultListableBeanFactory.doResolveDependency(DefaultListableBeanFactory.java:1762) ~[spring-beans-7.0.2.jar:7.0.2]
	at org.springframework.beans.factory.support.DefaultListableBeanFactory.resolveDependency(DefaultListableBeanFactory.java:1651) ~[spring-beans-7.0.2.jar:7.0.2]
	at org.springframework.beans.factory.support.ConstructorResolver.resolveAutowiredArgument(ConstructorResolver.java:912) ~[spring-beans-7.0.2.jar:7.0.2]
	at org.springframework.beans.factory.support.ConstructorResolver.createArgumentArray(ConstructorResolver.java:791) ~[spring-beans-7.0.2.jar:7.0.2]
	... 42 common frames omitted
Caused by: org.springframework.beans.BeanInstantiationException: Failed to instantiate [org.springframework.security.config.annotation.web.builders.HttpSecurity]: Factory method 'httpSecurity' threw exception with message: Error creating bean with name 'userDetailsService' defined in class path resource [com/cts/config/AppSecurityConfig.class]: Failed to instantiate [org.springframework.security.core.userdetails.UserDetailsService]: Factory method 'userDetailsService' threw exception with message: Error creating bean with name 'passwordEncoder' defined in class path resource [com/cts/config/AppSecurityConfig.class]: Failed to instantiate [org.springframework.security.crypto.password.PasswordEncoder]: Factory method 'passwordEncoder' threw exception with message: com/password4j/HashingFunction
	at org.springframework.beans.factory.support.SimpleInstantiationStrategy.lambda$instantiate$0(SimpleInstantiationStrategy.java:183) ~[spring-beans-7.0.2.jar:7.0.2]
	at org.springframework.beans.factory.support.SimpleInstantiationStrategy.instantiateWithFactoryMethod(SimpleInstantiationStrategy.java:72) ~[spring-beans-7.0.2.jar:7.0.2]
	at org.springframework.beans.factory.support.SimpleInstantiationStrategy.instantiate(SimpleInstantiationStrategy.java:152) ~[spring-beans-7.0.2.jar:7.0.2]
	at org.springframework.beans.factory.support.ConstructorResolver.instantiate(ConstructorResolver.java:653) ~[spring-beans-7.0.2.jar:7.0.2]
	... 54 common frames omitted
Caused by: org.springframework.beans.factory.BeanCreationException: Error creating bean with name 'userDetailsService' defined in class path resource [com/cts/config/AppSecurityConfig.class]: Failed to instantiate [org.springframework.security.core.userdetails.UserDetailsService]: Factory method 'userDetailsService' threw exception with message: Error creating bean with name 'passwordEncoder' defined in class path resource [com/cts/config/AppSecurityConfig.class]: Failed to instantiate [org.springframework.security.crypto.password.PasswordEncoder]: Factory method 'passwordEncoder' threw exception with message: com/password4j/HashingFunction
	at org.springframework.beans.factory.support.ConstructorResolver.instantiate(ConstructorResolver.java:657) ~[spring-beans-7.0.2.jar:7.0.2]
	at org.springframework.beans.factory.support.ConstructorResolver.instantiateUsingFactoryMethod(ConstructorResolver.java:489) ~[spring-beans-7.0.2.jar:7.0.2]
	at org.springframework.beans.factory.support.AbstractAutowireCapableBeanFactory.instantiateUsingFactoryMethod(AbstractAutowireCapableBeanFactory.java:1362) ~[spring-beans-7.0.2.jar:7.0.2]
	at org.springframework.beans.factory.support.AbstractAutowireCapableBeanFactory.createBeanInstance(AbstractAutowireCapableBeanFactory.java:1194) ~[spring-beans-7.0.2.jar:7.0.2]
	at org.springframework.beans.factory.support.AbstractAutowireCapableBeanFactory.doCreateBean(AbstractAutowireCapableBeanFactory.java:565) ~[spring-beans-7.0.2.jar:7.0.2]
	at org.springframework.beans.factory.support.AbstractAutowireCapableBeanFactory.createBean(AbstractAutowireCapableBeanFactory.java:525) ~[spring-beans-7.0.2.jar:7.0.2]
	at org.springframework.beans.factory.support.AbstractBeanFactory.lambda$doGetBean$0(AbstractBeanFactory.java:333) ~[spring-beans-7.0.2.jar:7.0.2]
	at org.springframework.beans.factory.support.DefaultSingletonBeanRegistry.getSingleton(DefaultSingletonBeanRegistry.java:371) ~[spring-beans-7.0.2.jar:7.0.2]
	at org.springframework.beans.factory.support.AbstractBeanFactory.doGetBean(AbstractBeanFactory.java:331) ~[spring-beans-7.0.2.jar:7.0.2]
	at org.springframework.beans.factory.support.AbstractBeanFactory.getBean(AbstractBeanFactory.java:201) ~[spring-beans-7.0.2.jar:7.0.2]
	at org.springframework.context.support.AbstractApplicationContext.getBean(AbstractApplicationContext.java:1284) ~[spring-context-7.0.2.jar:7.0.2]
	at org.springframework.security.config.annotation.authentication.configuration.InitializeUserDetailsBeanManagerConfigurer$InitializeUserDetailsManagerConfigurer.configure(InitializeUserDetailsBeanManagerConfigurer.java:94) ~[spring-security-config-7.0.2.jar:7.0.2]
	at org.springframework.security.config.annotation.authentication.configuration.InitializeUserDetailsBeanManagerConfigurer$InitializeUserDetailsManagerConfigurer.configure(InitializeUserDetailsBeanManagerConfigurer.java:63) ~[spring-security-config-7.0.2.jar:7.0.2]
	at org.springframework.security.config.annotation.AbstractConfiguredSecurityBuilder.configure(AbstractConfiguredSecurityBuilder.java:386) ~[spring-security-config-7.0.2.jar:7.0.2]
	at org.springframework.security.config.annotation.AbstractConfiguredSecurityBuilder.doBuild(AbstractConfiguredSecurityBuilder.java:336) ~[spring-security-config-7.0.2.jar:7.0.2]
	at org.springframework.security.config.annotation.AbstractSecurityBuilder.build(AbstractSecurityBuilder.java:38) ~[spring-security-config-7.0.2.jar:7.0.2]
	at org.springframework.security.config.annotation.authentication.configuration.AuthenticationConfiguration.getAuthenticationManager(AuthenticationConfiguration.java:121) ~[spring-security-config-7.0.2.jar:7.0.2]
	at org.springframework.security.config.annotation.web.configuration.HttpSecurityConfiguration.authenticationManager(HttpSecurityConfiguration.java:152) ~[spring-security-config-7.0.2.jar:7.0.2]
	at org.springframework.security.config.annotation.web.configuration.HttpSecurityConfiguration.httpSecurity(HttpSecurityConfiguration.java:119) ~[spring-security-config-7.0.2.jar:7.0.2]
	at java.base/jdk.internal.reflect.DirectMethodHandleAccessor.invoke(DirectMethodHandleAccessor.java:103) ~[na:na]
	at java.base/java.lang.reflect.Method.invoke(Method.java:580) ~[na:na]
	at org.springframework.beans.factory.support.SimpleInstantiationStrategy.lambda$instantiate$0(SimpleInstantiationStrategy.java:155) ~[spring-beans-7.0.2.jar:7.0.2]
	... 57 common frames omitted
Caused by: org.springframework.beans.BeanInstantiationException: Failed to instantiate [org.springframework.security.core.userdetails.UserDetailsService]: Factory method 'userDetailsService' threw exception with message: Error creating bean with name 'passwordEncoder' defined in class path resource [com/cts/config/AppSecurityConfig.class]: Failed to instantiate [org.springframework.security.crypto.password.PasswordEncoder]: Factory method 'passwordEncoder' threw exception with message: com/password4j/HashingFunction
	at org.springframework.beans.factory.support.SimpleInstantiationStrategy.lambda$instantiate$0(SimpleInstantiationStrategy.java:183) ~[spring-beans-7.0.2.jar:7.0.2]
	at org.springframework.beans.factory.support.SimpleInstantiationStrategy.instantiateWithFactoryMethod(SimpleInstantiationStrategy.java:72) ~[spring-beans-7.0.2.jar:7.0.2]
	at org.springframework.beans.factory.support.SimpleInstantiationStrategy.instantiate(SimpleInstantiationStrategy.java:152) ~[spring-beans-7.0.2.jar:7.0.2]
	at org.springframework.beans.factory.support.ConstructorResolver.instantiate(ConstructorResolver.java:653) ~[spring-beans-7.0.2.jar:7.0.2]
	... 78 common frames omitted
Caused by: org.springframework.beans.factory.BeanCreationException: Error creating bean with name 'passwordEncoder' defined in class path resource [com/cts/config/AppSecurityConfig.class]: Failed to instantiate [org.springframework.security.crypto.password.PasswordEncoder]: Factory method 'passwordEncoder' threw exception with message: com/password4j/HashingFunction
	at org.springframework.beans.factory.support.ConstructorResolver.instantiate(ConstructorResolver.java:657) ~[spring-beans-7.0.2.jar:7.0.2]
	at org.springframework.beans.factory.support.ConstructorResolver.instantiateUsingFactoryMethod(ConstructorResolver.java:489) ~[spring-beans-7.0.2.jar:7.0.2]
	at org.springframework.beans.factory.support.AbstractAutowireCapableBeanFactory.instantiateUsingFactoryMethod(AbstractAutowireCapableBeanFactory.java:1362) ~[spring-beans-7.0.2.jar:7.0.2]
	at org.springframework.beans.factory.support.AbstractAutowireCapableBeanFactory.createBeanInstance(AbstractAutowireCapableBeanFactory.java:1194) ~[spring-beans-7.0.2.jar:7.0.2]
	at org.springframework.beans.factory.support.AbstractAutowireCapableBeanFactory.doCreateBean(AbstractAutowireCapableBeanFactory.java:565) ~[spring-beans-7.0.2.jar:7.0.2]
	at org.springframework.beans.factory.support.AbstractAutowireCapableBeanFactory.createBean(AbstractAutowireCapableBeanFactory.java:525) ~[spring-beans-7.0.2.jar:7.0.2]
	at org.springframework.beans.factory.support.AbstractBeanFactory.lambda$doGetBean$0(AbstractBeanFactory.java:333) ~[spring-beans-7.0.2.jar:7.0.2]
	at org.springframework.beans.factory.support.DefaultSingletonBeanRegistry.getSingleton(DefaultSingletonBeanRegistry.java:371) ~[spring-beans-7.0.2.jar:7.0.2]
	at org.springframework.beans.factory.support.AbstractBeanFactory.doGetBean(AbstractBeanFactory.java:331) ~[spring-beans-7.0.2.jar:7.0.2]
	at org.springframework.beans.factory.support.AbstractBeanFactory.getBean(AbstractBeanFactory.java:196) ~[spring-beans-7.0.2.jar:7.0.2]
	at org.springframework.context.annotation.ConfigurationClassEnhancer$BeanMethodInterceptor.resolveBeanReference(ConfigurationClassEnhancer.java:429) ~[spring-context-7.0.2.jar:7.0.2]
	at org.springframework.context.annotation.ConfigurationClassEnhancer$BeanMethodInterceptor.intercept(ConfigurationClassEnhancer.java:401) ~[spring-context-7.0.2.jar:7.0.2]
	at com.cts.config.AppSecurityConfig$$SpringCGLIB$$0.passwordEncoder(<generated>) ~[classes/:na]
	at com.cts.config.AppSecurityConfig.userDetailsService(AppSecurityConfig.java:20) ~[classes/:na]
	at com.cts.config.AppSecurityConfig$$SpringCGLIB$$0.CGLIB$userDetailsService$1(<generated>) ~[classes/:na]
	at com.cts.config.AppSecurityConfig$$SpringCGLIB$$FastClass$$1.invoke(<generated>) ~[classes/:na]
	at org.springframework.cglib.proxy.MethodProxy.invokeSuper(MethodProxy.java:258) ~[spring-core-7.0.2.jar:7.0.2]
	at org.springframework.context.annotation.ConfigurationClassEnhancer$BeanMethodInterceptor.intercept(ConfigurationClassEnhancer.java:398) ~[spring-context-7.0.2.jar:7.0.2]
	at com.cts.config.AppSecurityConfig$$SpringCGLIB$$0.userDetailsService(<generated>) ~[classes/:na]
	at java.base/jdk.internal.reflect.DirectMethodHandleAccessor.invoke(DirectMethodHandleAccessor.java:103) ~[na:na]
	at java.base/java.lang.reflect.Method.invoke(Method.java:580) ~[na:na]
	at org.springframework.beans.factory.support.SimpleInstantiationStrategy.lambda$instantiate$0(SimpleInstantiationStrategy.java:155) ~[spring-beans-7.0.2.jar:7.0.2]
	... 81 common frames omitted
Caused by: org.springframework.beans.BeanInstantiationException: Failed to instantiate [org.springframework.security.crypto.password.PasswordEncoder]: Factory method 'passwordEncoder' threw exception with message: com/password4j/HashingFunction
	at org.springframework.beans.factory.support.SimpleInstantiationStrategy.lambda$instantiate$0(SimpleInstantiationStrategy.java:183) ~[spring-beans-7.0.2.jar:7.0.2]
	at org.springframework.beans.factory.support.SimpleInstantiationStrategy.instantiateWithFactoryMethod(SimpleInstantiationStrategy.java:72) ~[spring-beans-7.0.2.jar:7.0.2]
	at org.springframework.beans.factory.support.SimpleInstantiationStrategy.instantiate(SimpleInstantiationStrategy.java:152) ~[spring-beans-7.0.2.jar:7.0.2]
	at org.springframework.beans.factory.support.ConstructorResolver.instantiate(ConstructorResolver.java:653) ~[spring-beans-7.0.2.jar:7.0.2]
	... 102 common frames omitted
Caused by: java.lang.NoClassDefFoundError: com/password4j/HashingFunction
	at com.cts.config.AppSecurityConfig.passwordEncoder(AppSecurityConfig.java:26) ~[classes/:na]
	at com.cts.config.AppSecurityConfig$$SpringCGLIB$$0.CGLIB$passwordEncoder$0(<generated>) ~[classes/:na]
	at com.cts.config.AppSecurityConfig$$SpringCGLIB$$FastClass$$1.invoke(<generated>) ~[classes/:na]
	at org.springframework.cglib.proxy.MethodProxy.invokeSuper(MethodProxy.java:258) ~[spring-core-7.0.2.jar:7.0.2]
	at org.springframework.context.annotation.ConfigurationClassEnhancer$BeanMethodInterceptor.intercept(ConfigurationClassEnhancer.java:398) ~[spring-context-7.0.2.jar:7.0.2]
	at com.cts.config.AppSecurityConfig$$SpringCGLIB$$0.passwordEncoder(<generated>) ~[classes/:na]
	at java.base/jdk.internal.reflect.DirectMethodHandleAccessor.invoke(DirectMethodHandleAccessor.java:103) ~[na:na]
	at java.base/java.lang.reflect.Method.invoke(Method.java:580) ~[na:na]
	at org.springframework.beans.factory.support.SimpleInstantiationStrategy.lambda$instantiate$0(SimpleInstantiationStrategy.java:155) ~[spring-beans-7.0.2.jar:7.0.2]
	... 105 common frames omitted
Caused by: java.lang.ClassNotFoundException: com.password4j.HashingFunction
	at java.base/jdk.internal.loader.BuiltinClassLoader.loadClass(BuiltinClassLoader.java:641) ~[na:na]
	at java.base/jdk.internal.loader.ClassLoaders$AppClassLoader.loadClass(ClassLoaders.java:188) ~[na:na]
	at java.base/java.lang.ClassLoader.loadClass(ClassLoader.java:526) ~[na:na]
	... 114 common frames omitted

2026-01-21T12:31:46.430+05:30  INFO 13508 --- [ims] [restartedMain] com.cts.ImsApplication                   : Starting ImsApplication using Java 21.0.6 with PID 13508 (C:\Users\2393375\Documents\ADM2026\Backend\ims\target\classes started by 2393375 in C:\Users\2393375\Documents\ADM2026\Backend\ims)
2026-01-21T12:31:46.430+05:30  INFO 13508 --- [ims] [restartedMain] com.cts.ImsApplication                   : No active profile set, falling back to 1 default profile: "default"
2026-01-21T12:31:46.678+05:30  INFO 13508 --- [ims] [restartedMain] .s.d.r.c.RepositoryConfigurationDelegate : Bootstrapping Spring Data JPA repositories in DEFAULT mode.
2026-01-21T12:31:46.686+05:30  INFO 13508 --- [ims] [restartedMain] .s.d.r.c.RepositoryConfigurationDelegate : Finished Spring Data repository scanning in 6 ms. Found 1 JPA repository interface.
2026-01-21T12:31:46.764+05:30  INFO 13508 --- [ims] [restartedMain] o.s.boot.tomcat.TomcatWebServer          : Tomcat initialized with port 8080 (http)
2026-01-21T12:31:46.764+05:30  INFO 13508 --- [ims] [restartedMain] o.apache.catalina.core.StandardService   : Starting service [Tomcat]
2026-01-21T12:31:46.766+05:30  INFO 13508 --- [ims] [restartedMain] o.apache.catalina.core.StandardEngine    : Starting Servlet engine: [Apache Tomcat/11.0.15]
2026-01-21T12:31:46.790+05:30  INFO 13508 --- [ims] [restartedMain] b.w.c.s.WebApplicationContextInitializer : Root WebApplicationContext: initialization completed in 358 ms
2026-01-21T12:31:46.837+05:30  INFO 13508 --- [ims] [restartedMain] org.hibernate.orm.jpa                    : HHH008540: Processing PersistenceUnitInfo [name: default]
2026-01-21T12:31:46.864+05:30  INFO 13508 --- [ims] [restartedMain] o.s.o.j.p.SpringPersistenceUnitInfo      : No LoadTimeWeaver setup: ignoring JPA class transformer
2026-01-21T12:31:46.866+05:30  INFO 13508 --- [ims] [restartedMain] com.zaxxer.hikari.HikariDataSource       : HikariPool-8 - Starting...
2026-01-21T12:31:46.881+05:30  INFO 13508 --- [ims] [restartedMain] com.zaxxer.hikari.pool.HikariPool        : HikariPool-8 - Added connection com.mysql.cj.jdbc.ConnectionImpl@47f1c8ca
2026-01-21T12:31:46.881+05:30  INFO 13508 --- [ims] [restartedMain] com.zaxxer.hikari.HikariDataSource       : HikariPool-8 - Start completed.
2026-01-21T12:31:46.882+05:30  INFO 13508 --- [ims] [restartedMain] org.hibernate.orm.connections.pooling    : HHH10001005: Database info:
	Database JDBC URL [jdbc:mysql://localhost:3306/imsdb?createDatabaseIfNotExist=true]
	Database driver: MySQL Connector/J
	Database dialect: MySQLDialect
	Database version: 8.0.43
	Default catalog/schema: imsdb/undefined
	Autocommit mode: undefined/unknown
	Isolation level: REPEATABLE_READ [default REPEATABLE_READ]
	JDBC fetch size: none
	Pool: DataSourceConnectionProvider
	Minimum pool size: undefined/unknown
	Maximum pool size: undefined/unknown
2026-01-21T12:31:46.918+05:30  INFO 13508 --- [ims] [restartedMain] org.hibernate.orm.core                   : HHH000489: No JTA platform available (set 'hibernate.transaction.jta.platform' to enable JTA platform integration)
2026-01-21T12:31:46.929+05:30  INFO 13508 --- [ims] [restartedMain] j.LocalContainerEntityManagerFactoryBean : Initialized JPA EntityManagerFactory for persistence unit 'default'
2026-01-21T12:31:46.982+05:30  WARN 13508 --- [ims] [restartedMain] JpaBaseConfiguration$JpaWebConfiguration : spring.jpa.open-in-view is enabled by default. Therefore, database queries may be performed during view rendering. Explicitly configure spring.jpa.open-in-view to disable this warning
2026-01-21T12:31:47.009+05:30  WARN 13508 --- [ims] [restartedMain] ConfigServletWebServerApplicationContext : Exception encountered during context initialization - cancelling refresh attempt: org.springframework.beans.factory.UnsatisfiedDependencyException: Error creating bean with name 'org.springframework.security.config.annotation.web.configuration.WebSecurityConfiguration': Unsatisfied dependency expressed through method 'setFilterChains' parameter 0: Error creating bean with name 'managementSecurityFilterChain' defined in class path resource [org/springframework/boot/security/autoconfigure/actuate/web/servlet/ManagementWebSecurityAutoConfiguration.class]: Unsatisfied dependency expressed through method 'managementSecurityFilterChain' parameter 1: Error creating bean with name 'org.springframework.security.config.annotation.web.configuration.HttpSecurityConfiguration.httpSecurity' defined in class path resource [org/springframework/security/config/annotation/web/configuration/HttpSecurityConfiguration.class]: Failed to instantiate [org.springframework.security.config.annotation.web.builders.HttpSecurity]: Factory method 'httpSecurity' threw exception with message: Error creating bean with name 'userDetailsService' defined in class path resource [com/cts/config/AppSecurityConfig.class]: Failed to instantiate [org.springframework.security.core.userdetails.UserDetailsService]: Factory method 'userDetailsService' threw exception with message: Error creating bean with name 'passwordEncoder' defined in class path resource [com/cts/config/AppSecurityConfig.class]: Failed to instantiate [org.springframework.security.crypto.password.PasswordEncoder]: Factory method 'passwordEncoder' threw exception with message: com/password4j/HashingFunction
2026-01-21T12:31:47.009+05:30  INFO 13508 --- [ims] [restartedMain] j.LocalContainerEntityManagerFactoryBean : Closing JPA EntityManagerFactory for persistence unit 'default'
2026-01-21T12:31:47.010+05:30  INFO 13508 --- [ims] [restartedMain] com.zaxxer.hikari.HikariDataSource       : HikariPool-8 - Shutdown initiated...
2026-01-21T12:31:47.032+05:30  INFO 13508 --- [ims] [restartedMain] com.zaxxer.hikari.HikariDataSource       : HikariPool-8 - Shutdown completed.
2026-01-21T12:31:47.033+05:30  INFO 13508 --- [ims] [restartedMain] o.apache.catalina.core.StandardService   : Stopping service [Tomcat]
2026-01-21T12:31:47.038+05:30  INFO 13508 --- [ims] [restartedMain] .s.b.a.l.ConditionEvaluationReportLogger : 

Error starting ApplicationContext. To display the condition evaluation report re-run your application with 'debug' enabled.
2026-01-21T12:31:47.045+05:30 ERROR 13508 --- [ims] [restartedMain] o.s.boot.SpringApplication               : Application run failed

org.springframework.beans.factory.UnsatisfiedDependencyException: Error creating bean with name 'org.springframework.security.config.annotation.web.configuration.WebSecurityConfiguration': Unsatisfied dependency expressed through method 'setFilterChains' parameter 0: Error creating bean with name 'managementSecurityFilterChain' defined in class path resource [org/springframework/boot/security/autoconfigure/actuate/web/servlet/ManagementWebSecurityAutoConfiguration.class]: Unsatisfied dependency expressed through method 'managementSecurityFilterChain' parameter 1: Error creating bean with name 'org.springframework.security.config.annotation.web.configuration.HttpSecurityConfiguration.httpSecurity' defined in class path resource [org/springframework/security/config/annotation/web/configuration/HttpSecurityConfiguration.class]: Failed to instantiate [org.springframework.security.config.annotation.web.builders.HttpSecurity]: Factory method 'httpSecurity' threw exception with message: Error creating bean with name 'userDetailsService' defined in class path resource [com/cts/config/AppSecurityConfig.class]: Failed to instantiate [org.springframework.security.core.userdetails.UserDetailsService]: Factory method 'userDetailsService' threw exception with message: Error creating bean with name 'passwordEncoder' defined in class path resource [com/cts/config/AppSecurityConfig.class]: Failed to instantiate [org.springframework.security.crypto.password.PasswordEncoder]: Factory method 'passwordEncoder' threw exception with message: com/password4j/HashingFunction
	at org.springframework.beans.factory.annotation.AutowiredAnnotationBeanPostProcessor$AutowiredMethodElement.resolveMethodArguments(AutowiredAnnotationBeanPostProcessor.java:871) ~[spring-beans-7.0.2.jar:7.0.2]
	at org.springframework.beans.factory.annotation.AutowiredAnnotationBeanPostProcessor$AutowiredMethodElement.inject(AutowiredAnnotationBeanPostProcessor.java:826) ~[spring-beans-7.0.2.jar:7.0.2]
	at org.springframework.beans.factory.annotation.InjectionMetadata.inject(InjectionMetadata.java:146) ~[spring-beans-7.0.2.jar:7.0.2]
	at org.springframework.beans.factory.annotation.AutowiredAnnotationBeanPostProcessor.postProcessProperties(AutowiredAnnotationBeanPostProcessor.java:492) ~[spring-beans-7.0.2.jar:7.0.2]
	at org.springframework.beans.factory.support.AbstractAutowireCapableBeanFactory.populateBean(AbstractAutowireCapableBeanFactory.java:1446) ~[spring-beans-7.0.2.jar:7.0.2]
	at org.springframework.beans.factory.support.AbstractAutowireCapableBeanFactory.doCreateBean(AbstractAutowireCapableBeanFactory.java:602) ~[spring-beans-7.0.2.jar:7.0.2]
	at org.springframework.beans.factory.support.AbstractAutowireCapableBeanFactory.createBean(AbstractAutowireCapableBeanFactory.java:525) ~[spring-beans-7.0.2.jar:7.0.2]
	at org.springframework.beans.factory.support.AbstractBeanFactory.lambda$doGetBean$0(AbstractBeanFactory.java:333) ~[spring-beans-7.0.2.jar:7.0.2]
	at org.springframework.beans.factory.support.DefaultSingletonBeanRegistry.getSingleton(DefaultSingletonBeanRegistry.java:371) ~[spring-beans-7.0.2.jar:7.0.2]
	at org.springframework.beans.factory.support.AbstractBeanFactory.doGetBean(AbstractBeanFactory.java:331) ~[spring-beans-7.0.2.jar:7.0.2]
	at org.springframework.beans.factory.support.AbstractBeanFactory.getBean(AbstractBeanFactory.java:196) ~[spring-beans-7.0.2.jar:7.0.2]
	at org.springframework.beans.factory.support.DefaultListableBeanFactory.instantiateSingleton(DefaultListableBeanFactory.java:1218) ~[spring-beans-7.0.2.jar:7.0.2]
	at org.springframework.beans.factory.support.DefaultListableBeanFactory.preInstantiateSingleton(DefaultListableBeanFactory.java:1184) ~[spring-beans-7.0.2.jar:7.0.2]
	at org.springframework.beans.factory.support.DefaultListableBeanFactory.preInstantiateSingletons(DefaultListableBeanFactory.java:1121) ~[spring-beans-7.0.2.jar:7.0.2]
	at org.springframework.context.support.AbstractApplicationContext.finishBeanFactoryInitialization(AbstractApplicationContext.java:993) ~[spring-context-7.0.2.jar:7.0.2]
	at org.springframework.context.support.AbstractApplicationContext.refresh(AbstractApplicationContext.java:620) ~[spring-context-7.0.2.jar:7.0.2]
	at org.springframework.boot.web.server.servlet.context.ServletWebServerApplicationContext.refresh(ServletWebServerApplicationContext.java:143) ~[spring-boot-web-server-4.0.1.jar:4.0.1]
	at org.springframework.boot.SpringApplication.refresh(SpringApplication.java:756) ~[spring-boot-4.0.1.jar:4.0.1]
	at org.springframework.boot.SpringApplication.refreshContext(SpringApplication.java:445) ~[spring-boot-4.0.1.jar:4.0.1]
	at org.springframework.boot.SpringApplication.run(SpringApplication.java:321) ~[spring-boot-4.0.1.jar:4.0.1]
	at org.springframework.boot.SpringApplication.run(SpringApplication.java:1365) ~[spring-boot-4.0.1.jar:4.0.1]
	at org.springframework.boot.SpringApplication.run(SpringApplication.java:1354) ~[spring-boot-4.0.1.jar:4.0.1]
	at com.cts.ImsApplication.main(ImsApplication.java:10) ~[classes/:na]
	at java.base/jdk.internal.reflect.DirectMethodHandleAccessor.invoke(DirectMethodHandleAccessor.java:103) ~[na:na]
	at java.base/java.lang.reflect.Method.invoke(Method.java:580) ~[na:na]
	at org.springframework.boot.devtools.restart.RestartLauncher.run(RestartLauncher.java:52) ~[spring-boot-devtools-4.0.1.jar:4.0.1]
Caused by: org.springframework.beans.factory.UnsatisfiedDependencyException: Error creating bean with name 'managementSecurityFilterChain' defined in class path resource [org/springframework/boot/security/autoconfigure/actuate/web/servlet/ManagementWebSecurityAutoConfiguration.class]: Unsatisfied dependency expressed through method 'managementSecurityFilterChain' parameter 1: Error creating bean with name 'org.springframework.security.config.annotation.web.configuration.HttpSecurityConfiguration.httpSecurity' defined in class path resource [org/springframework/security/config/annotation/web/configuration/HttpSecurityConfiguration.class]: Failed to instantiate [org.springframework.security.config.annotation.web.builders.HttpSecurity]: Factory method 'httpSecurity' threw exception with message: Error creating bean with name 'userDetailsService' defined in class path resource [com/cts/config/AppSecurityConfig.class]: Failed to instantiate [org.springframework.security.core.userdetails.UserDetailsService]: Factory method 'userDetailsService' threw exception with message: Error creating bean with name 'passwordEncoder' defined in class path resource [com/cts/config/AppSecurityConfig.class]: Failed to instantiate [org.springframework.security.crypto.password.PasswordEncoder]: Factory method 'passwordEncoder' threw exception with message: com/password4j/HashingFunction
	at org.springframework.beans.factory.support.ConstructorResolver.createArgumentArray(ConstructorResolver.java:804) ~[spring-beans-7.0.2.jar:7.0.2]
	at org.springframework.beans.factory.support.ConstructorResolver.instantiateUsingFactoryMethod(ConstructorResolver.java:546) ~[spring-beans-7.0.2.jar:7.0.2]
	at org.springframework.beans.factory.support.AbstractAutowireCapableBeanFactory.instantiateUsingFactoryMethod(AbstractAutowireCapableBeanFactory.java:1362) ~[spring-beans-7.0.2.jar:7.0.2]
	at org.springframework.beans.factory.support.AbstractAutowireCapableBeanFactory.createBeanInstance(AbstractAutowireCapableBeanFactory.java:1194) ~[spring-beans-7.0.2.jar:7.0.2]
	at org.springframework.beans.factory.support.AbstractAutowireCapableBeanFactory.doCreateBean(AbstractAutowireCapableBeanFactory.java:565) ~[spring-beans-7.0.2.jar:7.0.2]
	at org.springframework.beans.factory.support.AbstractAutowireCapableBeanFactory.createBean(AbstractAutowireCapableBeanFactory.java:525) ~[spring-beans-7.0.2.jar:7.0.2]
	at org.springframework.beans.factory.support.AbstractBeanFactory.lambda$doGetBean$0(AbstractBeanFactory.java:333) ~[spring-beans-7.0.2.jar:7.0.2]
	at org.springframework.beans.factory.support.DefaultSingletonBeanRegistry.getSingleton(DefaultSingletonBeanRegistry.java:371) ~[spring-beans-7.0.2.jar:7.0.2]
	at org.springframework.beans.factory.support.AbstractBeanFactory.doGetBean(AbstractBeanFactory.java:331) ~[spring-beans-7.0.2.jar:7.0.2]
	at org.springframework.beans.factory.support.AbstractBeanFactory.getBean(AbstractBeanFactory.java:201) ~[spring-beans-7.0.2.jar:7.0.2]
	at org.springframework.beans.factory.config.DependencyDescriptor.resolveCandidate(DependencyDescriptor.java:229) ~[spring-beans-7.0.2.jar:7.0.2]
	at org.springframework.beans.factory.support.DefaultListableBeanFactory.addCandidateEntry(DefaultListableBeanFactory.java:2008) ~[spring-beans-7.0.2.jar:7.0.2]
	at org.springframework.beans.factory.support.DefaultListableBeanFactory.findAutowireCandidates(DefaultListableBeanFactory.java:1971) ~[spring-beans-7.0.2.jar:7.0.2]
	at org.springframework.beans.factory.support.DefaultListableBeanFactory.resolveMultipleBeanCollection(DefaultListableBeanFactory.java:1863) ~[spring-beans-7.0.2.jar:7.0.2]
	at org.springframework.beans.factory.support.DefaultListableBeanFactory.resolveMultipleBeans(DefaultListableBeanFactory.java:1833) ~[spring-beans-7.0.2.jar:7.0.2]
	at org.springframework.beans.factory.support.DefaultListableBeanFactory.doResolveDependency(DefaultListableBeanFactory.java:1711) ~[spring-beans-7.0.2.jar:7.0.2]
	at org.springframework.beans.factory.support.DefaultListableBeanFactory.resolveDependency(DefaultListableBeanFactory.java:1651) ~[spring-beans-7.0.2.jar:7.0.2]
	at org.springframework.beans.factory.annotation.AutowiredAnnotationBeanPostProcessor$AutowiredMethodElement.resolveMethodArguments(AutowiredAnnotationBeanPostProcessor.java:863) ~[spring-beans-7.0.2.jar:7.0.2]
	... 25 common frames omitted
Caused by: org.springframework.beans.factory.BeanCreationException: Error creating bean with name 'org.springframework.security.config.annotation.web.configuration.HttpSecurityConfiguration.httpSecurity' defined in class path resource [org/springframework/security/config/annotation/web/configuration/HttpSecurityConfiguration.class]: Failed to instantiate [org.springframework.security.config.annotation.web.builders.HttpSecurity]: Factory method 'httpSecurity' threw exception with message: Error creating bean with name 'userDetailsService' defined in class path resource [com/cts/config/AppSecurityConfig.class]: Failed to instantiate [org.springframework.security.core.userdetails.UserDetailsService]: Factory method 'userDetailsService' threw exception with message: Error creating bean with name 'passwordEncoder' defined in class path resource [com/cts/config/AppSecurityConfig.class]: Failed to instantiate [org.springframework.security.crypto.password.PasswordEncoder]: Factory method 'passwordEncoder' threw exception with message: com/password4j/HashingFunction
	at org.springframework.beans.factory.support.ConstructorResolver.instantiate(ConstructorResolver.java:657) ~[spring-beans-7.0.2.jar:7.0.2]
	at org.springframework.beans.factory.support.ConstructorResolver.instantiateUsingFactoryMethod(ConstructorResolver.java:489) ~[spring-beans-7.0.2.jar:7.0.2]
	at org.springframework.beans.factory.support.AbstractAutowireCapableBeanFactory.instantiateUsingFactoryMethod(AbstractAutowireCapableBeanFactory.java:1362) ~[spring-beans-7.0.2.jar:7.0.2]
	at org.springframework.beans.factory.support.AbstractAutowireCapableBeanFactory.createBeanInstance(AbstractAutowireCapableBeanFactory.java:1194) ~[spring-beans-7.0.2.jar:7.0.2]
	at org.springframework.beans.factory.support.AbstractAutowireCapableBeanFactory.doCreateBean(AbstractAutowireCapableBeanFactory.java:565) ~[spring-beans-7.0.2.jar:7.0.2]
	at org.springframework.beans.factory.support.AbstractAutowireCapableBeanFactory.createBean(AbstractAutowireCapableBeanFactory.java:525) ~[spring-beans-7.0.2.jar:7.0.2]
	at org.springframework.beans.factory.support.AbstractBeanFactory.doGetBean(AbstractBeanFactory.java:351) ~[spring-beans-7.0.2.jar:7.0.2]
	at org.springframework.beans.factory.support.AbstractBeanFactory.getBean(AbstractBeanFactory.java:201) ~[spring-beans-7.0.2.jar:7.0.2]
	at org.springframework.beans.factory.config.DependencyDescriptor.resolveCandidate(DependencyDescriptor.java:229) ~[spring-beans-7.0.2.jar:7.0.2]
	at org.springframework.beans.factory.support.DefaultListableBeanFactory.doResolveDependency(DefaultListableBeanFactory.java:1762) ~[spring-beans-7.0.2.jar:7.0.2]
	at org.springframework.beans.factory.support.DefaultListableBeanFactory.resolveDependency(DefaultListableBeanFactory.java:1651) ~[spring-beans-7.0.2.jar:7.0.2]
	at org.springframework.beans.factory.support.ConstructorResolver.resolveAutowiredArgument(ConstructorResolver.java:912) ~[spring-beans-7.0.2.jar:7.0.2]
	at org.springframework.beans.factory.support.ConstructorResolver.createArgumentArray(ConstructorResolver.java:791) ~[spring-beans-7.0.2.jar:7.0.2]
	... 42 common frames omitted
Caused by: org.springframework.beans.BeanInstantiationException: Failed to instantiate [org.springframework.security.config.annotation.web.builders.HttpSecurity]: Factory method 'httpSecurity' threw exception with message: Error creating bean with name 'userDetailsService' defined in class path resource [com/cts/config/AppSecurityConfig.class]: Failed to instantiate [org.springframework.security.core.userdetails.UserDetailsService]: Factory method 'userDetailsService' threw exception with message: Error creating bean with name 'passwordEncoder' defined in class path resource [com/cts/config/AppSecurityConfig.class]: Failed to instantiate [org.springframework.security.crypto.password.PasswordEncoder]: Factory method 'passwordEncoder' threw exception with message: com/password4j/HashingFunction
	at org.springframework.beans.factory.support.SimpleInstantiationStrategy.lambda$instantiate$0(SimpleInstantiationStrategy.java:183) ~[spring-beans-7.0.2.jar:7.0.2]
	at org.springframework.beans.factory.support.SimpleInstantiationStrategy.instantiateWithFactoryMethod(SimpleInstantiationStrategy.java:72) ~[spring-beans-7.0.2.jar:7.0.2]
	at org.springframework.beans.factory.support.SimpleInstantiationStrategy.instantiate(SimpleInstantiationStrategy.java:152) ~[spring-beans-7.0.2.jar:7.0.2]
	at org.springframework.beans.factory.support.ConstructorResolver.instantiate(ConstructorResolver.java:653) ~[spring-beans-7.0.2.jar:7.0.2]
	... 54 common frames omitted
Caused by: org.springframework.beans.factory.BeanCreationException: Error creating bean with name 'userDetailsService' defined in class path resource [com/cts/config/AppSecurityConfig.class]: Failed to instantiate [org.springframework.security.core.userdetails.UserDetailsService]: Factory method 'userDetailsService' threw exception with message: Error creating bean with name 'passwordEncoder' defined in class path resource [com/cts/config/AppSecurityConfig.class]: Failed to instantiate [org.springframework.security.crypto.password.PasswordEncoder]: Factory method 'passwordEncoder' threw exception with message: com/password4j/HashingFunction
	at org.springframework.beans.factory.support.ConstructorResolver.instantiate(ConstructorResolver.java:657) ~[spring-beans-7.0.2.jar:7.0.2]
	at org.springframework.beans.factory.support.ConstructorResolver.instantiateUsingFactoryMethod(ConstructorResolver.java:489) ~[spring-beans-7.0.2.jar:7.0.2]
	at org.springframework.beans.factory.support.AbstractAutowireCapableBeanFactory.instantiateUsingFactoryMethod(AbstractAutowireCapableBeanFactory.java:1362) ~[spring-beans-7.0.2.jar:7.0.2]
	at org.springframework.beans.factory.support.AbstractAutowireCapableBeanFactory.createBeanInstance(AbstractAutowireCapableBeanFactory.java:1194) ~[spring-beans-7.0.2.jar:7.0.2]
	at org.springframework.beans.factory.support.AbstractAutowireCapableBeanFactory.doCreateBean(AbstractAutowireCapableBeanFactory.java:565) ~[spring-beans-7.0.2.jar:7.0.2]
	at org.springframework.beans.factory.support.AbstractAutowireCapableBeanFactory.createBean(AbstractAutowireCapableBeanFactory.java:525) ~[spring-beans-7.0.2.jar:7.0.2]
	at org.springframework.beans.factory.support.AbstractBeanFactory.lambda$doGetBean$0(AbstractBeanFactory.java:333) ~[spring-beans-7.0.2.jar:7.0.2]
	at org.springframework.beans.factory.support.DefaultSingletonBeanRegistry.getSingleton(DefaultSingletonBeanRegistry.java:371) ~[spring-beans-7.0.2.jar:7.0.2]
	at org.springframework.beans.factory.support.AbstractBeanFactory.doGetBean(AbstractBeanFactory.java:331) ~[spring-beans-7.0.2.jar:7.0.2]
	at org.springframework.beans.factory.support.AbstractBeanFactory.getBean(AbstractBeanFactory.java:201) ~[spring-beans-7.0.2.jar:7.0.2]
	at org.springframework.context.support.AbstractApplicationContext.getBean(AbstractApplicationContext.java:1284) ~[spring-context-7.0.2.jar:7.0.2]
	at org.springframework.security.config.annotation.authentication.configuration.InitializeUserDetailsBeanManagerConfigurer$InitializeUserDetailsManagerConfigurer.configure(InitializeUserDetailsBeanManagerConfigurer.java:94) ~[spring-security-config-7.0.2.jar:7.0.2]
	at org.springframework.security.config.annotation.authentication.configuration.InitializeUserDetailsBeanManagerConfigurer$InitializeUserDetailsManagerConfigurer.configure(InitializeUserDetailsBeanManagerConfigurer.java:63) ~[spring-security-config-7.0.2.jar:7.0.2]
	at org.springframework.security.config.annotation.AbstractConfiguredSecurityBuilder.configure(AbstractConfiguredSecurityBuilder.java:386) ~[spring-security-config-7.0.2.jar:7.0.2]
	at org.springframework.security.config.annotation.AbstractConfiguredSecurityBuilder.doBuild(AbstractConfiguredSecurityBuilder.java:336) ~[spring-security-config-7.0.2.jar:7.0.2]
	at org.springframework.security.config.annotation.AbstractSecurityBuilder.build(AbstractSecurityBuilder.java:38) ~[spring-security-config-7.0.2.jar:7.0.2]
	at org.springframework.security.config.annotation.authentication.configuration.AuthenticationConfiguration.getAuthenticationManager(AuthenticationConfiguration.java:121) ~[spring-security-config-7.0.2.jar:7.0.2]
	at org.springframework.security.config.annotation.web.configuration.HttpSecurityConfiguration.authenticationManager(HttpSecurityConfiguration.java:152) ~[spring-security-config-7.0.2.jar:7.0.2]
	at org.springframework.security.config.annotation.web.configuration.HttpSecurityConfiguration.httpSecurity(HttpSecurityConfiguration.java:119) ~[spring-security-config-7.0.2.jar:7.0.2]
	at java.base/jdk.internal.reflect.DirectMethodHandleAccessor.invoke(DirectMethodHandleAccessor.java:103) ~[na:na]
	at java.base/java.lang.reflect.Method.invoke(Method.java:580) ~[na:na]
	at org.springframework.beans.factory.support.SimpleInstantiationStrategy.lambda$instantiate$0(SimpleInstantiationStrategy.java:155) ~[spring-beans-7.0.2.jar:7.0.2]
	... 57 common frames omitted
Caused by: org.springframework.beans.BeanInstantiationException: Failed to instantiate [org.springframework.security.core.userdetails.UserDetailsService]: Factory method 'userDetailsService' threw exception with message: Error creating bean with name 'passwordEncoder' defined in class path resource [com/cts/config/AppSecurityConfig.class]: Failed to instantiate [org.springframework.security.crypto.password.PasswordEncoder]: Factory method 'passwordEncoder' threw exception with message: com/password4j/HashingFunction
	at org.springframework.beans.factory.support.SimpleInstantiationStrategy.lambda$instantiate$0(SimpleInstantiationStrategy.java:183) ~[spring-beans-7.0.2.jar:7.0.2]
	at org.springframework.beans.factory.support.SimpleInstantiationStrategy.instantiateWithFactoryMethod(SimpleInstantiationStrategy.java:72) ~[spring-beans-7.0.2.jar:7.0.2]
	at org.springframework.beans.factory.support.SimpleInstantiationStrategy.instantiate(SimpleInstantiationStrategy.java:152) ~[spring-beans-7.0.2.jar:7.0.2]
	at org.springframework.beans.factory.support.ConstructorResolver.instantiate(ConstructorResolver.java:653) ~[spring-beans-7.0.2.jar:7.0.2]
	... 78 common frames omitted
Caused by: org.springframework.beans.factory.BeanCreationException: Error creating bean with name 'passwordEncoder' defined in class path resource [com/cts/config/AppSecurityConfig.class]: Failed to instantiate [org.springframework.security.crypto.password.PasswordEncoder]: Factory method 'passwordEncoder' threw exception with message: com/password4j/HashingFunction
	at org.springframework.beans.factory.support.ConstructorResolver.instantiate(ConstructorResolver.java:657) ~[spring-beans-7.0.2.jar:7.0.2]
	at org.springframework.beans.factory.support.ConstructorResolver.instantiateUsingFactoryMethod(ConstructorResolver.java:489) ~[spring-beans-7.0.2.jar:7.0.2]
	at org.springframework.beans.factory.support.AbstractAutowireCapableBeanFactory.instantiateUsingFactoryMethod(AbstractAutowireCapableBeanFactory.java:1362) ~[spring-beans-7.0.2.jar:7.0.2]
	at org.springframework.beans.factory.support.AbstractAutowireCapableBeanFactory.createBeanInstance(AbstractAutowireCapableBeanFactory.java:1194) ~[spring-beans-7.0.2.jar:7.0.2]
	at org.springframework.beans.factory.support.AbstractAutowireCapableBeanFactory.doCreateBean(AbstractAutowireCapableBeanFactory.java:565) ~[spring-beans-7.0.2.jar:7.0.2]
	at org.springframework.beans.factory.support.AbstractAutowireCapableBeanFactory.createBean(AbstractAutowireCapableBeanFactory.java:525) ~[spring-beans-7.0.2.jar:7.0.2]
	at org.springframework.beans.factory.support.AbstractBeanFactory.lambda$doGetBean$0(AbstractBeanFactory.java:333) ~[spring-beans-7.0.2.jar:7.0.2]
	at org.springframework.beans.factory.support.DefaultSingletonBeanRegistry.getSingleton(DefaultSingletonBeanRegistry.java:371) ~[spring-beans-7.0.2.jar:7.0.2]
	at org.springframework.beans.factory.support.AbstractBeanFactory.doGetBean(AbstractBeanFactory.java:331) ~[spring-beans-7.0.2.jar:7.0.2]
	at org.springframework.beans.factory.support.AbstractBeanFactory.getBean(AbstractBeanFactory.java:196) ~[spring-beans-7.0.2.jar:7.0.2]
	at org.springframework.context.annotation.ConfigurationClassEnhancer$BeanMethodInterceptor.resolveBeanReference(ConfigurationClassEnhancer.java:429) ~[spring-context-7.0.2.jar:7.0.2]
	at org.springframework.context.annotation.ConfigurationClassEnhancer$BeanMethodInterceptor.intercept(ConfigurationClassEnhancer.java:401) ~[spring-context-7.0.2.jar:7.0.2]
	at com.cts.config.AppSecurityConfig$$SpringCGLIB$$0.passwordEncoder(<generated>) ~[classes/:na]
	at com.cts.config.AppSecurityConfig.userDetailsService(AppSecurityConfig.java:21) ~[classes/:na]
	at com.cts.config.AppSecurityConfig$$SpringCGLIB$$0.CGLIB$userDetailsService$1(<generated>) ~[classes/:na]
	at com.cts.config.AppSecurityConfig$$SpringCGLIB$$FastClass$$1.invoke(<generated>) ~[classes/:na]
	at org.springframework.cglib.proxy.MethodProxy.invokeSuper(MethodProxy.java:258) ~[spring-core-7.0.2.jar:7.0.2]
	at org.springframework.context.annotation.ConfigurationClassEnhancer$BeanMethodInterceptor.intercept(ConfigurationClassEnhancer.java:398) ~[spring-context-7.0.2.jar:7.0.2]
	at com.cts.config.AppSecurityConfig$$SpringCGLIB$$0.userDetailsService(<generated>) ~[classes/:na]
	at java.base/jdk.internal.reflect.DirectMethodHandleAccessor.invoke(DirectMethodHandleAccessor.java:103) ~[na:na]
	at java.base/java.lang.reflect.Method.invoke(Method.java:580) ~[na:na]
	at org.springframework.beans.factory.support.SimpleInstantiationStrategy.lambda$instantiate$0(SimpleInstantiationStrategy.java:155) ~[spring-beans-7.0.2.jar:7.0.2]
	... 81 common frames omitted
Caused by: org.springframework.beans.BeanInstantiationException: Failed to instantiate [org.springframework.security.crypto.password.PasswordEncoder]: Factory method 'passwordEncoder' threw exception with message: com/password4j/HashingFunction
	at org.springframework.beans.factory.support.SimpleInstantiationStrategy.lambda$instantiate$0(SimpleInstantiationStrategy.java:183) ~[spring-beans-7.0.2.jar:7.0.2]
	at org.springframework.beans.factory.support.SimpleInstantiationStrategy.instantiateWithFactoryMethod(SimpleInstantiationStrategy.java:72) ~[spring-beans-7.0.2.jar:7.0.2]
	at org.springframework.beans.factory.support.SimpleInstantiationStrategy.instantiate(SimpleInstantiationStrategy.java:152) ~[spring-beans-7.0.2.jar:7.0.2]
	at org.springframework.beans.factory.support.ConstructorResolver.instantiate(ConstructorResolver.java:653) ~[spring-beans-7.0.2.jar:7.0.2]
	... 102 common frames omitted
Caused by: java.lang.NoClassDefFoundError: com/password4j/HashingFunction
	at com.cts.config.AppSecurityConfig.passwordEncoder(AppSecurityConfig.java:28) ~[classes/:na]
	at com.cts.config.AppSecurityConfig$$SpringCGLIB$$0.CGLIB$passwordEncoder$0(<generated>) ~[classes/:na]
	at com.cts.config.AppSecurityConfig$$SpringCGLIB$$FastClass$$1.invoke(<generated>) ~[classes/:na]
	at org.springframework.cglib.proxy.MethodProxy.invokeSuper(MethodProxy.java:258) ~[spring-core-7.0.2.jar:7.0.2]
	at org.springframework.context.annotation.ConfigurationClassEnhancer$BeanMethodInterceptor.intercept(ConfigurationClassEnhancer.java:398) ~[spring-context-7.0.2.jar:7.0.2]
	at com.cts.config.AppSecurityConfig$$SpringCGLIB$$0.passwordEncoder(<generated>) ~[classes/:na]
	at java.base/jdk.internal.reflect.DirectMethodHandleAccessor.invoke(DirectMethodHandleAccessor.java:103) ~[na:na]
	at java.base/java.lang.reflect.Method.invoke(Method.java:580) ~[na:na]
	at org.springframework.beans.factory.support.SimpleInstantiationStrategy.lambda$instantiate$0(SimpleInstantiationStrategy.java:155) ~[spring-beans-7.0.2.jar:7.0.2]
	... 105 common frames omitted
Caused by: java.lang.ClassNotFoundException: com.password4j.HashingFunction
	at java.base/jdk.internal.loader.BuiltinClassLoader.loadClass(BuiltinClassLoader.java:641) ~[na:na]
	at java.base/jdk.internal.loader.ClassLoaders$AppClassLoader.loadClass(ClassLoaders.java:188) ~[na:na]
	at java.base/java.lang.ClassLoader.loadClass(ClassLoader.java:526) ~[na:na]
	... 114 common frames omitted

2026-01-21T12:31:59.102+05:30  INFO 1084 --- [ims] [restartedMain] com.cts.ImsApplication                   : Starting ImsApplication using Java 21.0.6 with PID 1084 (C:\Users\2393375\Documents\ADM2026\Backend\ims\target\classes started by 2393375 in C:\Users\2393375\Documents\ADM2026\Backend\ims)
2026-01-21T12:31:59.106+05:30  INFO 1084 --- [ims] [restartedMain] com.cts.ImsApplication                   : No active profile set, falling back to 1 default profile: "default"
2026-01-21T12:31:59.152+05:30  INFO 1084 --- [ims] [restartedMain] .e.DevToolsPropertyDefaultsPostProcessor : Devtools property defaults active! Set 'spring.devtools.add-properties' to 'false' to disable
2026-01-21T12:31:59.154+05:30  INFO 1084 --- [ims] [restartedMain] .e.DevToolsPropertyDefaultsPostProcessor : For additional web related logging consider setting the 'logging.level.web' property to 'DEBUG'
2026-01-21T12:31:59.956+05:30  INFO 1084 --- [ims] [restartedMain] .s.d.r.c.RepositoryConfigurationDelegate : Bootstrapping Spring Data JPA repositories in DEFAULT mode.
2026-01-21T12:31:59.999+05:30  INFO 1084 --- [ims] [restartedMain] .s.d.r.c.RepositoryConfigurationDelegate : Finished Spring Data repository scanning in 36 ms. Found 1 JPA repository interface.
2026-01-21T12:32:00.637+05:30  INFO 1084 --- [ims] [restartedMain] o.s.boot.tomcat.TomcatWebServer          : Tomcat initialized with port 8080 (http)
2026-01-21T12:32:00.661+05:30  INFO 1084 --- [ims] [restartedMain] o.apache.catalina.core.StandardService   : Starting service [Tomcat]
2026-01-21T12:32:00.662+05:30  INFO 1084 --- [ims] [restartedMain] o.apache.catalina.core.StandardEngine    : Starting Servlet engine: [Apache Tomcat/11.0.15]
2026-01-21T12:32:00.716+05:30  INFO 1084 --- [ims] [restartedMain] b.w.c.s.WebApplicationContextInitializer : Root WebApplicationContext: initialization completed in 1562 ms
2026-01-21T12:32:01.073+05:30  INFO 1084 --- [ims] [restartedMain] org.hibernate.orm.jpa                    : HHH008540: Processing PersistenceUnitInfo [name: default]
2026-01-21T12:32:01.136+05:30  INFO 1084 --- [ims] [restartedMain] org.hibernate.orm.core                   : HHH000001: Hibernate ORM core version 7.2.0.Final
2026-01-21T12:32:01.654+05:30  INFO 1084 --- [ims] [restartedMain] o.s.o.j.p.SpringPersistenceUnitInfo      : No LoadTimeWeaver setup: ignoring JPA class transformer
2026-01-21T12:32:01.684+05:30  INFO 1084 --- [ims] [restartedMain] com.zaxxer.hikari.HikariDataSource       : HikariPool-1 - Starting...
2026-01-21T12:32:02.002+05:30  INFO 1084 --- [ims] [restartedMain] com.zaxxer.hikari.pool.HikariPool        : HikariPool-1 - Added connection com.mysql.cj.jdbc.ConnectionImpl@33f09fc4
2026-01-21T12:32:02.004+05:30  INFO 1084 --- [ims] [restartedMain] com.zaxxer.hikari.HikariDataSource       : HikariPool-1 - Start completed.
2026-01-21T12:32:02.143+05:30  INFO 1084 --- [ims] [restartedMain] org.hibernate.orm.connections.pooling    : HHH10001005: Database info:
	Database JDBC URL [jdbc:mysql://localhost:3306/imsdb?createDatabaseIfNotExist=true]
	Database driver: MySQL Connector/J
	Database dialect: MySQLDialect
	Database version: 8.0.43
	Default catalog/schema: imsdb/undefined
	Autocommit mode: undefined/unknown
	Isolation level: REPEATABLE_READ [default REPEATABLE_READ]
	JDBC fetch size: none
	Pool: DataSourceConnectionProvider
	Minimum pool size: undefined/unknown
	Maximum pool size: undefined/unknown
2026-01-21T12:32:03.460+05:30  INFO 1084 --- [ims] [restartedMain] org.hibernate.orm.core                   : HHH000489: No JTA platform available (set 'hibernate.transaction.jta.platform' to enable JTA platform integration)
2026-01-21T12:32:03.571+05:30  INFO 1084 --- [ims] [restartedMain] j.LocalContainerEntityManagerFactoryBean : Initialized JPA EntityManagerFactory for persistence unit 'default'
2026-01-21T12:32:03.670+05:30  INFO 1084 --- [ims] [restartedMain] o.s.d.j.r.query.QueryEnhancerFactories   : Hibernate is in classpath; If applicable, HQL parser will be used.
2026-01-21T12:32:03.891+05:30  WARN 1084 --- [ims] [restartedMain] JpaBaseConfiguration$JpaWebConfiguration : spring.jpa.open-in-view is enabled by default. Therefore, database queries may be performed during view rendering. Explicitly configure spring.jpa.open-in-view to disable this warning
2026-01-21T12:32:03.992+05:30  WARN 1084 --- [ims] [restartedMain] ConfigServletWebServerApplicationContext : Exception encountered during context initialization - cancelling refresh attempt: org.springframework.beans.factory.UnsatisfiedDependencyException: Error creating bean with name 'org.springframework.security.config.annotation.web.configuration.WebSecurityConfiguration': Unsatisfied dependency expressed through method 'setFilterChains' parameter 0: Error creating bean with name 'managementSecurityFilterChain' defined in class path resource [org/springframework/boot/security/autoconfigure/actuate/web/servlet/ManagementWebSecurityAutoConfiguration.class]: Unsatisfied dependency expressed through method 'managementSecurityFilterChain' parameter 1: Error creating bean with name 'org.springframework.security.config.annotation.web.configuration.HttpSecurityConfiguration.httpSecurity' defined in class path resource [org/springframework/security/config/annotation/web/configuration/HttpSecurityConfiguration.class]: Failed to instantiate [org.springframework.security.config.annotation.web.builders.HttpSecurity]: Factory method 'httpSecurity' threw exception with message: Error creating bean with name 'userDetailsService' defined in class path resource [com/cts/config/AppSecurityConfig.class]: Failed to instantiate [org.springframework.security.core.userdetails.UserDetailsService]: Factory method 'userDetailsService' threw exception with message: Error creating bean with name 'passwordEncoder' defined in class path resource [com/cts/config/AppSecurityConfig.class]: Failed to instantiate [org.springframework.security.crypto.password.PasswordEncoder]: Factory method 'passwordEncoder' threw exception with message: com/password4j/HashingFunction
2026-01-21T12:32:03.992+05:30  INFO 1084 --- [ims] [restartedMain] j.LocalContainerEntityManagerFactoryBean : Closing JPA EntityManagerFactory for persistence unit 'default'
2026-01-21T12:32:04.022+05:30  INFO 1084 --- [ims] [restartedMain] com.zaxxer.hikari.HikariDataSource       : HikariPool-1 - Shutdown initiated...
2026-01-21T12:32:04.038+05:30  INFO 1084 --- [ims] [restartedMain] com.zaxxer.hikari.HikariDataSource       : HikariPool-1 - Shutdown completed.
2026-01-21T12:32:04.040+05:30  INFO 1084 --- [ims] [restartedMain] o.apache.catalina.core.StandardService   : Stopping service [Tomcat]
2026-01-21T12:32:04.083+05:30  INFO 1084 --- [ims] [restartedMain] .s.b.a.l.ConditionEvaluationReportLogger : 

Error starting ApplicationContext. To display the condition evaluation report re-run your application with 'debug' enabled.
2026-01-21T12:32:04.110+05:30 ERROR 1084 --- [ims] [restartedMain] o.s.boot.SpringApplication               : Application run failed

org.springframework.beans.factory.UnsatisfiedDependencyException: Error creating bean with name 'org.springframework.security.config.annotation.web.configuration.WebSecurityConfiguration': Unsatisfied dependency expressed through method 'setFilterChains' parameter 0: Error creating bean with name 'managementSecurityFilterChain' defined in class path resource [org/springframework/boot/security/autoconfigure/actuate/web/servlet/ManagementWebSecurityAutoConfiguration.class]: Unsatisfied dependency expressed through method 'managementSecurityFilterChain' parameter 1: Error creating bean with name 'org.springframework.security.config.annotation.web.configuration.HttpSecurityConfiguration.httpSecurity' defined in class path resource [org/springframework/security/config/annotation/web/configuration/HttpSecurityConfiguration.class]: Failed to instantiate [org.springframework.security.config.annotation.web.builders.HttpSecurity]: Factory method 'httpSecurity' threw exception with message: Error creating bean with name 'userDetailsService' defined in class path resource [com/cts/config/AppSecurityConfig.class]: Failed to instantiate [org.springframework.security.core.userdetails.UserDetailsService]: Factory method 'userDetailsService' threw exception with message: Error creating bean with name 'passwordEncoder' defined in class path resource [com/cts/config/AppSecurityConfig.class]: Failed to instantiate [org.springframework.security.crypto.password.PasswordEncoder]: Factory method 'passwordEncoder' threw exception with message: com/password4j/HashingFunction
	at org.springframework.beans.factory.annotation.AutowiredAnnotationBeanPostProcessor$AutowiredMethodElement.resolveMethodArguments(AutowiredAnnotationBeanPostProcessor.java:871) ~[spring-beans-7.0.2.jar:7.0.2]
	at org.springframework.beans.factory.annotation.AutowiredAnnotationBeanPostProcessor$AutowiredMethodElement.inject(AutowiredAnnotationBeanPostProcessor.java:826) ~[spring-beans-7.0.2.jar:7.0.2]
	at org.springframework.beans.factory.annotation.InjectionMetadata.inject(InjectionMetadata.java:146) ~[spring-beans-7.0.2.jar:7.0.2]
	at org.springframework.beans.factory.annotation.AutowiredAnnotationBeanPostProcessor.postProcessProperties(AutowiredAnnotationBeanPostProcessor.java:492) ~[spring-beans-7.0.2.jar:7.0.2]
	at org.springframework.beans.factory.support.AbstractAutowireCapableBeanFactory.populateBean(AbstractAutowireCapableBeanFactory.java:1446) ~[spring-beans-7.0.2.jar:7.0.2]
	at org.springframework.beans.factory.support.AbstractAutowireCapableBeanFactory.doCreateBean(AbstractAutowireCapableBeanFactory.java:602) ~[spring-beans-7.0.2.jar:7.0.2]
	at org.springframework.beans.factory.support.AbstractAutowireCapableBeanFactory.createBean(AbstractAutowireCapableBeanFactory.java:525) ~[spring-beans-7.0.2.jar:7.0.2]
	at org.springframework.beans.factory.support.AbstractBeanFactory.lambda$doGetBean$0(AbstractBeanFactory.java:333) ~[spring-beans-7.0.2.jar:7.0.2]
	at org.springframework.beans.factory.support.DefaultSingletonBeanRegistry.getSingleton(DefaultSingletonBeanRegistry.java:371) ~[spring-beans-7.0.2.jar:7.0.2]
	at org.springframework.beans.factory.support.AbstractBeanFactory.doGetBean(AbstractBeanFactory.java:331) ~[spring-beans-7.0.2.jar:7.0.2]
	at org.springframework.beans.factory.support.AbstractBeanFactory.getBean(AbstractBeanFactory.java:196) ~[spring-beans-7.0.2.jar:7.0.2]
	at org.springframework.beans.factory.support.DefaultListableBeanFactory.instantiateSingleton(DefaultListableBeanFactory.java:1218) ~[spring-beans-7.0.2.jar:7.0.2]
	at org.springframework.beans.factory.support.DefaultListableBeanFactory.preInstantiateSingleton(DefaultListableBeanFactory.java:1184) ~[spring-beans-7.0.2.jar:7.0.2]
	at org.springframework.beans.factory.support.DefaultListableBeanFactory.preInstantiateSingletons(DefaultListableBeanFactory.java:1121) ~[spring-beans-7.0.2.jar:7.0.2]
	at org.springframework.context.support.AbstractApplicationContext.finishBeanFactoryInitialization(AbstractApplicationContext.java:993) ~[spring-context-7.0.2.jar:7.0.2]
	at org.springframework.context.support.AbstractApplicationContext.refresh(AbstractApplicationContext.java:620) ~[spring-context-7.0.2.jar:7.0.2]
	at org.springframework.boot.web.server.servlet.context.ServletWebServerApplicationContext.refresh(ServletWebServerApplicationContext.java:143) ~[spring-boot-web-server-4.0.1.jar:4.0.1]
	at org.springframework.boot.SpringApplication.refresh(SpringApplication.java:756) ~[spring-boot-4.0.1.jar:4.0.1]
	at org.springframework.boot.SpringApplication.refreshContext(SpringApplication.java:445) ~[spring-boot-4.0.1.jar:4.0.1]
	at org.springframework.boot.SpringApplication.run(SpringApplication.java:321) ~[spring-boot-4.0.1.jar:4.0.1]
	at org.springframework.boot.SpringApplication.run(SpringApplication.java:1365) ~[spring-boot-4.0.1.jar:4.0.1]
	at org.springframework.boot.SpringApplication.run(SpringApplication.java:1354) ~[spring-boot-4.0.1.jar:4.0.1]
	at com.cts.ImsApplication.main(ImsApplication.java:10) ~[classes/:na]
	at java.base/jdk.internal.reflect.DirectMethodHandleAccessor.invoke(DirectMethodHandleAccessor.java:103) ~[na:na]
	at java.base/java.lang.reflect.Method.invoke(Method.java:580) ~[na:na]
	at org.springframework.boot.devtools.restart.RestartLauncher.run(RestartLauncher.java:52) ~[spring-boot-devtools-4.0.1.jar:4.0.1]
Caused by: org.springframework.beans.factory.UnsatisfiedDependencyException: Error creating bean with name 'managementSecurityFilterChain' defined in class path resource [org/springframework/boot/security/autoconfigure/actuate/web/servlet/ManagementWebSecurityAutoConfiguration.class]: Unsatisfied dependency expressed through method 'managementSecurityFilterChain' parameter 1: Error creating bean with name 'org.springframework.security.config.annotation.web.configuration.HttpSecurityConfiguration.httpSecurity' defined in class path resource [org/springframework/security/config/annotation/web/configuration/HttpSecurityConfiguration.class]: Failed to instantiate [org.springframework.security.config.annotation.web.builders.HttpSecurity]: Factory method 'httpSecurity' threw exception with message: Error creating bean with name 'userDetailsService' defined in class path resource [com/cts/config/AppSecurityConfig.class]: Failed to instantiate [org.springframework.security.core.userdetails.UserDetailsService]: Factory method 'userDetailsService' threw exception with message: Error creating bean with name 'passwordEncoder' defined in class path resource [com/cts/config/AppSecurityConfig.class]: Failed to instantiate [org.springframework.security.crypto.password.PasswordEncoder]: Factory method 'passwordEncoder' threw exception with message: com/password4j/HashingFunction
	at org.springframework.beans.factory.support.ConstructorResolver.createArgumentArray(ConstructorResolver.java:804) ~[spring-beans-7.0.2.jar:7.0.2]
	at org.springframework.beans.factory.support.ConstructorResolver.instantiateUsingFactoryMethod(ConstructorResolver.java:546) ~[spring-beans-7.0.2.jar:7.0.2]
	at org.springframework.beans.factory.support.AbstractAutowireCapableBeanFactory.instantiateUsingFactoryMethod(AbstractAutowireCapableBeanFactory.java:1362) ~[spring-beans-7.0.2.jar:7.0.2]
	at org.springframework.beans.factory.support.AbstractAutowireCapableBeanFactory.createBeanInstance(AbstractAutowireCapableBeanFactory.java:1194) ~[spring-beans-7.0.2.jar:7.0.2]
	at org.springframework.beans.factory.support.AbstractAutowireCapableBeanFactory.doCreateBean(AbstractAutowireCapableBeanFactory.java:565) ~[spring-beans-7.0.2.jar:7.0.2]
	at org.springframework.beans.factory.support.AbstractAutowireCapableBeanFactory.createBean(AbstractAutowireCapableBeanFactory.java:525) ~[spring-beans-7.0.2.jar:7.0.2]
	at org.springframework.beans.factory.support.AbstractBeanFactory.lambda$doGetBean$0(AbstractBeanFactory.java:333) ~[spring-beans-7.0.2.jar:7.0.2]
	at org.springframework.beans.factory.support.DefaultSingletonBeanRegistry.getSingleton(DefaultSingletonBeanRegistry.java:371) ~[spring-beans-7.0.2.jar:7.0.2]
	at org.springframework.beans.factory.support.AbstractBeanFactory.doGetBean(AbstractBeanFactory.java:331) ~[spring-beans-7.0.2.jar:7.0.2]
	at org.springframework.beans.factory.support.AbstractBeanFactory.getBean(AbstractBeanFactory.java:201) ~[spring-beans-7.0.2.jar:7.0.2]
	at org.springframework.beans.factory.config.DependencyDescriptor.resolveCandidate(DependencyDescriptor.java:229) ~[spring-beans-7.0.2.jar:7.0.2]
	at org.springframework.beans.factory.support.DefaultListableBeanFactory.addCandidateEntry(DefaultListableBeanFactory.java:2008) ~[spring-beans-7.0.2.jar:7.0.2]
	at org.springframework.beans.factory.support.DefaultListableBeanFactory.findAutowireCandidates(DefaultListableBeanFactory.java:1971) ~[spring-beans-7.0.2.jar:7.0.2]
	at org.springframework.beans.factory.support.DefaultListableBeanFactory.resolveMultipleBeanCollection(DefaultListableBeanFactory.java:1863) ~[spring-beans-7.0.2.jar:7.0.2]
	at org.springframework.beans.factory.support.DefaultListableBeanFactory.resolveMultipleBeans(DefaultListableBeanFactory.java:1833) ~[spring-beans-7.0.2.jar:7.0.2]
	at org.springframework.beans.factory.support.DefaultListableBeanFactory.doResolveDependency(DefaultListableBeanFactory.java:1711) ~[spring-beans-7.0.2.jar:7.0.2]
	at org.springframework.beans.factory.support.DefaultListableBeanFactory.resolveDependency(DefaultListableBeanFactory.java:1651) ~[spring-beans-7.0.2.jar:7.0.2]
	at org.springframework.beans.factory.annotation.AutowiredAnnotationBeanPostProcessor$AutowiredMethodElement.resolveMethodArguments(AutowiredAnnotationBeanPostProcessor.java:863) ~[spring-beans-7.0.2.jar:7.0.2]
	... 25 common frames omitted
Caused by: org.springframework.beans.factory.BeanCreationException: Error creating bean with name 'org.springframework.security.config.annotation.web.configuration.HttpSecurityConfiguration.httpSecurity' defined in class path resource [org/springframework/security/config/annotation/web/configuration/HttpSecurityConfiguration.class]: Failed to instantiate [org.springframework.security.config.annotation.web.builders.HttpSecurity]: Factory method 'httpSecurity' threw exception with message: Error creating bean with name 'userDetailsService' defined in class path resource [com/cts/config/AppSecurityConfig.class]: Failed to instantiate [org.springframework.security.core.userdetails.UserDetailsService]: Factory method 'userDetailsService' threw exception with message: Error creating bean with name 'passwordEncoder' defined in class path resource [com/cts/config/AppSecurityConfig.class]: Failed to instantiate [org.springframework.security.crypto.password.PasswordEncoder]: Factory method 'passwordEncoder' threw exception with message: com/password4j/HashingFunction
	at org.springframework.beans.factory.support.ConstructorResolver.instantiate(ConstructorResolver.java:657) ~[spring-beans-7.0.2.jar:7.0.2]
	at org.springframework.beans.factory.support.ConstructorResolver.instantiateUsingFactoryMethod(ConstructorResolver.java:489) ~[spring-beans-7.0.2.jar:7.0.2]
	at org.springframework.beans.factory.support.AbstractAutowireCapableBeanFactory.instantiateUsingFactoryMethod(AbstractAutowireCapableBeanFactory.java:1362) ~[spring-beans-7.0.2.jar:7.0.2]
	at org.springframework.beans.factory.support.AbstractAutowireCapableBeanFactory.createBeanInstance(AbstractAutowireCapableBeanFactory.java:1194) ~[spring-beans-7.0.2.jar:7.0.2]
	at org.springframework.beans.factory.support.AbstractAutowireCapableBeanFactory.doCreateBean(AbstractAutowireCapableBeanFactory.java:565) ~[spring-beans-7.0.2.jar:7.0.2]
	at org.springframework.beans.factory.support.AbstractAutowireCapableBeanFactory.createBean(AbstractAutowireCapableBeanFactory.java:525) ~[spring-beans-7.0.2.jar:7.0.2]
	at org.springframework.beans.factory.support.AbstractBeanFactory.doGetBean(AbstractBeanFactory.java:351) ~[spring-beans-7.0.2.jar:7.0.2]
	at org.springframework.beans.factory.support.AbstractBeanFactory.getBean(AbstractBeanFactory.java:201) ~[spring-beans-7.0.2.jar:7.0.2]
	at org.springframework.beans.factory.config.DependencyDescriptor.resolveCandidate(DependencyDescriptor.java:229) ~[spring-beans-7.0.2.jar:7.0.2]
	at org.springframework.beans.factory.support.DefaultListableBeanFactory.doResolveDependency(DefaultListableBeanFactory.java:1762) ~[spring-beans-7.0.2.jar:7.0.2]
	at org.springframework.beans.factory.support.DefaultListableBeanFactory.resolveDependency(DefaultListableBeanFactory.java:1651) ~[spring-beans-7.0.2.jar:7.0.2]
	at org.springframework.beans.factory.support.ConstructorResolver.resolveAutowiredArgument(ConstructorResolver.java:912) ~[spring-beans-7.0.2.jar:7.0.2]
	at org.springframework.beans.factory.support.ConstructorResolver.createArgumentArray(ConstructorResolver.java:791) ~[spring-beans-7.0.2.jar:7.0.2]
	... 42 common frames omitted
Caused by: org.springframework.beans.BeanInstantiationException: Failed to instantiate [org.springframework.security.config.annotation.web.builders.HttpSecurity]: Factory method 'httpSecurity' threw exception with message: Error creating bean with name 'userDetailsService' defined in class path resource [com/cts/config/AppSecurityConfig.class]: Failed to instantiate [org.springframework.security.core.userdetails.UserDetailsService]: Factory method 'userDetailsService' threw exception with message: Error creating bean with name 'passwordEncoder' defined in class path resource [com/cts/config/AppSecurityConfig.class]: Failed to instantiate [org.springframework.security.crypto.password.PasswordEncoder]: Factory method 'passwordEncoder' threw exception with message: com/password4j/HashingFunction
	at org.springframework.beans.factory.support.SimpleInstantiationStrategy.lambda$instantiate$0(SimpleInstantiationStrategy.java:183) ~[spring-beans-7.0.2.jar:7.0.2]
	at org.springframework.beans.factory.support.SimpleInstantiationStrategy.instantiateWithFactoryMethod(SimpleInstantiationStrategy.java:72) ~[spring-beans-7.0.2.jar:7.0.2]
	at org.springframework.beans.factory.support.SimpleInstantiationStrategy.instantiate(SimpleInstantiationStrategy.java:152) ~[spring-beans-7.0.2.jar:7.0.2]
	at org.springframework.beans.factory.support.ConstructorResolver.instantiate(ConstructorResolver.java:653) ~[spring-beans-7.0.2.jar:7.0.2]
	... 54 common frames omitted
Caused by: org.springframework.beans.factory.BeanCreationException: Error creating bean with name 'userDetailsService' defined in class path resource [com/cts/config/AppSecurityConfig.class]: Failed to instantiate [org.springframework.security.core.userdetails.UserDetailsService]: Factory method 'userDetailsService' threw exception with message: Error creating bean with name 'passwordEncoder' defined in class path resource [com/cts/config/AppSecurityConfig.class]: Failed to instantiate [org.springframework.security.crypto.password.PasswordEncoder]: Factory method 'passwordEncoder' threw exception with message: com/password4j/HashingFunction
	at org.springframework.beans.factory.support.ConstructorResolver.instantiate(ConstructorResolver.java:657) ~[spring-beans-7.0.2.jar:7.0.2]
	at org.springframework.beans.factory.support.ConstructorResolver.instantiateUsingFactoryMethod(ConstructorResolver.java:489) ~[spring-beans-7.0.2.jar:7.0.2]
	at org.springframework.beans.factory.support.AbstractAutowireCapableBeanFactory.instantiateUsingFactoryMethod(AbstractAutowireCapableBeanFactory.java:1362) ~[spring-beans-7.0.2.jar:7.0.2]
	at org.springframework.beans.factory.support.AbstractAutowireCapableBeanFactory.createBeanInstance(AbstractAutowireCapableBeanFactory.java:1194) ~[spring-beans-7.0.2.jar:7.0.2]
	at org.springframework.beans.factory.support.AbstractAutowireCapableBeanFactory.doCreateBean(AbstractAutowireCapableBeanFactory.java:565) ~[spring-beans-7.0.2.jar:7.0.2]
	at org.springframework.beans.factory.support.AbstractAutowireCapableBeanFactory.createBean(AbstractAutowireCapableBeanFactory.java:525) ~[spring-beans-7.0.2.jar:7.0.2]
	at org.springframework.beans.factory.support.AbstractBeanFactory.lambda$doGetBean$0(AbstractBeanFactory.java:333) ~[spring-beans-7.0.2.jar:7.0.2]
	at org.springframework.beans.factory.support.DefaultSingletonBeanRegistry.getSingleton(DefaultSingletonBeanRegistry.java:371) ~[spring-beans-7.0.2.jar:7.0.2]
	at org.springframework.beans.factory.support.AbstractBeanFactory.doGetBean(AbstractBeanFactory.java:331) ~[spring-beans-7.0.2.jar:7.0.2]
	at org.springframework.beans.factory.support.AbstractBeanFactory.getBean(AbstractBeanFactory.java:201) ~[spring-beans-7.0.2.jar:7.0.2]
	at org.springframework.context.support.AbstractApplicationContext.getBean(AbstractApplicationContext.java:1284) ~[spring-context-7.0.2.jar:7.0.2]
	at org.springframework.security.config.annotation.authentication.configuration.InitializeUserDetailsBeanManagerConfigurer$InitializeUserDetailsManagerConfigurer.configure(InitializeUserDetailsBeanManagerConfigurer.java:94) ~[spring-security-config-7.0.2.jar:7.0.2]
	at org.springframework.security.config.annotation.authentication.configuration.InitializeUserDetailsBeanManagerConfigurer$InitializeUserDetailsManagerConfigurer.configure(InitializeUserDetailsBeanManagerConfigurer.java:63) ~[spring-security-config-7.0.2.jar:7.0.2]
	at org.springframework.security.config.annotation.AbstractConfiguredSecurityBuilder.configure(AbstractConfiguredSecurityBuilder.java:386) ~[spring-security-config-7.0.2.jar:7.0.2]
	at org.springframework.security.config.annotation.AbstractConfiguredSecurityBuilder.doBuild(AbstractConfiguredSecurityBuilder.java:336) ~[spring-security-config-7.0.2.jar:7.0.2]
	at org.springframework.security.config.annotation.AbstractSecurityBuilder.build(AbstractSecurityBuilder.java:38) ~[spring-security-config-7.0.2.jar:7.0.2]
	at org.springframework.security.config.annotation.authentication.configuration.AuthenticationConfiguration.getAuthenticationManager(AuthenticationConfiguration.java:121) ~[spring-security-config-7.0.2.jar:7.0.2]
	at org.springframework.security.config.annotation.web.configuration.HttpSecurityConfiguration.authenticationManager(HttpSecurityConfiguration.java:152) ~[spring-security-config-7.0.2.jar:7.0.2]
	at org.springframework.security.config.annotation.web.configuration.HttpSecurityConfiguration.httpSecurity(HttpSecurityConfiguration.java:119) ~[spring-security-config-7.0.2.jar:7.0.2]
	at java.base/jdk.internal.reflect.DirectMethodHandleAccessor.invoke(DirectMethodHandleAccessor.java:103) ~[na:na]
	at java.base/java.lang.reflect.Method.invoke(Method.java:580) ~[na:na]
	at org.springframework.beans.factory.support.SimpleInstantiationStrategy.lambda$instantiate$0(SimpleInstantiationStrategy.java:155) ~[spring-beans-7.0.2.jar:7.0.2]
	... 57 common frames omitted
Caused by: org.springframework.beans.BeanInstantiationException: Failed to instantiate [org.springframework.security.core.userdetails.UserDetailsService]: Factory method 'userDetailsService' threw exception with message: Error creating bean with name 'passwordEncoder' defined in class path resource [com/cts/config/AppSecurityConfig.class]: Failed to instantiate [org.springframework.security.crypto.password.PasswordEncoder]: Factory method 'passwordEncoder' threw exception with message: com/password4j/HashingFunction
	at org.springframework.beans.factory.support.SimpleInstantiationStrategy.lambda$instantiate$0(SimpleInstantiationStrategy.java:183) ~[spring-beans-7.0.2.jar:7.0.2]
	at org.springframework.beans.factory.support.SimpleInstantiationStrategy.instantiateWithFactoryMethod(SimpleInstantiationStrategy.java:72) ~[spring-beans-7.0.2.jar:7.0.2]
	at org.springframework.beans.factory.support.SimpleInstantiationStrategy.instantiate(SimpleInstantiationStrategy.java:152) ~[spring-beans-7.0.2.jar:7.0.2]
	at org.springframework.beans.factory.support.ConstructorResolver.instantiate(ConstructorResolver.java:653) ~[spring-beans-7.0.2.jar:7.0.2]
	... 78 common frames omitted
Caused by: org.springframework.beans.factory.BeanCreationException: Error creating bean with name 'passwordEncoder' defined in class path resource [com/cts/config/AppSecurityConfig.class]: Failed to instantiate [org.springframework.security.crypto.password.PasswordEncoder]: Factory method 'passwordEncoder' threw exception with message: com/password4j/HashingFunction
	at org.springframework.beans.factory.support.ConstructorResolver.instantiate(ConstructorResolver.java:657) ~[spring-beans-7.0.2.jar:7.0.2]
	at org.springframework.beans.factory.support.ConstructorResolver.instantiateUsingFactoryMethod(ConstructorResolver.java:489) ~[spring-beans-7.0.2.jar:7.0.2]
	at org.springframework.beans.factory.support.AbstractAutowireCapableBeanFactory.instantiateUsingFactoryMethod(AbstractAutowireCapableBeanFactory.java:1362) ~[spring-beans-7.0.2.jar:7.0.2]
	at org.springframework.beans.factory.support.AbstractAutowireCapableBeanFactory.createBeanInstance(AbstractAutowireCapableBeanFactory.java:1194) ~[spring-beans-7.0.2.jar:7.0.2]
	at org.springframework.beans.factory.support.AbstractAutowireCapableBeanFactory.doCreateBean(AbstractAutowireCapableBeanFactory.java:565) ~[spring-beans-7.0.2.jar:7.0.2]
	at org.springframework.beans.factory.support.AbstractAutowireCapableBeanFactory.createBean(AbstractAutowireCapableBeanFactory.java:525) ~[spring-beans-7.0.2.jar:7.0.2]
	at org.springframework.beans.factory.support.AbstractBeanFactory.lambda$doGetBean$0(AbstractBeanFactory.java:333) ~[spring-beans-7.0.2.jar:7.0.2]
	at org.springframework.beans.factory.support.DefaultSingletonBeanRegistry.getSingleton(DefaultSingletonBeanRegistry.java:371) ~[spring-beans-7.0.2.jar:7.0.2]
	at org.springframework.beans.factory.support.AbstractBeanFactory.doGetBean(AbstractBeanFactory.java:331) ~[spring-beans-7.0.2.jar:7.0.2]
	at org.springframework.beans.factory.support.AbstractBeanFactory.getBean(AbstractBeanFactory.java:196) ~[spring-beans-7.0.2.jar:7.0.2]
	at org.springframework.context.annotation.ConfigurationClassEnhancer$BeanMethodInterceptor.resolveBeanReference(ConfigurationClassEnhancer.java:429) ~[spring-context-7.0.2.jar:7.0.2]
	at org.springframework.context.annotation.ConfigurationClassEnhancer$BeanMethodInterceptor.intercept(ConfigurationClassEnhancer.java:401) ~[spring-context-7.0.2.jar:7.0.2]
	at com.cts.config.AppSecurityConfig$$SpringCGLIB$$0.passwordEncoder(<generated>) ~[classes/:na]
	at com.cts.config.AppSecurityConfig.userDetailsService(AppSecurityConfig.java:21) ~[classes/:na]
	at com.cts.config.AppSecurityConfig$$SpringCGLIB$$0.CGLIB$userDetailsService$1(<generated>) ~[classes/:na]
	at com.cts.config.AppSecurityConfig$$SpringCGLIB$$FastClass$$1.invoke(<generated>) ~[classes/:na]
	at org.springframework.cglib.proxy.MethodProxy.invokeSuper(MethodProxy.java:258) ~[spring-core-7.0.2.jar:7.0.2]
	at org.springframework.context.annotation.ConfigurationClassEnhancer$BeanMethodInterceptor.intercept(ConfigurationClassEnhancer.java:398) ~[spring-context-7.0.2.jar:7.0.2]
	at com.cts.config.AppSecurityConfig$$SpringCGLIB$$0.userDetailsService(<generated>) ~[classes/:na]
	at java.base/jdk.internal.reflect.DirectMethodHandleAccessor.invoke(DirectMethodHandleAccessor.java:103) ~[na:na]
	at java.base/java.lang.reflect.Method.invoke(Method.java:580) ~[na:na]
	at org.springframework.beans.factory.support.SimpleInstantiationStrategy.lambda$instantiate$0(SimpleInstantiationStrategy.java:155) ~[spring-beans-7.0.2.jar:7.0.2]
	... 81 common frames omitted
Caused by: org.springframework.beans.BeanInstantiationException: Failed to instantiate [org.springframework.security.crypto.password.PasswordEncoder]: Factory method 'passwordEncoder' threw exception with message: com/password4j/HashingFunction
	at org.springframework.beans.factory.support.SimpleInstantiationStrategy.lambda$instantiate$0(SimpleInstantiationStrategy.java:183) ~[spring-beans-7.0.2.jar:7.0.2]
	at org.springframework.beans.factory.support.SimpleInstantiationStrategy.instantiateWithFactoryMethod(SimpleInstantiationStrategy.java:72) ~[spring-beans-7.0.2.jar:7.0.2]
	at org.springframework.beans.factory.support.SimpleInstantiationStrategy.instantiate(SimpleInstantiationStrategy.java:152) ~[spring-beans-7.0.2.jar:7.0.2]
	at org.springframework.beans.factory.support.ConstructorResolver.instantiate(ConstructorResolver.java:653) ~[spring-beans-7.0.2.jar:7.0.2]
	... 102 common frames omitted
Caused by: java.lang.NoClassDefFoundError: com/password4j/HashingFunction
	at com.cts.config.AppSecurityConfig.passwordEncoder(AppSecurityConfig.java:28) ~[classes/:na]
	at com.cts.config.AppSecurityConfig$$SpringCGLIB$$0.CGLIB$passwordEncoder$0(<generated>) ~[classes/:na]
	at com.cts.config.AppSecurityConfig$$SpringCGLIB$$FastClass$$1.invoke(<generated>) ~[classes/:na]
	at org.springframework.cglib.proxy.MethodProxy.invokeSuper(MethodProxy.java:258) ~[spring-core-7.0.2.jar:7.0.2]
	at org.springframework.context.annotation.ConfigurationClassEnhancer$BeanMethodInterceptor.intercept(ConfigurationClassEnhancer.java:398) ~[spring-context-7.0.2.jar:7.0.2]
	at com.cts.config.AppSecurityConfig$$SpringCGLIB$$0.passwordEncoder(<generated>) ~[classes/:na]
	at java.base/jdk.internal.reflect.DirectMethodHandleAccessor.invoke(DirectMethodHandleAccessor.java:103) ~[na:na]
	at java.base/java.lang.reflect.Method.invoke(Method.java:580) ~[na:na]
	at org.springframework.beans.factory.support.SimpleInstantiationStrategy.lambda$instantiate$0(SimpleInstantiationStrategy.java:155) ~[spring-beans-7.0.2.jar:7.0.2]
	... 105 common frames omitted
Caused by: java.lang.ClassNotFoundException: com.password4j.HashingFunction
	at java.base/jdk.internal.loader.BuiltinClassLoader.loadClass(BuiltinClassLoader.java:641) ~[na:na]
	at java.base/jdk.internal.loader.ClassLoaders$AppClassLoader.loadClass(ClassLoaders.java:188) ~[na:na]
	at java.base/java.lang.ClassLoader.loadClass(ClassLoader.java:526) ~[na:na]
	... 114 common frames omitted

2026-01-21T12:32:57.825+05:30  INFO 21592 --- [ims] [restartedMain] com.cts.ImsApplication                   : Starting ImsApplication using Java 21.0.6 with PID 21592 (C:\Users\2393375\Documents\ADM2026\Backend\ims\target\classes started by 2393375 in C:\Users\2393375\Documents\ADM2026\Backend\ims)
2026-01-21T12:32:57.829+05:30  INFO 21592 --- [ims] [restartedMain] com.cts.ImsApplication                   : No active profile set, falling back to 1 default profile: "default"
2026-01-21T12:32:57.882+05:30  INFO 21592 --- [ims] [restartedMain] .e.DevToolsPropertyDefaultsPostProcessor : Devtools property defaults active! Set 'spring.devtools.add-properties' to 'false' to disable
2026-01-21T12:32:57.882+05:30  INFO 21592 --- [ims] [restartedMain] .e.DevToolsPropertyDefaultsPostProcessor : For additional web related logging consider setting the 'logging.level.web' property to 'DEBUG'
2026-01-21T12:32:58.854+05:30  INFO 21592 --- [ims] [restartedMain] .s.d.r.c.RepositoryConfigurationDelegate : Bootstrapping Spring Data JPA repositories in DEFAULT mode.
2026-01-21T12:32:58.908+05:30  INFO 21592 --- [ims] [restartedMain] .s.d.r.c.RepositoryConfigurationDelegate : Finished Spring Data repository scanning in 47 ms. Found 1 JPA repository interface.
2026-01-21T12:32:59.593+05:30  INFO 21592 --- [ims] [restartedMain] o.s.boot.tomcat.TomcatWebServer          : Tomcat initialized with port 8080 (http)
2026-01-21T12:32:59.609+05:30  INFO 21592 --- [ims] [restartedMain] o.apache.catalina.core.StandardService   : Starting service [Tomcat]
2026-01-21T12:32:59.609+05:30  INFO 21592 --- [ims] [restartedMain] o.apache.catalina.core.StandardEngine    : Starting Servlet engine: [Apache Tomcat/11.0.15]
2026-01-21T12:32:59.663+05:30  INFO 21592 --- [ims] [restartedMain] b.w.c.s.WebApplicationContextInitializer : Root WebApplicationContext: initialization completed in 1780 ms
2026-01-21T12:32:59.931+05:30  INFO 21592 --- [ims] [restartedMain] org.hibernate.orm.jpa                    : HHH008540: Processing PersistenceUnitInfo [name: default]
2026-01-21T12:33:00.002+05:30  INFO 21592 --- [ims] [restartedMain] org.hibernate.orm.core                   : HHH000001: Hibernate ORM core version 7.2.0.Final
2026-01-21T12:33:00.598+05:30  INFO 21592 --- [ims] [restartedMain] o.s.o.j.p.SpringPersistenceUnitInfo      : No LoadTimeWeaver setup: ignoring JPA class transformer
2026-01-21T12:33:00.634+05:30  INFO 21592 --- [ims] [restartedMain] com.zaxxer.hikari.HikariDataSource       : HikariPool-1 - Starting...
2026-01-21T12:33:00.970+05:30  INFO 21592 --- [ims] [restartedMain] com.zaxxer.hikari.pool.HikariPool        : HikariPool-1 - Added connection com.mysql.cj.jdbc.ConnectionImpl@199838a8
2026-01-21T12:33:00.971+05:30  INFO 21592 --- [ims] [restartedMain] com.zaxxer.hikari.HikariDataSource       : HikariPool-1 - Start completed.
2026-01-21T12:33:01.064+05:30  INFO 21592 --- [ims] [restartedMain] org.hibernate.orm.connections.pooling    : HHH10001005: Database info:
	Database JDBC URL [jdbc:mysql://localhost:3306/imsdb?createDatabaseIfNotExist=true]
	Database driver: MySQL Connector/J
	Database dialect: MySQLDialect
	Database version: 8.0.43
	Default catalog/schema: imsdb/undefined
	Autocommit mode: undefined/unknown
	Isolation level: REPEATABLE_READ [default REPEATABLE_READ]
	JDBC fetch size: none
	Pool: DataSourceConnectionProvider
	Minimum pool size: undefined/unknown
	Maximum pool size: undefined/unknown
2026-01-21T12:33:02.430+05:30  INFO 21592 --- [ims] [restartedMain] org.hibernate.orm.core                   : HHH000489: No JTA platform available (set 'hibernate.transaction.jta.platform' to enable JTA platform integration)
2026-01-21T12:33:02.513+05:30  INFO 21592 --- [ims] [restartedMain] j.LocalContainerEntityManagerFactoryBean : Initialized JPA EntityManagerFactory for persistence unit 'default'
2026-01-21T12:33:02.614+05:30  INFO 21592 --- [ims] [restartedMain] o.s.d.j.r.query.QueryEnhancerFactories   : Hibernate is in classpath; If applicable, HQL parser will be used.
2026-01-21T12:33:02.878+05:30  WARN 21592 --- [ims] [restartedMain] JpaBaseConfiguration$JpaWebConfiguration : spring.jpa.open-in-view is enabled by default. Therefore, database queries may be performed during view rendering. Explicitly configure spring.jpa.open-in-view to disable this warning
2026-01-21T12:33:03.152+05:30  INFO 21592 --- [ims] [restartedMain] r$InitializeUserDetailsManagerConfigurer : Global AuthenticationManager configured with UserDetailsService bean with name userDetailsService
2026-01-21T12:33:03.733+05:30  INFO 21592 --- [ims] [restartedMain] o.s.b.a.e.web.EndpointLinksResolver      : Exposing 13 endpoints beneath base path '/actuator'
2026-01-21T12:33:04.213+05:30  INFO 21592 --- [ims] [restartedMain] o.s.boot.tomcat.TomcatWebServer          : Tomcat started on port 8080 (http) with context path '/'
2026-01-21T12:33:04.223+05:30  INFO 21592 --- [ims] [restartedMain] com.cts.ImsApplication                   : Started ImsApplication in 6.98 seconds (process running for 7.999)
2026-01-21T12:33:04.657+05:30  INFO 21592 --- [ims] [RMI TCP Connection(7)-127.0.0.1] o.a.c.c.C.[Tomcat].[localhost].[/]       : Initializing Spring DispatcherServlet 'dispatcherServlet'
2026-01-21T12:33:04.657+05:30  INFO 21592 --- [ims] [RMI TCP Connection(7)-127.0.0.1] o.s.web.servlet.DispatcherServlet        : Initializing Servlet 'dispatcherServlet'
2026-01-21T12:33:04.659+05:30  INFO 21592 --- [ims] [RMI TCP Connection(7)-127.0.0.1] o.s.web.servlet.DispatcherServlet        : Completed initialization in 2 ms
2026-01-21T12:33:56.550+05:30  WARN 21592 --- [ims] [http-nio-8080-exec-2] o.s.w.s.h.HandlerMappingIntrospector     : Cache miss for REQUEST dispatch to '/logout' (previous null). Performing CorsConfiguration lookup. This is logged once only at WARN level, and every time at TRACE.
2026-01-21T12:38:18.687+05:30  INFO 21592 --- [ims] [File Watcher] rtingClassPathChangeChangedEventListener : Restarting due to 1 class path change (0 additions, 0 deletions, 1 modification)
2026-01-21T12:38:18.693+05:30  INFO 21592 --- [ims] [Thread-1] o.s.boot.tomcat.GracefulShutdown         : Commencing graceful shutdown. Waiting for active requests to complete
2026-01-21T12:38:18.702+05:30  INFO 21592 --- [ims] [tomcat-shutdown] o.s.boot.tomcat.GracefulShutdown         : Graceful shutdown complete
2026-01-21T12:38:18.711+05:30  INFO 21592 --- [ims] [Thread-1] j.LocalContainerEntityManagerFactoryBean : Closing JPA EntityManagerFactory for persistence unit 'default'
2026-01-21T12:38:18.721+05:30  INFO 21592 --- [ims] [Thread-1] com.zaxxer.hikari.HikariDataSource       : HikariPool-1 - Shutdown initiated...
2026-01-21T12:38:18.737+05:30  INFO 21592 --- [ims] [Thread-1] com.zaxxer.hikari.HikariDataSource       : HikariPool-1 - Shutdown completed.
2026-01-21T12:38:18.878+05:30  INFO 21592 --- [ims] [restartedMain] com.cts.ImsApplication                   : Starting ImsApplication using Java 21.0.6 with PID 21592 (C:\Users\2393375\Documents\ADM2026\Backend\ims\target\classes started by 2393375 in C:\Users\2393375\Documents\ADM2026\Backend\ims)
2026-01-21T12:38:18.878+05:30  INFO 21592 --- [ims] [restartedMain] com.cts.ImsApplication                   : No active profile set, falling back to 1 default profile: "default"
2026-01-21T12:38:19.485+05:30  INFO 21592 --- [ims] [restartedMain] .s.d.r.c.RepositoryConfigurationDelegate : Bootstrapping Spring Data JPA repositories in DEFAULT mode.
2026-01-21T12:38:19.492+05:30  INFO 21592 --- [ims] [restartedMain] .s.d.r.c.RepositoryConfigurationDelegate : Finished Spring Data repository scanning in 6 ms. Found 1 JPA repository interface.
2026-01-21T12:38:19.650+05:30  INFO 21592 --- [ims] [restartedMain] o.s.boot.tomcat.TomcatWebServer          : Tomcat initialized with port 8080 (http)
2026-01-21T12:38:19.652+05:30  INFO 21592 --- [ims] [restartedMain] o.apache.catalina.core.StandardService   : Starting service [Tomcat]
2026-01-21T12:38:19.652+05:30  INFO 21592 --- [ims] [restartedMain] o.apache.catalina.core.StandardEngine    : Starting Servlet engine: [Apache Tomcat/11.0.15]
2026-01-21T12:38:19.692+05:30  INFO 21592 --- [ims] [restartedMain] b.w.c.s.WebApplicationContextInitializer : Root WebApplicationContext: initialization completed in 812 ms
2026-01-21T12:38:19.769+05:30  INFO 21592 --- [ims] [restartedMain] org.hibernate.orm.jpa                    : HHH008540: Processing PersistenceUnitInfo [name: default]
2026-01-21T12:38:19.807+05:30  INFO 21592 --- [ims] [restartedMain] o.s.o.j.p.SpringPersistenceUnitInfo      : No LoadTimeWeaver setup: ignoring JPA class transformer
2026-01-21T12:38:19.809+05:30  INFO 21592 --- [ims] [restartedMain] com.zaxxer.hikari.HikariDataSource       : HikariPool-2 - Starting...
2026-01-21T12:38:19.824+05:30  INFO 21592 --- [ims] [restartedMain] com.zaxxer.hikari.pool.HikariPool        : HikariPool-2 - Added connection com.mysql.cj.jdbc.ConnectionImpl@622da500
2026-01-21T12:38:19.825+05:30  INFO 21592 --- [ims] [restartedMain] com.zaxxer.hikari.HikariDataSource       : HikariPool-2 - Start completed.
2026-01-21T12:38:19.827+05:30  INFO 21592 --- [ims] [restartedMain] org.hibernate.orm.connections.pooling    : HHH10001005: Database info:
	Database JDBC URL [jdbc:mysql://localhost:3306/imsdb?createDatabaseIfNotExist=true]
	Database driver: MySQL Connector/J
	Database dialect: MySQLDialect
	Database version: 8.0.43
	Default catalog/schema: imsdb/undefined
	Autocommit mode: undefined/unknown
	Isolation level: REPEATABLE_READ [default REPEATABLE_READ]
	JDBC fetch size: none
	Pool: DataSourceConnectionProvider
	Minimum pool size: undefined/unknown
	Maximum pool size: undefined/unknown
2026-01-21T12:38:19.875+05:30  INFO 21592 --- [ims] [restartedMain] org.hibernate.orm.core                   : HHH000489: No JTA platform available (set 'hibernate.transaction.jta.platform' to enable JTA platform integration)
2026-01-21T12:38:19.887+05:30  INFO 21592 --- [ims] [restartedMain] j.LocalContainerEntityManagerFactoryBean : Initialized JPA EntityManagerFactory for persistence unit 'default'
2026-01-21T12:38:19.955+05:30  WARN 21592 --- [ims] [restartedMain] JpaBaseConfiguration$JpaWebConfiguration : spring.jpa.open-in-view is enabled by default. Therefore, database queries may be performed during view rendering. Explicitly configure spring.jpa.open-in-view to disable this warning
2026-01-21T12:38:20.132+05:30  INFO 21592 --- [ims] [restartedMain] r$InitializeUserDetailsManagerConfigurer : Global AuthenticationManager configured with UserDetailsService bean with name userDetailsService
2026-01-21T12:38:20.180+05:30  WARN 21592 --- [ims] [restartedMain] ConfigServletWebServerApplicationContext : Exception encountered during context initialization - cancelling refresh attempt: org.springframework.beans.factory.UnsatisfiedDependencyException: Error creating bean with name 'org.springframework.security.config.annotation.web.configuration.WebSecurityConfiguration': Unsatisfied dependency expressed through method 'setFilterChains' parameter 0: Error creating bean with name 'securityFilterChain' defined in class path resource [com/cts/config/AppSecurityConfig.class]: Failed to instantiate [org.springframework.security.web.SecurityFilterChain]: Factory method 'securityFilterChain' threw exception with message: Unresolved compilation problem: 
	This method must return a result of type SecurityFilterChain

2026-01-21T12:38:20.181+05:30  INFO 21592 --- [ims] [restartedMain] j.LocalContainerEntityManagerFactoryBean : Closing JPA EntityManagerFactory for persistence unit 'default'
2026-01-21T12:38:20.181+05:30  INFO 21592 --- [ims] [restartedMain] com.zaxxer.hikari.HikariDataSource       : HikariPool-2 - Shutdown initiated...
2026-01-21T12:38:20.191+05:30  INFO 21592 --- [ims] [restartedMain] com.zaxxer.hikari.HikariDataSource       : HikariPool-2 - Shutdown completed.
2026-01-21T12:38:20.192+05:30  INFO 21592 --- [ims] [restartedMain] o.apache.catalina.core.StandardService   : Stopping service [Tomcat]
2026-01-21T12:38:20.200+05:30  INFO 21592 --- [ims] [restartedMain] .s.b.a.l.ConditionEvaluationReportLogger : 

Error starting ApplicationContext. To display the condition evaluation report re-run your application with 'debug' enabled.
2026-01-21T12:38:20.232+05:30 ERROR 21592 --- [ims] [restartedMain] o.s.boot.SpringApplication               : Application run failed

org.springframework.beans.factory.UnsatisfiedDependencyException: Error creating bean with name 'org.springframework.security.config.annotation.web.configuration.WebSecurityConfiguration': Unsatisfied dependency expressed through method 'setFilterChains' parameter 0: Error creating bean with name 'securityFilterChain' defined in class path resource [com/cts/config/AppSecurityConfig.class]: Failed to instantiate [org.springframework.security.web.SecurityFilterChain]: Factory method 'securityFilterChain' threw exception with message: Unresolved compilation problem: 
	This method must return a result of type SecurityFilterChain

	at org.springframework.beans.factory.annotation.AutowiredAnnotationBeanPostProcessor$AutowiredMethodElement.resolveMethodArguments(AutowiredAnnotationBeanPostProcessor.java:871) ~[spring-beans-7.0.2.jar:7.0.2]
	at org.springframework.beans.factory.annotation.AutowiredAnnotationBeanPostProcessor$AutowiredMethodElement.inject(AutowiredAnnotationBeanPostProcessor.java:826) ~[spring-beans-7.0.2.jar:7.0.2]
	at org.springframework.beans.factory.annotation.InjectionMetadata.inject(InjectionMetadata.java:146) ~[spring-beans-7.0.2.jar:7.0.2]
	at org.springframework.beans.factory.annotation.AutowiredAnnotationBeanPostProcessor.postProcessProperties(AutowiredAnnotationBeanPostProcessor.java:492) ~[spring-beans-7.0.2.jar:7.0.2]
	at org.springframework.beans.factory.support.AbstractAutowireCapableBeanFactory.populateBean(AbstractAutowireCapableBeanFactory.java:1446) ~[spring-beans-7.0.2.jar:7.0.2]
	at org.springframework.beans.factory.support.AbstractAutowireCapableBeanFactory.doCreateBean(AbstractAutowireCapableBeanFactory.java:602) ~[spring-beans-7.0.2.jar:7.0.2]
	at org.springframework.beans.factory.support.AbstractAutowireCapableBeanFactory.createBean(AbstractAutowireCapableBeanFactory.java:525) ~[spring-beans-7.0.2.jar:7.0.2]
	at org.springframework.beans.factory.support.AbstractBeanFactory.lambda$doGetBean$0(AbstractBeanFactory.java:333) ~[spring-beans-7.0.2.jar:7.0.2]
	at org.springframework.beans.factory.support.DefaultSingletonBeanRegistry.getSingleton(DefaultSingletonBeanRegistry.java:371) ~[spring-beans-7.0.2.jar:7.0.2]
	at org.springframework.beans.factory.support.AbstractBeanFactory.doGetBean(AbstractBeanFactory.java:331) ~[spring-beans-7.0.2.jar:7.0.2]
	at org.springframework.beans.factory.support.AbstractBeanFactory.getBean(AbstractBeanFactory.java:196) ~[spring-beans-7.0.2.jar:7.0.2]
	at org.springframework.beans.factory.support.DefaultListableBeanFactory.instantiateSingleton(DefaultListableBeanFactory.java:1218) ~[spring-beans-7.0.2.jar:7.0.2]
	at org.springframework.beans.factory.support.DefaultListableBeanFactory.preInstantiateSingleton(DefaultListableBeanFactory.java:1184) ~[spring-beans-7.0.2.jar:7.0.2]
	at org.springframework.beans.factory.support.DefaultListableBeanFactory.preInstantiateSingletons(DefaultListableBeanFactory.java:1121) ~[spring-beans-7.0.2.jar:7.0.2]
	at org.springframework.context.support.AbstractApplicationContext.finishBeanFactoryInitialization(AbstractApplicationContext.java:993) ~[spring-context-7.0.2.jar:7.0.2]
	at org.springframework.context.support.AbstractApplicationContext.refresh(AbstractApplicationContext.java:620) ~[spring-context-7.0.2.jar:7.0.2]
	at org.springframework.boot.web.server.servlet.context.ServletWebServerApplicationContext.refresh(ServletWebServerApplicationContext.java:143) ~[spring-boot-web-server-4.0.1.jar:4.0.1]
	at org.springframework.boot.SpringApplication.refresh(SpringApplication.java:756) ~[spring-boot-4.0.1.jar:4.0.1]
	at org.springframework.boot.SpringApplication.refreshContext(SpringApplication.java:445) ~[spring-boot-4.0.1.jar:4.0.1]
	at org.springframework.boot.SpringApplication.run(SpringApplication.java:321) ~[spring-boot-4.0.1.jar:4.0.1]
	at org.springframework.boot.SpringApplication.run(SpringApplication.java:1365) ~[spring-boot-4.0.1.jar:4.0.1]
	at org.springframework.boot.SpringApplication.run(SpringApplication.java:1354) ~[spring-boot-4.0.1.jar:4.0.1]
	at com.cts.ImsApplication.main(ImsApplication.java:10) ~[classes/:na]
	at java.base/jdk.internal.reflect.DirectMethodHandleAccessor.invoke(DirectMethodHandleAccessor.java:103) ~[na:na]
	at java.base/java.lang.reflect.Method.invoke(Method.java:580) ~[na:na]
	at org.springframework.boot.devtools.restart.RestartLauncher.run(RestartLauncher.java:52) ~[spring-boot-devtools-4.0.1.jar:4.0.1]
Caused by: org.springframework.beans.factory.BeanCreationException: Error creating bean with name 'securityFilterChain' defined in class path resource [com/cts/config/AppSecurityConfig.class]: Failed to instantiate [org.springframework.security.web.SecurityFilterChain]: Factory method 'securityFilterChain' threw exception with message: Unresolved compilation problem: 
	This method must return a result of type SecurityFilterChain

	at org.springframework.beans.factory.support.ConstructorResolver.instantiate(ConstructorResolver.java:657) ~[spring-beans-7.0.2.jar:7.0.2]
	at org.springframework.beans.factory.support.ConstructorResolver.instantiateUsingFactoryMethod(ConstructorResolver.java:645) ~[spring-beans-7.0.2.jar:7.0.2]
	at org.springframework.beans.factory.support.AbstractAutowireCapableBeanFactory.instantiateUsingFactoryMethod(AbstractAutowireCapableBeanFactory.java:1362) ~[spring-beans-7.0.2.jar:7.0.2]
	at org.springframework.beans.factory.support.AbstractAutowireCapableBeanFactory.createBeanInstance(AbstractAutowireCapableBeanFactory.java:1194) ~[spring-beans-7.0.2.jar:7.0.2]
	at org.springframework.beans.factory.support.AbstractAutowireCapableBeanFactory.doCreateBean(AbstractAutowireCapableBeanFactory.java:565) ~[spring-beans-7.0.2.jar:7.0.2]
	at org.springframework.beans.factory.support.AbstractAutowireCapableBeanFactory.createBean(AbstractAutowireCapableBeanFactory.java:525) ~[spring-beans-7.0.2.jar:7.0.2]
	at org.springframework.beans.factory.support.AbstractBeanFactory.lambda$doGetBean$0(AbstractBeanFactory.java:333) ~[spring-beans-7.0.2.jar:7.0.2]
	at org.springframework.beans.factory.support.DefaultSingletonBeanRegistry.getSingleton(DefaultSingletonBeanRegistry.java:371) ~[spring-beans-7.0.2.jar:7.0.2]
	at org.springframework.beans.factory.support.AbstractBeanFactory.doGetBean(AbstractBeanFactory.java:331) ~[spring-beans-7.0.2.jar:7.0.2]
	at org.springframework.beans.factory.support.AbstractBeanFactory.getBean(AbstractBeanFactory.java:201) ~[spring-beans-7.0.2.jar:7.0.2]
	at org.springframework.beans.factory.config.DependencyDescriptor.resolveCandidate(DependencyDescriptor.java:229) ~[spring-beans-7.0.2.jar:7.0.2]
	at org.springframework.beans.factory.support.DefaultListableBeanFactory.addCandidateEntry(DefaultListableBeanFactory.java:2008) ~[spring-beans-7.0.2.jar:7.0.2]
	at org.springframework.beans.factory.support.DefaultListableBeanFactory.findAutowireCandidates(DefaultListableBeanFactory.java:1971) ~[spring-beans-7.0.2.jar:7.0.2]
	at org.springframework.beans.factory.support.DefaultListableBeanFactory.resolveMultipleBeanCollection(DefaultListableBeanFactory.java:1863) ~[spring-beans-7.0.2.jar:7.0.2]
	at org.springframework.beans.factory.support.DefaultListableBeanFactory.resolveMultipleBeans(DefaultListableBeanFactory.java:1833) ~[spring-beans-7.0.2.jar:7.0.2]
	at org.springframework.beans.factory.support.DefaultListableBeanFactory.doResolveDependency(DefaultListableBeanFactory.java:1711) ~[spring-beans-7.0.2.jar:7.0.2]
	at org.springframework.beans.factory.support.DefaultListableBeanFactory.resolveDependency(DefaultListableBeanFactory.java:1651) ~[spring-beans-7.0.2.jar:7.0.2]
	at org.springframework.beans.factory.annotation.AutowiredAnnotationBeanPostProcessor$AutowiredMethodElement.resolveMethodArguments(AutowiredAnnotationBeanPostProcessor.java:863) ~[spring-beans-7.0.2.jar:7.0.2]
	... 25 common frames omitted
Caused by: org.springframework.beans.BeanInstantiationException: Failed to instantiate [org.springframework.security.web.SecurityFilterChain]: Factory method 'securityFilterChain' threw exception with message: Unresolved compilation problem: 
	This method must return a result of type SecurityFilterChain

	at org.springframework.beans.factory.support.SimpleInstantiationStrategy.lambda$instantiate$0(SimpleInstantiationStrategy.java:183) ~[spring-beans-7.0.2.jar:7.0.2]
	at org.springframework.beans.factory.support.SimpleInstantiationStrategy.instantiateWithFactoryMethod(SimpleInstantiationStrategy.java:72) ~[spring-beans-7.0.2.jar:7.0.2]
	at org.springframework.beans.factory.support.SimpleInstantiationStrategy.instantiate(SimpleInstantiationStrategy.java:152) ~[spring-beans-7.0.2.jar:7.0.2]
	at org.springframework.beans.factory.support.ConstructorResolver.instantiate(ConstructorResolver.java:653) ~[spring-beans-7.0.2.jar:7.0.2]
	... 42 common frames omitted
Caused by: java.lang.Error: Unresolved compilation problem: 
	This method must return a result of type SecurityFilterChain

	at com.cts.config.AppSecurityConfig.securityFilterChain(AppSecurityConfig.java:20) ~[classes/:na]
	at com.cts.config.AppSecurityConfig$$SpringCGLIB$$0.CGLIB$securityFilterChain$1(<generated>) ~[classes/:na]
	at com.cts.config.AppSecurityConfig$$SpringCGLIB$$FastClass$$1.invoke(<generated>) ~[classes/:na]
	at org.springframework.cglib.proxy.MethodProxy.invokeSuper(MethodProxy.java:258) ~[spring-core-7.0.2.jar:7.0.2]
	at org.springframework.context.annotation.ConfigurationClassEnhancer$BeanMethodInterceptor.intercept(ConfigurationClassEnhancer.java:398) ~[spring-context-7.0.2.jar:7.0.2]
	at com.cts.config.AppSecurityConfig$$SpringCGLIB$$0.securityFilterChain(<generated>) ~[classes/:na]
	at java.base/jdk.internal.reflect.DirectMethodHandleAccessor.invoke(DirectMethodHandleAccessor.java:103) ~[na:na]
	at java.base/java.lang.reflect.Method.invoke(Method.java:580) ~[na:na]
	at org.springframework.beans.factory.support.SimpleInstantiationStrategy.lambda$instantiate$0(SimpleInstantiationStrategy.java:155) ~[spring-beans-7.0.2.jar:7.0.2]
	... 45 common frames omitted

2026-01-21T12:38:21.742+05:30  INFO 21592 --- [ims] [restartedMain] com.cts.ImsApplication                   : Starting ImsApplication using Java 21.0.6 with PID 21592 (C:\Users\2393375\Documents\ADM2026\Backend\ims\target\classes started by 2393375 in C:\Users\2393375\Documents\ADM2026\Backend\ims)
2026-01-21T12:38:21.743+05:30  INFO 21592 --- [ims] [restartedMain] com.cts.ImsApplication                   : No active profile set, falling back to 1 default profile: "default"
2026-01-21T12:38:22.114+05:30  INFO 21592 --- [ims] [restartedMain] .s.d.r.c.RepositoryConfigurationDelegate : Bootstrapping Spring Data JPA repositories in DEFAULT mode.
2026-01-21T12:38:22.122+05:30  INFO 21592 --- [ims] [restartedMain] .s.d.r.c.RepositoryConfigurationDelegate : Finished Spring Data repository scanning in 6 ms. Found 1 JPA repository interface.
2026-01-21T12:38:22.376+05:30  INFO 21592 --- [ims] [restartedMain] o.s.boot.tomcat.TomcatWebServer          : Tomcat initialized with port 8080 (http)
2026-01-21T12:38:22.378+05:30  INFO 21592 --- [ims] [restartedMain] o.apache.catalina.core.StandardService   : Starting service [Tomcat]
2026-01-21T12:38:22.378+05:30  INFO 21592 --- [ims] [restartedMain] o.apache.catalina.core.StandardEngine    : Starting Servlet engine: [Apache Tomcat/11.0.15]
2026-01-21T12:38:22.414+05:30  INFO 21592 --- [ims] [restartedMain] b.w.c.s.WebApplicationContextInitializer : Root WebApplicationContext: initialization completed in 665 ms
2026-01-21T12:38:22.467+05:30  INFO 21592 --- [ims] [restartedMain] org.hibernate.orm.jpa                    : HHH008540: Processing PersistenceUnitInfo [name: default]
2026-01-21T12:38:22.496+05:30  INFO 21592 --- [ims] [restartedMain] o.s.o.j.p.SpringPersistenceUnitInfo      : No LoadTimeWeaver setup: ignoring JPA class transformer
2026-01-21T12:38:22.497+05:30  INFO 21592 --- [ims] [restartedMain] com.zaxxer.hikari.HikariDataSource       : HikariPool-3 - Starting...
2026-01-21T12:38:22.507+05:30  INFO 21592 --- [ims] [restartedMain] com.zaxxer.hikari.pool.HikariPool        : HikariPool-3 - Added connection com.mysql.cj.jdbc.ConnectionImpl@19273296
2026-01-21T12:38:22.507+05:30  INFO 21592 --- [ims] [restartedMain] com.zaxxer.hikari.HikariDataSource       : HikariPool-3 - Start completed.
2026-01-21T12:38:22.510+05:30  INFO 21592 --- [ims] [restartedMain] org.hibernate.orm.connections.pooling    : HHH10001005: Database info:
	Database JDBC URL [jdbc:mysql://localhost:3306/imsdb?createDatabaseIfNotExist=true]
	Database driver: MySQL Connector/J
	Database dialect: MySQLDialect
	Database version: 8.0.43
	Default catalog/schema: imsdb/undefined
	Autocommit mode: undefined/unknown
	Isolation level: REPEATABLE_READ [default REPEATABLE_READ]
	JDBC fetch size: none
	Pool: DataSourceConnectionProvider
	Minimum pool size: undefined/unknown
	Maximum pool size: undefined/unknown
2026-01-21T12:38:22.551+05:30  INFO 21592 --- [ims] [restartedMain] org.hibernate.orm.core                   : HHH000489: No JTA platform available (set 'hibernate.transaction.jta.platform' to enable JTA platform integration)
2026-01-21T12:38:22.563+05:30  INFO 21592 --- [ims] [restartedMain] j.LocalContainerEntityManagerFactoryBean : Initialized JPA EntityManagerFactory for persistence unit 'default'
2026-01-21T12:38:22.634+05:30  WARN 21592 --- [ims] [restartedMain] JpaBaseConfiguration$JpaWebConfiguration : spring.jpa.open-in-view is enabled by default. Therefore, database queries may be performed during view rendering. Explicitly configure spring.jpa.open-in-view to disable this warning
2026-01-21T12:38:22.799+05:30  INFO 21592 --- [ims] [restartedMain] r$InitializeUserDetailsManagerConfigurer : Global AuthenticationManager configured with UserDetailsService bean with name userDetailsService
2026-01-21T12:38:22.843+05:30  WARN 21592 --- [ims] [restartedMain] ConfigServletWebServerApplicationContext : Exception encountered during context initialization - cancelling refresh attempt: org.springframework.beans.factory.UnsatisfiedDependencyException: Error creating bean with name 'org.springframework.security.config.annotation.web.configuration.WebSecurityConfiguration': Unsatisfied dependency expressed through method 'setFilterChains' parameter 0: Error creating bean with name 'securityFilterChain' defined in class path resource [com/cts/config/AppSecurityConfig.class]: Failed to instantiate [org.springframework.security.web.SecurityFilterChain]: Factory method 'securityFilterChain' threw exception with message: Unresolved compilation problem: 
	This method must return a result of type SecurityFilterChain

2026-01-21T12:38:22.844+05:30  INFO 21592 --- [ims] [restartedMain] j.LocalContainerEntityManagerFactoryBean : Closing JPA EntityManagerFactory for persistence unit 'default'
2026-01-21T12:38:22.844+05:30  INFO 21592 --- [ims] [restartedMain] com.zaxxer.hikari.HikariDataSource       : HikariPool-3 - Shutdown initiated...
2026-01-21T12:38:22.862+05:30  INFO 21592 --- [ims] [restartedMain] com.zaxxer.hikari.HikariDataSource       : HikariPool-3 - Shutdown completed.
2026-01-21T12:38:22.862+05:30  INFO 21592 --- [ims] [restartedMain] o.apache.catalina.core.StandardService   : Stopping service [Tomcat]
2026-01-21T12:38:22.867+05:30  INFO 21592 --- [ims] [restartedMain] .s.b.a.l.ConditionEvaluationReportLogger : 

Error starting ApplicationContext. To display the condition evaluation report re-run your application with 'debug' enabled.
2026-01-21T12:38:22.869+05:30 ERROR 21592 --- [ims] [restartedMain] o.s.boot.SpringApplication               : Application run failed

org.springframework.beans.factory.UnsatisfiedDependencyException: Error creating bean with name 'org.springframework.security.config.annotation.web.configuration.WebSecurityConfiguration': Unsatisfied dependency expressed through method 'setFilterChains' parameter 0: Error creating bean with name 'securityFilterChain' defined in class path resource [com/cts/config/AppSecurityConfig.class]: Failed to instantiate [org.springframework.security.web.SecurityFilterChain]: Factory method 'securityFilterChain' threw exception with message: Unresolved compilation problem: 
	This method must return a result of type SecurityFilterChain

	at org.springframework.beans.factory.annotation.AutowiredAnnotationBeanPostProcessor$AutowiredMethodElement.resolveMethodArguments(AutowiredAnnotationBeanPostProcessor.java:871) ~[spring-beans-7.0.2.jar:7.0.2]
	at org.springframework.beans.factory.annotation.AutowiredAnnotationBeanPostProcessor$AutowiredMethodElement.inject(AutowiredAnnotationBeanPostProcessor.java:826) ~[spring-beans-7.0.2.jar:7.0.2]
	at org.springframework.beans.factory.annotation.InjectionMetadata.inject(InjectionMetadata.java:146) ~[spring-beans-7.0.2.jar:7.0.2]
	at org.springframework.beans.factory.annotation.AutowiredAnnotationBeanPostProcessor.postProcessProperties(AutowiredAnnotationBeanPostProcessor.java:492) ~[spring-beans-7.0.2.jar:7.0.2]
	at org.springframework.beans.factory.support.AbstractAutowireCapableBeanFactory.populateBean(AbstractAutowireCapableBeanFactory.java:1446) ~[spring-beans-7.0.2.jar:7.0.2]
	at org.springframework.beans.factory.support.AbstractAutowireCapableBeanFactory.doCreateBean(AbstractAutowireCapableBeanFactory.java:602) ~[spring-beans-7.0.2.jar:7.0.2]
	at org.springframework.beans.factory.support.AbstractAutowireCapableBeanFactory.createBean(AbstractAutowireCapableBeanFactory.java:525) ~[spring-beans-7.0.2.jar:7.0.2]
	at org.springframework.beans.factory.support.AbstractBeanFactory.lambda$doGetBean$0(AbstractBeanFactory.java:333) ~[spring-beans-7.0.2.jar:7.0.2]
	at org.springframework.beans.factory.support.DefaultSingletonBeanRegistry.getSingleton(DefaultSingletonBeanRegistry.java:371) ~[spring-beans-7.0.2.jar:7.0.2]
	at org.springframework.beans.factory.support.AbstractBeanFactory.doGetBean(AbstractBeanFactory.java:331) ~[spring-beans-7.0.2.jar:7.0.2]
	at org.springframework.beans.factory.support.AbstractBeanFactory.getBean(AbstractBeanFactory.java:196) ~[spring-beans-7.0.2.jar:7.0.2]
	at org.springframework.beans.factory.support.DefaultListableBeanFactory.instantiateSingleton(DefaultListableBeanFactory.java:1218) ~[spring-beans-7.0.2.jar:7.0.2]
	at org.springframework.beans.factory.support.DefaultListableBeanFactory.preInstantiateSingleton(DefaultListableBeanFactory.java:1184) ~[spring-beans-7.0.2.jar:7.0.2]
	at org.springframework.beans.factory.support.DefaultListableBeanFactory.preInstantiateSingletons(DefaultListableBeanFactory.java:1121) ~[spring-beans-7.0.2.jar:7.0.2]
	at org.springframework.context.support.AbstractApplicationContext.finishBeanFactoryInitialization(AbstractApplicationContext.java:993) ~[spring-context-7.0.2.jar:7.0.2]
	at org.springframework.context.support.AbstractApplicationContext.refresh(AbstractApplicationContext.java:620) ~[spring-context-7.0.2.jar:7.0.2]
	at org.springframework.boot.web.server.servlet.context.ServletWebServerApplicationContext.refresh(ServletWebServerApplicationContext.java:143) ~[spring-boot-web-server-4.0.1.jar:4.0.1]
	at org.springframework.boot.SpringApplication.refresh(SpringApplication.java:756) ~[spring-boot-4.0.1.jar:4.0.1]
	at org.springframework.boot.SpringApplication.refreshContext(SpringApplication.java:445) ~[spring-boot-4.0.1.jar:4.0.1]
	at org.springframework.boot.SpringApplication.run(SpringApplication.java:321) ~[spring-boot-4.0.1.jar:4.0.1]
	at org.springframework.boot.SpringApplication.run(SpringApplication.java:1365) ~[spring-boot-4.0.1.jar:4.0.1]
	at org.springframework.boot.SpringApplication.run(SpringApplication.java:1354) ~[spring-boot-4.0.1.jar:4.0.1]
	at com.cts.ImsApplication.main(ImsApplication.java:10) ~[classes/:na]
	at java.base/jdk.internal.reflect.DirectMethodHandleAccessor.invoke(DirectMethodHandleAccessor.java:103) ~[na:na]
	at java.base/java.lang.reflect.Method.invoke(Method.java:580) ~[na:na]
	at org.springframework.boot.devtools.restart.RestartLauncher.run(RestartLauncher.java:52) ~[spring-boot-devtools-4.0.1.jar:4.0.1]
Caused by: org.springframework.beans.factory.BeanCreationException: Error creating bean with name 'securityFilterChain' defined in class path resource [com/cts/config/AppSecurityConfig.class]: Failed to instantiate [org.springframework.security.web.SecurityFilterChain]: Factory method 'securityFilterChain' threw exception with message: Unresolved compilation problem: 
	This method must return a result of type SecurityFilterChain

	at org.springframework.beans.factory.support.ConstructorResolver.instantiate(ConstructorResolver.java:657) ~[spring-beans-7.0.2.jar:7.0.2]
	at org.springframework.beans.factory.support.ConstructorResolver.instantiateUsingFactoryMethod(ConstructorResolver.java:645) ~[spring-beans-7.0.2.jar:7.0.2]
	at org.springframework.beans.factory.support.AbstractAutowireCapableBeanFactory.instantiateUsingFactoryMethod(AbstractAutowireCapableBeanFactory.java:1362) ~[spring-beans-7.0.2.jar:7.0.2]
	at org.springframework.beans.factory.support.AbstractAutowireCapableBeanFactory.createBeanInstance(AbstractAutowireCapableBeanFactory.java:1194) ~[spring-beans-7.0.2.jar:7.0.2]
	at org.springframework.beans.factory.support.AbstractAutowireCapableBeanFactory.doCreateBean(AbstractAutowireCapableBeanFactory.java:565) ~[spring-beans-7.0.2.jar:7.0.2]
	at org.springframework.beans.factory.support.AbstractAutowireCapableBeanFactory.createBean(AbstractAutowireCapableBeanFactory.java:525) ~[spring-beans-7.0.2.jar:7.0.2]
	at org.springframework.beans.factory.support.AbstractBeanFactory.lambda$doGetBean$0(AbstractBeanFactory.java:333) ~[spring-beans-7.0.2.jar:7.0.2]
	at org.springframework.beans.factory.support.DefaultSingletonBeanRegistry.getSingleton(DefaultSingletonBeanRegistry.java:371) ~[spring-beans-7.0.2.jar:7.0.2]
	at org.springframework.beans.factory.support.AbstractBeanFactory.doGetBean(AbstractBeanFactory.java:331) ~[spring-beans-7.0.2.jar:7.0.2]
	at org.springframework.beans.factory.support.AbstractBeanFactory.getBean(AbstractBeanFactory.java:201) ~[spring-beans-7.0.2.jar:7.0.2]
	at org.springframework.beans.factory.config.DependencyDescriptor.resolveCandidate(DependencyDescriptor.java:229) ~[spring-beans-7.0.2.jar:7.0.2]
	at org.springframework.beans.factory.support.DefaultListableBeanFactory.addCandidateEntry(DefaultListableBeanFactory.java:2008) ~[spring-beans-7.0.2.jar:7.0.2]
	at org.springframework.beans.factory.support.DefaultListableBeanFactory.findAutowireCandidates(DefaultListableBeanFactory.java:1971) ~[spring-beans-7.0.2.jar:7.0.2]
	at org.springframework.beans.factory.support.DefaultListableBeanFactory.resolveMultipleBeanCollection(DefaultListableBeanFactory.java:1863) ~[spring-beans-7.0.2.jar:7.0.2]
	at org.springframework.beans.factory.support.DefaultListableBeanFactory.resolveMultipleBeans(DefaultListableBeanFactory.java:1833) ~[spring-beans-7.0.2.jar:7.0.2]
	at org.springframework.beans.factory.support.DefaultListableBeanFactory.doResolveDependency(DefaultListableBeanFactory.java:1711) ~[spring-beans-7.0.2.jar:7.0.2]
	at org.springframework.beans.factory.support.DefaultListableBeanFactory.resolveDependency(DefaultListableBeanFactory.java:1651) ~[spring-beans-7.0.2.jar:7.0.2]
	at org.springframework.beans.factory.annotation.AutowiredAnnotationBeanPostProcessor$AutowiredMethodElement.resolveMethodArguments(AutowiredAnnotationBeanPostProcessor.java:863) ~[spring-beans-7.0.2.jar:7.0.2]
	... 25 common frames omitted
Caused by: org.springframework.beans.BeanInstantiationException: Failed to instantiate [org.springframework.security.web.SecurityFilterChain]: Factory method 'securityFilterChain' threw exception with message: Unresolved compilation problem: 
	This method must return a result of type SecurityFilterChain

	at org.springframework.beans.factory.support.SimpleInstantiationStrategy.lambda$instantiate$0(SimpleInstantiationStrategy.java:183) ~[spring-beans-7.0.2.jar:7.0.2]
	at org.springframework.beans.factory.support.SimpleInstantiationStrategy.instantiateWithFactoryMethod(SimpleInstantiationStrategy.java:72) ~[spring-beans-7.0.2.jar:7.0.2]
	at org.springframework.beans.factory.support.SimpleInstantiationStrategy.instantiate(SimpleInstantiationStrategy.java:152) ~[spring-beans-7.0.2.jar:7.0.2]
	at org.springframework.beans.factory.support.ConstructorResolver.instantiate(ConstructorResolver.java:653) ~[spring-beans-7.0.2.jar:7.0.2]
	... 42 common frames omitted
Caused by: java.lang.Error: Unresolved compilation problem: 
	This method must return a result of type SecurityFilterChain

	at com.cts.config.AppSecurityConfig.securityFilterChain(AppSecurityConfig.java:20) ~[classes/:na]
	at com.cts.config.AppSecurityConfig$$SpringCGLIB$$0.CGLIB$securityFilterChain$1(<generated>) ~[classes/:na]
	at com.cts.config.AppSecurityConfig$$SpringCGLIB$$FastClass$$1.invoke(<generated>) ~[classes/:na]
	at org.springframework.cglib.proxy.MethodProxy.invokeSuper(MethodProxy.java:258) ~[spring-core-7.0.2.jar:7.0.2]
	at org.springframework.context.annotation.ConfigurationClassEnhancer$BeanMethodInterceptor.intercept(ConfigurationClassEnhancer.java:398) ~[spring-context-7.0.2.jar:7.0.2]
	at com.cts.config.AppSecurityConfig$$SpringCGLIB$$0.securityFilterChain(<generated>) ~[classes/:na]
	at java.base/jdk.internal.reflect.DirectMethodHandleAccessor.invoke(DirectMethodHandleAccessor.java:103) ~[na:na]
	at java.base/java.lang.reflect.Method.invoke(Method.java:580) ~[na:na]
	at org.springframework.beans.factory.support.SimpleInstantiationStrategy.lambda$instantiate$0(SimpleInstantiationStrategy.java:155) ~[spring-beans-7.0.2.jar:7.0.2]
	... 45 common frames omitted

2026-01-21T12:39:18.284+05:30  INFO 21592 --- [ims] [restartedMain] com.cts.ImsApplication                   : Starting ImsApplication using Java 21.0.6 with PID 21592 (C:\Users\2393375\Documents\ADM2026\Backend\ims\target\classes started by 2393375 in C:\Users\2393375\Documents\ADM2026\Backend\ims)
2026-01-21T12:39:18.285+05:30  INFO 21592 --- [ims] [restartedMain] com.cts.ImsApplication                   : No active profile set, falling back to 1 default profile: "default"
2026-01-21T12:39:18.486+05:30  INFO 21592 --- [ims] [restartedMain] .s.d.r.c.RepositoryConfigurationDelegate : Bootstrapping Spring Data JPA repositories in DEFAULT mode.
2026-01-21T12:39:18.493+05:30  INFO 21592 --- [ims] [restartedMain] .s.d.r.c.RepositoryConfigurationDelegate : Finished Spring Data repository scanning in 5 ms. Found 1 JPA repository interface.
2026-01-21T12:39:18.587+05:30  INFO 21592 --- [ims] [restartedMain] o.s.boot.tomcat.TomcatWebServer          : Tomcat initialized with port 8080 (http)
2026-01-21T12:39:18.587+05:30  INFO 21592 --- [ims] [restartedMain] o.apache.catalina.core.StandardService   : Starting service [Tomcat]
2026-01-21T12:39:18.587+05:30  INFO 21592 --- [ims] [restartedMain] o.apache.catalina.core.StandardEngine    : Starting Servlet engine: [Apache Tomcat/11.0.15]
2026-01-21T12:39:18.610+05:30  INFO 21592 --- [ims] [restartedMain] b.w.c.s.WebApplicationContextInitializer : Root WebApplicationContext: initialization completed in 323 ms
2026-01-21T12:39:18.648+05:30  INFO 21592 --- [ims] [restartedMain] org.hibernate.orm.jpa                    : HHH008540: Processing PersistenceUnitInfo [name: default]
2026-01-21T12:39:18.669+05:30  INFO 21592 --- [ims] [restartedMain] o.s.o.j.p.SpringPersistenceUnitInfo      : No LoadTimeWeaver setup: ignoring JPA class transformer
2026-01-21T12:39:18.669+05:30  INFO 21592 --- [ims] [restartedMain] com.zaxxer.hikari.HikariDataSource       : HikariPool-4 - Starting...
2026-01-21T12:39:18.678+05:30  INFO 21592 --- [ims] [restartedMain] com.zaxxer.hikari.pool.HikariPool        : HikariPool-4 - Added connection com.mysql.cj.jdbc.ConnectionImpl@5705c942
2026-01-21T12:39:18.679+05:30  INFO 21592 --- [ims] [restartedMain] com.zaxxer.hikari.HikariDataSource       : HikariPool-4 - Start completed.
2026-01-21T12:39:18.680+05:30  INFO 21592 --- [ims] [restartedMain] org.hibernate.orm.connections.pooling    : HHH10001005: Database info:
	Database JDBC URL [jdbc:mysql://localhost:3306/imsdb?createDatabaseIfNotExist=true]
	Database driver: MySQL Connector/J
	Database dialect: MySQLDialect
	Database version: 8.0.43
	Default catalog/schema: imsdb/undefined
	Autocommit mode: undefined/unknown
	Isolation level: REPEATABLE_READ [default REPEATABLE_READ]
	JDBC fetch size: none
	Pool: DataSourceConnectionProvider
	Minimum pool size: undefined/unknown
	Maximum pool size: undefined/unknown
2026-01-21T12:39:18.715+05:30  INFO 21592 --- [ims] [restartedMain] org.hibernate.orm.core                   : HHH000489: No JTA platform available (set 'hibernate.transaction.jta.platform' to enable JTA platform integration)
2026-01-21T12:39:18.738+05:30  INFO 21592 --- [ims] [restartedMain] j.LocalContainerEntityManagerFactoryBean : Initialized JPA EntityManagerFactory for persistence unit 'default'
2026-01-21T12:39:18.798+05:30  WARN 21592 --- [ims] [restartedMain] JpaBaseConfiguration$JpaWebConfiguration : spring.jpa.open-in-view is enabled by default. Therefore, database queries may be performed during view rendering. Explicitly configure spring.jpa.open-in-view to disable this warning
2026-01-21T12:39:18.952+05:30  INFO 21592 --- [ims] [restartedMain] r$InitializeUserDetailsManagerConfigurer : Global AuthenticationManager configured with UserDetailsService bean with name userDetailsService
2026-01-21T12:39:18.995+05:30  WARN 21592 --- [ims] [restartedMain] ConfigServletWebServerApplicationContext : Exception encountered during context initialization - cancelling refresh attempt: org.springframework.beans.factory.UnsatisfiedDependencyException: Error creating bean with name 'org.springframework.security.config.annotation.web.configuration.WebSecurityConfiguration': Unsatisfied dependency expressed through method 'setFilterChains' parameter 0: Error creating bean with name 'securityFilterChain' defined in class path resource [com/cts/config/AppSecurityConfig.class]: Failed to instantiate [org.springframework.security.web.SecurityFilterChain]: Factory method 'securityFilterChain' threw exception with message: Unresolved compilation problem: 
	This method must return a result of type SecurityFilterChain

2026-01-21T12:39:18.995+05:30  INFO 21592 --- [ims] [restartedMain] j.LocalContainerEntityManagerFactoryBean : Closing JPA EntityManagerFactory for persistence unit 'default'
2026-01-21T12:39:18.996+05:30  INFO 21592 --- [ims] [restartedMain] com.zaxxer.hikari.HikariDataSource       : HikariPool-4 - Shutdown initiated...
2026-01-21T12:39:19.039+05:30  INFO 21592 --- [ims] [restartedMain] com.zaxxer.hikari.HikariDataSource       : HikariPool-4 - Shutdown completed.
2026-01-21T12:39:19.039+05:30  INFO 21592 --- [ims] [restartedMain] o.apache.catalina.core.StandardService   : Stopping service [Tomcat]
2026-01-21T12:39:19.049+05:30  INFO 21592 --- [ims] [restartedMain] .s.b.a.l.ConditionEvaluationReportLogger : 

Error starting ApplicationContext. To display the condition evaluation report re-run your application with 'debug' enabled.
2026-01-21T12:39:19.052+05:30 ERROR 21592 --- [ims] [restartedMain] o.s.boot.SpringApplication               : Application run failed

org.springframework.beans.factory.UnsatisfiedDependencyException: Error creating bean with name 'org.springframework.security.config.annotation.web.configuration.WebSecurityConfiguration': Unsatisfied dependency expressed through method 'setFilterChains' parameter 0: Error creating bean with name 'securityFilterChain' defined in class path resource [com/cts/config/AppSecurityConfig.class]: Failed to instantiate [org.springframework.security.web.SecurityFilterChain]: Factory method 'securityFilterChain' threw exception with message: Unresolved compilation problem: 
	This method must return a result of type SecurityFilterChain

	at org.springframework.beans.factory.annotation.AutowiredAnnotationBeanPostProcessor$AutowiredMethodElement.resolveMethodArguments(AutowiredAnnotationBeanPostProcessor.java:871) ~[spring-beans-7.0.2.jar:7.0.2]
	at org.springframework.beans.factory.annotation.AutowiredAnnotationBeanPostProcessor$AutowiredMethodElement.inject(AutowiredAnnotationBeanPostProcessor.java:826) ~[spring-beans-7.0.2.jar:7.0.2]
	at org.springframework.beans.factory.annotation.InjectionMetadata.inject(InjectionMetadata.java:146) ~[spring-beans-7.0.2.jar:7.0.2]
	at org.springframework.beans.factory.annotation.AutowiredAnnotationBeanPostProcessor.postProcessProperties(AutowiredAnnotationBeanPostProcessor.java:492) ~[spring-beans-7.0.2.jar:7.0.2]
	at org.springframework.beans.factory.support.AbstractAutowireCapableBeanFactory.populateBean(AbstractAutowireCapableBeanFactory.java:1446) ~[spring-beans-7.0.2.jar:7.0.2]
	at org.springframework.beans.factory.support.AbstractAutowireCapableBeanFactory.doCreateBean(AbstractAutowireCapableBeanFactory.java:602) ~[spring-beans-7.0.2.jar:7.0.2]
	at org.springframework.beans.factory.support.AbstractAutowireCapableBeanFactory.createBean(AbstractAutowireCapableBeanFactory.java:525) ~[spring-beans-7.0.2.jar:7.0.2]
	at org.springframework.beans.factory.support.AbstractBeanFactory.lambda$doGetBean$0(AbstractBeanFactory.java:333) ~[spring-beans-7.0.2.jar:7.0.2]
	at org.springframework.beans.factory.support.DefaultSingletonBeanRegistry.getSingleton(DefaultSingletonBeanRegistry.java:371) ~[spring-beans-7.0.2.jar:7.0.2]
	at org.springframework.beans.factory.support.AbstractBeanFactory.doGetBean(AbstractBeanFactory.java:331) ~[spring-beans-7.0.2.jar:7.0.2]
	at org.springframework.beans.factory.support.AbstractBeanFactory.getBean(AbstractBeanFactory.java:196) ~[spring-beans-7.0.2.jar:7.0.2]
	at org.springframework.beans.factory.support.DefaultListableBeanFactory.instantiateSingleton(DefaultListableBeanFactory.java:1218) ~[spring-beans-7.0.2.jar:7.0.2]
	at org.springframework.beans.factory.support.DefaultListableBeanFactory.preInstantiateSingleton(DefaultListableBeanFactory.java:1184) ~[spring-beans-7.0.2.jar:7.0.2]
	at org.springframework.beans.factory.support.DefaultListableBeanFactory.preInstantiateSingletons(DefaultListableBeanFactory.java:1121) ~[spring-beans-7.0.2.jar:7.0.2]
	at org.springframework.context.support.AbstractApplicationContext.finishBeanFactoryInitialization(AbstractApplicationContext.java:993) ~[spring-context-7.0.2.jar:7.0.2]
	at org.springframework.context.support.AbstractApplicationContext.refresh(AbstractApplicationContext.java:620) ~[spring-context-7.0.2.jar:7.0.2]
	at org.springframework.boot.web.server.servlet.context.ServletWebServerApplicationContext.refresh(ServletWebServerApplicationContext.java:143) ~[spring-boot-web-server-4.0.1.jar:4.0.1]
	at org.springframework.boot.SpringApplication.refresh(SpringApplication.java:756) ~[spring-boot-4.0.1.jar:4.0.1]
	at org.springframework.boot.SpringApplication.refreshContext(SpringApplication.java:445) ~[spring-boot-4.0.1.jar:4.0.1]
	at org.springframework.boot.SpringApplication.run(SpringApplication.java:321) ~[spring-boot-4.0.1.jar:4.0.1]
	at org.springframework.boot.SpringApplication.run(SpringApplication.java:1365) ~[spring-boot-4.0.1.jar:4.0.1]
	at org.springframework.boot.SpringApplication.run(SpringApplication.java:1354) ~[spring-boot-4.0.1.jar:4.0.1]
	at com.cts.ImsApplication.main(ImsApplication.java:10) ~[classes/:na]
	at java.base/jdk.internal.reflect.DirectMethodHandleAccessor.invoke(DirectMethodHandleAccessor.java:103) ~[na:na]
	at java.base/java.lang.reflect.Method.invoke(Method.java:580) ~[na:na]
	at org.springframework.boot.devtools.restart.RestartLauncher.run(RestartLauncher.java:52) ~[spring-boot-devtools-4.0.1.jar:4.0.1]
Caused by: org.springframework.beans.factory.BeanCreationException: Error creating bean with name 'securityFilterChain' defined in class path resource [com/cts/config/AppSecurityConfig.class]: Failed to instantiate [org.springframework.security.web.SecurityFilterChain]: Factory method 'securityFilterChain' threw exception with message: Unresolved compilation problem: 
	This method must return a result of type SecurityFilterChain

	at org.springframework.beans.factory.support.ConstructorResolver.instantiate(ConstructorResolver.java:657) ~[spring-beans-7.0.2.jar:7.0.2]
	at org.springframework.beans.factory.support.ConstructorResolver.instantiateUsingFactoryMethod(ConstructorResolver.java:645) ~[spring-beans-7.0.2.jar:7.0.2]
	at org.springframework.beans.factory.support.AbstractAutowireCapableBeanFactory.instantiateUsingFactoryMethod(AbstractAutowireCapableBeanFactory.java:1362) ~[spring-beans-7.0.2.jar:7.0.2]
	at org.springframework.beans.factory.support.AbstractAutowireCapableBeanFactory.createBeanInstance(AbstractAutowireCapableBeanFactory.java:1194) ~[spring-beans-7.0.2.jar:7.0.2]
	at org.springframework.beans.factory.support.AbstractAutowireCapableBeanFactory.doCreateBean(AbstractAutowireCapableBeanFactory.java:565) ~[spring-beans-7.0.2.jar:7.0.2]
	at org.springframework.beans.factory.support.AbstractAutowireCapableBeanFactory.createBean(AbstractAutowireCapableBeanFactory.java:525) ~[spring-beans-7.0.2.jar:7.0.2]
	at org.springframework.beans.factory.support.AbstractBeanFactory.lambda$doGetBean$0(AbstractBeanFactory.java:333) ~[spring-beans-7.0.2.jar:7.0.2]
	at org.springframework.beans.factory.support.DefaultSingletonBeanRegistry.getSingleton(DefaultSingletonBeanRegistry.java:371) ~[spring-beans-7.0.2.jar:7.0.2]
	at org.springframework.beans.factory.support.AbstractBeanFactory.doGetBean(AbstractBeanFactory.java:331) ~[spring-beans-7.0.2.jar:7.0.2]
	at org.springframework.beans.factory.support.AbstractBeanFactory.getBean(AbstractBeanFactory.java:201) ~[spring-beans-7.0.2.jar:7.0.2]
	at org.springframework.beans.factory.config.DependencyDescriptor.resolveCandidate(DependencyDescriptor.java:229) ~[spring-beans-7.0.2.jar:7.0.2]
	at org.springframework.beans.factory.support.DefaultListableBeanFactory.addCandidateEntry(DefaultListableBeanFactory.java:2008) ~[spring-beans-7.0.2.jar:7.0.2]
	at org.springframework.beans.factory.support.DefaultListableBeanFactory.findAutowireCandidates(DefaultListableBeanFactory.java:1971) ~[spring-beans-7.0.2.jar:7.0.2]
	at org.springframework.beans.factory.support.DefaultListableBeanFactory.resolveMultipleBeanCollection(DefaultListableBeanFactory.java:1863) ~[spring-beans-7.0.2.jar:7.0.2]
	at org.springframework.beans.factory.support.DefaultListableBeanFactory.resolveMultipleBeans(DefaultListableBeanFactory.java:1833) ~[spring-beans-7.0.2.jar:7.0.2]
	at org.springframework.beans.factory.support.DefaultListableBeanFactory.doResolveDependency(DefaultListableBeanFactory.java:1711) ~[spring-beans-7.0.2.jar:7.0.2]
	at org.springframework.beans.factory.support.DefaultListableBeanFactory.resolveDependency(DefaultListableBeanFactory.java:1651) ~[spring-beans-7.0.2.jar:7.0.2]
	at org.springframework.beans.factory.annotation.AutowiredAnnotationBeanPostProcessor$AutowiredMethodElement.resolveMethodArguments(AutowiredAnnotationBeanPostProcessor.java:863) ~[spring-beans-7.0.2.jar:7.0.2]
	... 25 common frames omitted
Caused by: org.springframework.beans.BeanInstantiationException: Failed to instantiate [org.springframework.security.web.SecurityFilterChain]: Factory method 'securityFilterChain' threw exception with message: Unresolved compilation problem: 
	This method must return a result of type SecurityFilterChain

	at org.springframework.beans.factory.support.SimpleInstantiationStrategy.lambda$instantiate$0(SimpleInstantiationStrategy.java:183) ~[spring-beans-7.0.2.jar:7.0.2]
	at org.springframework.beans.factory.support.SimpleInstantiationStrategy.instantiateWithFactoryMethod(SimpleInstantiationStrategy.java:72) ~[spring-beans-7.0.2.jar:7.0.2]
	at org.springframework.beans.factory.support.SimpleInstantiationStrategy.instantiate(SimpleInstantiationStrategy.java:152) ~[spring-beans-7.0.2.jar:7.0.2]
	at org.springframework.beans.factory.support.ConstructorResolver.instantiate(ConstructorResolver.java:653) ~[spring-beans-7.0.2.jar:7.0.2]
	... 42 common frames omitted
Caused by: java.lang.Error: Unresolved compilation problem: 
	This method must return a result of type SecurityFilterChain

	at com.cts.config.AppSecurityConfig.securityFilterChain(AppSecurityConfig.java:20) ~[classes/:na]
	at com.cts.config.AppSecurityConfig$$SpringCGLIB$$0.CGLIB$securityFilterChain$1(<generated>) ~[classes/:na]
	at com.cts.config.AppSecurityConfig$$SpringCGLIB$$FastClass$$1.invoke(<generated>) ~[classes/:na]
	at org.springframework.cglib.proxy.MethodProxy.invokeSuper(MethodProxy.java:258) ~[spring-core-7.0.2.jar:7.0.2]
	at org.springframework.context.annotation.ConfigurationClassEnhancer$BeanMethodInterceptor.intercept(ConfigurationClassEnhancer.java:398) ~[spring-context-7.0.2.jar:7.0.2]
	at com.cts.config.AppSecurityConfig$$SpringCGLIB$$0.securityFilterChain(<generated>) ~[classes/:na]
	at java.base/jdk.internal.reflect.DirectMethodHandleAccessor.invoke(DirectMethodHandleAccessor.java:103) ~[na:na]
	at java.base/java.lang.reflect.Method.invoke(Method.java:580) ~[na:na]
	at org.springframework.beans.factory.support.SimpleInstantiationStrategy.lambda$instantiate$0(SimpleInstantiationStrategy.java:155) ~[spring-beans-7.0.2.jar:7.0.2]
	... 45 common frames omitted

2026-01-21T12:39:28.673+05:30  INFO 21592 --- [ims] [restartedMain] com.cts.ImsApplication                   : Starting ImsApplication using Java 21.0.6 with PID 21592 (C:\Users\2393375\Documents\ADM2026\Backend\ims\target\classes started by 2393375 in C:\Users\2393375\Documents\ADM2026\Backend\ims)
2026-01-21T12:39:28.675+05:30  INFO 21592 --- [ims] [restartedMain] com.cts.ImsApplication                   : No active profile set, falling back to 1 default profile: "default"
2026-01-21T12:39:28.915+05:30  INFO 21592 --- [ims] [restartedMain] .s.d.r.c.RepositoryConfigurationDelegate : Bootstrapping Spring Data JPA repositories in DEFAULT mode.
2026-01-21T12:39:28.922+05:30  INFO 21592 --- [ims] [restartedMain] .s.d.r.c.RepositoryConfigurationDelegate : Finished Spring Data repository scanning in 6 ms. Found 1 JPA repository interface.
2026-01-21T12:39:29.025+05:30  INFO 21592 --- [ims] [restartedMain] o.s.boot.tomcat.TomcatWebServer          : Tomcat initialized with port 8080 (http)
2026-01-21T12:39:29.026+05:30  INFO 21592 --- [ims] [restartedMain] o.apache.catalina.core.StandardService   : Starting service [Tomcat]
2026-01-21T12:39:29.026+05:30  INFO 21592 --- [ims] [restartedMain] o.apache.catalina.core.StandardEngine    : Starting Servlet engine: [Apache Tomcat/11.0.15]
2026-01-21T12:39:29.052+05:30  INFO 21592 --- [ims] [restartedMain] b.w.c.s.WebApplicationContextInitializer : Root WebApplicationContext: initialization completed in 373 ms
2026-01-21T12:39:29.096+05:30  INFO 21592 --- [ims] [restartedMain] org.hibernate.orm.jpa                    : HHH008540: Processing PersistenceUnitInfo [name: default]
2026-01-21T12:39:29.112+05:30  INFO 21592 --- [ims] [restartedMain] o.s.o.j.p.SpringPersistenceUnitInfo      : No LoadTimeWeaver setup: ignoring JPA class transformer
2026-01-21T12:39:29.112+05:30  INFO 21592 --- [ims] [restartedMain] com.zaxxer.hikari.HikariDataSource       : HikariPool-5 - Starting...
2026-01-21T12:39:29.126+05:30  INFO 21592 --- [ims] [restartedMain] com.zaxxer.hikari.pool.HikariPool        : HikariPool-5 - Added connection com.mysql.cj.jdbc.ConnectionImpl@492662df
2026-01-21T12:39:29.126+05:30  INFO 21592 --- [ims] [restartedMain] com.zaxxer.hikari.HikariDataSource       : HikariPool-5 - Start completed.
2026-01-21T12:39:29.127+05:30  INFO 21592 --- [ims] [restartedMain] org.hibernate.orm.connections.pooling    : HHH10001005: Database info:
	Database JDBC URL [jdbc:mysql://localhost:3306/imsdb?createDatabaseIfNotExist=true]
	Database driver: MySQL Connector/J
	Database dialect: MySQLDialect
	Database version: 8.0.43
	Default catalog/schema: imsdb/undefined
	Autocommit mode: undefined/unknown
	Isolation level: REPEATABLE_READ [default REPEATABLE_READ]
	JDBC fetch size: none
	Pool: DataSourceConnectionProvider
	Minimum pool size: undefined/unknown
	Maximum pool size: undefined/unknown
2026-01-21T12:39:29.152+05:30  INFO 21592 --- [ims] [restartedMain] org.hibernate.orm.core                   : HHH000489: No JTA platform available (set 'hibernate.transaction.jta.platform' to enable JTA platform integration)
2026-01-21T12:39:29.164+05:30  INFO 21592 --- [ims] [restartedMain] j.LocalContainerEntityManagerFactoryBean : Initialized JPA EntityManagerFactory for persistence unit 'default'
2026-01-21T12:39:29.210+05:30  WARN 21592 --- [ims] [restartedMain] JpaBaseConfiguration$JpaWebConfiguration : spring.jpa.open-in-view is enabled by default. Therefore, database queries may be performed during view rendering. Explicitly configure spring.jpa.open-in-view to disable this warning
2026-01-21T12:39:29.417+05:30  INFO 21592 --- [ims] [restartedMain] r$InitializeUserDetailsManagerConfigurer : Global AuthenticationManager configured with UserDetailsService bean with name userDetailsService
2026-01-21T12:39:29.680+05:30  INFO 21592 --- [ims] [restartedMain] o.s.b.a.e.web.EndpointLinksResolver      : Exposing 13 endpoints beneath base path '/actuator'
2026-01-21T12:39:29.733+05:30  INFO 21592 --- [ims] [restartedMain] o.s.boot.tomcat.TomcatWebServer          : Tomcat started on port 8080 (http) with context path '/'
2026-01-21T12:39:29.738+05:30  INFO 21592 --- [ims] [restartedMain] com.cts.ImsApplication                   : Started ImsApplication in 1.11 seconds (process running for 393.515)
2026-01-21T12:39:29.745+05:30  INFO 21592 --- [ims] [restartedMain] .ConditionEvaluationDeltaLoggingListener : Condition evaluation delta:


==========================
CONDITION EVALUATION DELTA
==========================


Positive matches:
-----------------

    None


Negative matches:
-----------------

   ManagementWebSecurityAutoConfiguration:
      Did not match:
         - AllNestedConditions 1 matched 1 did not; NestedCondition on DefaultWebSecurityCondition.Beans @ConditionalOnMissingBean (types: org.springframework.security.web.SecurityFilterChain; SearchStrategy: all) found beans of type 'org.springframework.security.web.SecurityFilterChain' securityFilterChain; NestedCondition on DefaultWebSecurityCondition.Classes @ConditionalOnClass found required classes 'org.springframework.security.web.SecurityFilterChain', 'org.springframework.security.config.annotation.web.builders.HttpSecurity' (DefaultWebSecurityCondition)
      Matched:
         - @ConditionalOnClass found required classes 'org.springframework.security.web.util.matcher.RequestMatcher', 'org.springframework.boot.actuate.autoconfigure.endpoint.web.WebEndpointAutoConfiguration' (OnClassCondition)
         - found 'session' scope (OnWebApplicationCondition)


Exclusions:
-----------

    None


Unconditional classes:
----------------------

    None



2026-01-21T12:40:05.814+05:30  INFO 21592 --- [ims] [File Watcher] rtingClassPathChangeChangedEventListener : Restarting due to 1 class path change (0 additions, 0 deletions, 1 modification)
2026-01-21T12:40:05.819+05:30  INFO 21592 --- [ims] [Thread-5] o.s.boot.tomcat.GracefulShutdown         : Commencing graceful shutdown. Waiting for active requests to complete
2026-01-21T12:40:05.842+05:30  INFO 21592 --- [ims] [tomcat-shutdown] o.s.boot.tomcat.GracefulShutdown         : Graceful shutdown complete
2026-01-21T12:40:05.849+05:30  INFO 21592 --- [ims] [Thread-5] j.LocalContainerEntityManagerFactoryBean : Closing JPA EntityManagerFactory for persistence unit 'default'
2026-01-21T12:40:05.849+05:30  INFO 21592 --- [ims] [Thread-5] com.zaxxer.hikari.HikariDataSource       : HikariPool-5 - Shutdown initiated...
2026-01-21T12:40:05.852+05:30  INFO 21592 --- [ims] [Thread-5] com.zaxxer.hikari.HikariDataSource       : HikariPool-5 - Shutdown completed.
2026-01-21T12:40:05.941+05:30  INFO 21592 --- [ims] [restartedMain] com.cts.ImsApplication                   : Starting ImsApplication using Java 21.0.6 with PID 21592 (C:\Users\2393375\Documents\ADM2026\Backend\ims\target\classes started by 2393375 in C:\Users\2393375\Documents\ADM2026\Backend\ims)
2026-01-21T12:40:05.941+05:30  INFO 21592 --- [ims] [restartedMain] com.cts.ImsApplication                   : No active profile set, falling back to 1 default profile: "default"
2026-01-21T12:40:06.140+05:30  INFO 21592 --- [ims] [restartedMain] .s.d.r.c.RepositoryConfigurationDelegate : Bootstrapping Spring Data JPA repositories in DEFAULT mode.
2026-01-21T12:40:06.152+05:30  INFO 21592 --- [ims] [restartedMain] .s.d.r.c.RepositoryConfigurationDelegate : Finished Spring Data repository scanning in 10 ms. Found 1 JPA repository interface.
2026-01-21T12:40:06.234+05:30  INFO 21592 --- [ims] [restartedMain] o.s.boot.tomcat.TomcatWebServer          : Tomcat initialized with port 8080 (http)
2026-01-21T12:40:06.234+05:30  INFO 21592 --- [ims] [restartedMain] o.apache.catalina.core.StandardService   : Starting service [Tomcat]
2026-01-21T12:40:06.235+05:30  INFO 21592 --- [ims] [restartedMain] o.apache.catalina.core.StandardEngine    : Starting Servlet engine: [Apache Tomcat/11.0.15]
2026-01-21T12:40:06.256+05:30  INFO 21592 --- [ims] [restartedMain] b.w.c.s.WebApplicationContextInitializer : Root WebApplicationContext: initialization completed in 314 ms
2026-01-21T12:40:06.298+05:30  INFO 21592 --- [ims] [restartedMain] org.hibernate.orm.jpa                    : HHH008540: Processing PersistenceUnitInfo [name: default]
2026-01-21T12:40:06.325+05:30  INFO 21592 --- [ims] [restartedMain] o.s.o.j.p.SpringPersistenceUnitInfo      : No LoadTimeWeaver setup: ignoring JPA class transformer
2026-01-21T12:40:06.326+05:30  INFO 21592 --- [ims] [restartedMain] com.zaxxer.hikari.HikariDataSource       : HikariPool-6 - Starting...
2026-01-21T12:40:06.346+05:30  INFO 21592 --- [ims] [restartedMain] com.zaxxer.hikari.pool.HikariPool        : HikariPool-6 - Added connection com.mysql.cj.jdbc.ConnectionImpl@49bc62a0
2026-01-21T12:40:06.346+05:30  INFO 21592 --- [ims] [restartedMain] com.zaxxer.hikari.HikariDataSource       : HikariPool-6 - Start completed.
2026-01-21T12:40:06.350+05:30  INFO 21592 --- [ims] [restartedMain] org.hibernate.orm.connections.pooling    : HHH10001005: Database info:
	Database JDBC URL [jdbc:mysql://localhost:3306/imsdb?createDatabaseIfNotExist=true]
	Database driver: MySQL Connector/J
	Database dialect: MySQLDialect
	Database version: 8.0.43
	Default catalog/schema: imsdb/undefined
	Autocommit mode: undefined/unknown
	Isolation level: REPEATABLE_READ [default REPEATABLE_READ]
	JDBC fetch size: none
	Pool: DataSourceConnectionProvider
	Minimum pool size: undefined/unknown
	Maximum pool size: undefined/unknown
2026-01-21T12:40:06.377+05:30  INFO 21592 --- [ims] [restartedMain] org.hibernate.orm.core                   : HHH000489: No JTA platform available (set 'hibernate.transaction.jta.platform' to enable JTA platform integration)
2026-01-21T12:40:06.385+05:30  INFO 21592 --- [ims] [restartedMain] j.LocalContainerEntityManagerFactoryBean : Initialized JPA EntityManagerFactory for persistence unit 'default'
2026-01-21T12:40:06.396+05:30  WARN 21592 --- [ims] [restartedMain] ConfigServletWebServerApplicationContext : Exception encountered during context initialization - cancelling refresh attempt: org.springframework.beans.factory.BeanCreationException: Error creating bean with name 'appSecurityConfig' defined in file [C:\Users\2393375\Documents\ADM2026\Backend\ims\target\classes\com\cts\config\AppSecurityConfig.class]: Failed to instantiate [com.cts.config.AppSecurityConfig$$SpringCGLIB$$0]: Constructor threw exception
2026-01-21T12:40:06.396+05:30  INFO 21592 --- [ims] [restartedMain] j.LocalContainerEntityManagerFactoryBean : Closing JPA EntityManagerFactory for persistence unit 'default'
2026-01-21T12:40:06.396+05:30  INFO 21592 --- [ims] [restartedMain] com.zaxxer.hikari.HikariDataSource       : HikariPool-6 - Shutdown initiated...
2026-01-21T12:40:06.397+05:30  INFO 21592 --- [ims] [restartedMain] com.zaxxer.hikari.HikariDataSource       : HikariPool-6 - Shutdown completed.
2026-01-21T12:40:06.398+05:30  INFO 21592 --- [ims] [restartedMain] o.apache.catalina.core.StandardService   : Stopping service [Tomcat]
2026-01-21T12:40:06.402+05:30  INFO 21592 --- [ims] [restartedMain] .s.b.a.l.ConditionEvaluationReportLogger : 

Error starting ApplicationContext. To display the condition evaluation report re-run your application with 'debug' enabled.
2026-01-21T12:40:06.404+05:30 ERROR 21592 --- [ims] [restartedMain] o.s.boot.SpringApplication               : Application run failed

org.springframework.beans.factory.BeanCreationException: Error creating bean with name 'appSecurityConfig' defined in file [C:\Users\2393375\Documents\ADM2026\Backend\ims\target\classes\com\cts\config\AppSecurityConfig.class]: Failed to instantiate [com.cts.config.AppSecurityConfig$$SpringCGLIB$$0]: Constructor threw exception
	at org.springframework.beans.factory.support.AbstractAutowireCapableBeanFactory.instantiateBean(AbstractAutowireCapableBeanFactory.java:1344) ~[spring-beans-7.0.2.jar:7.0.2]
	at org.springframework.beans.factory.support.AbstractAutowireCapableBeanFactory.createBeanInstance(AbstractAutowireCapableBeanFactory.java:1231) ~[spring-beans-7.0.2.jar:7.0.2]
	at org.springframework.beans.factory.support.AbstractAutowireCapableBeanFactory.doCreateBean(AbstractAutowireCapableBeanFactory.java:565) ~[spring-beans-7.0.2.jar:7.0.2]
	at org.springframework.beans.factory.support.AbstractAutowireCapableBeanFactory.createBean(AbstractAutowireCapableBeanFactory.java:525) ~[spring-beans-7.0.2.jar:7.0.2]
	at org.springframework.beans.factory.support.AbstractBeanFactory.lambda$doGetBean$0(AbstractBeanFactory.java:333) ~[spring-beans-7.0.2.jar:7.0.2]
	at org.springframework.beans.factory.support.DefaultSingletonBeanRegistry.getSingleton(DefaultSingletonBeanRegistry.java:371) ~[spring-beans-7.0.2.jar:7.0.2]
	at org.springframework.beans.factory.support.AbstractBeanFactory.doGetBean(AbstractBeanFactory.java:331) ~[spring-beans-7.0.2.jar:7.0.2]
	at org.springframework.beans.factory.support.AbstractBeanFactory.getBean(AbstractBeanFactory.java:196) ~[spring-beans-7.0.2.jar:7.0.2]
	at org.springframework.beans.factory.support.DefaultListableBeanFactory.instantiateSingleton(DefaultListableBeanFactory.java:1218) ~[spring-beans-7.0.2.jar:7.0.2]
	at org.springframework.beans.factory.support.DefaultListableBeanFactory.preInstantiateSingleton(DefaultListableBeanFactory.java:1184) ~[spring-beans-7.0.2.jar:7.0.2]
	at org.springframework.beans.factory.support.DefaultListableBeanFactory.preInstantiateSingletons(DefaultListableBeanFactory.java:1121) ~[spring-beans-7.0.2.jar:7.0.2]
	at org.springframework.context.support.AbstractApplicationContext.finishBeanFactoryInitialization(AbstractApplicationContext.java:993) ~[spring-context-7.0.2.jar:7.0.2]
	at org.springframework.context.support.AbstractApplicationContext.refresh(AbstractApplicationContext.java:620) ~[spring-context-7.0.2.jar:7.0.2]
	at org.springframework.boot.web.server.servlet.context.ServletWebServerApplicationContext.refresh(ServletWebServerApplicationContext.java:143) ~[spring-boot-web-server-4.0.1.jar:4.0.1]
	at org.springframework.boot.SpringApplication.refresh(SpringApplication.java:756) ~[spring-boot-4.0.1.jar:4.0.1]
	at org.springframework.boot.SpringApplication.refreshContext(SpringApplication.java:445) ~[spring-boot-4.0.1.jar:4.0.1]
	at org.springframework.boot.SpringApplication.run(SpringApplication.java:321) ~[spring-boot-4.0.1.jar:4.0.1]
	at org.springframework.boot.SpringApplication.run(SpringApplication.java:1365) ~[spring-boot-4.0.1.jar:4.0.1]
	at org.springframework.boot.SpringApplication.run(SpringApplication.java:1354) ~[spring-boot-4.0.1.jar:4.0.1]
	at com.cts.ImsApplication.main(ImsApplication.java:10) ~[classes/:na]
	at java.base/jdk.internal.reflect.DirectMethodHandleAccessor.invoke(DirectMethodHandleAccessor.java:103) ~[na:na]
	at java.base/java.lang.reflect.Method.invoke(Method.java:580) ~[na:na]
	at org.springframework.boot.devtools.restart.RestartLauncher.run(RestartLauncher.java:52) ~[spring-boot-devtools-4.0.1.jar:4.0.1]
Caused by: org.springframework.beans.BeanInstantiationException: Failed to instantiate [com.cts.config.AppSecurityConfig$$SpringCGLIB$$0]: Constructor threw exception
	at org.springframework.beans.BeanUtils.instantiateClass(BeanUtils.java:224) ~[spring-beans-7.0.2.jar:7.0.2]
	at org.springframework.beans.factory.support.SimpleInstantiationStrategy.instantiate(SimpleInstantiationStrategy.java:106) ~[spring-beans-7.0.2.jar:7.0.2]
	at org.springframework.beans.factory.support.AbstractAutowireCapableBeanFactory.instantiateBean(AbstractAutowireCapableBeanFactory.java:1338) ~[spring-beans-7.0.2.jar:7.0.2]
	... 22 common frames omitted
Caused by: java.lang.Error: Unresolved compilation problem: 
	The method anyRequest() is undefined for the type AuthorizeHttpRequestsConfigurer<HttpSecurity>.AuthorizedUrl

	at com.cts.config.AppSecurityConfig.<init>(AppSecurityConfig.java:23) ~[classes/:na]
	at com.cts.config.AppSecurityConfig$$SpringCGLIB$$0.<init>(<generated>) ~[classes/:na]
	at java.base/jdk.internal.reflect.DirectConstructorHandleAccessor.newInstance(DirectConstructorHandleAccessor.java:62) ~[na:na]
	at java.base/java.lang.reflect.Constructor.newInstanceWithCaller(Constructor.java:502) ~[na:na]
	at java.base/java.lang.reflect.Constructor.newInstance(Constructor.java:486) ~[na:na]
	at org.springframework.beans.BeanUtils.instantiateClass(BeanUtils.java:198) ~[spring-beans-7.0.2.jar:7.0.2]
	... 24 common frames omitted

2026-01-21T12:40:40.779+05:30  INFO 21592 --- [ims] [restartedMain] com.cts.ImsApplication                   : Starting ImsApplication using Java 21.0.6 with PID 21592 (C:\Users\2393375\Documents\ADM2026\Backend\ims\target\classes started by 2393375 in C:\Users\2393375\Documents\ADM2026\Backend\ims)
2026-01-21T12:40:40.779+05:30  INFO 21592 --- [ims] [restartedMain] com.cts.ImsApplication                   : No active profile set, falling back to 1 default profile: "default"
2026-01-21T12:40:40.979+05:30  INFO 21592 --- [ims] [restartedMain] .s.d.r.c.RepositoryConfigurationDelegate : Bootstrapping Spring Data JPA repositories in DEFAULT mode.
2026-01-21T12:40:40.988+05:30  INFO 21592 --- [ims] [restartedMain] .s.d.r.c.RepositoryConfigurationDelegate : Finished Spring Data repository scanning in 8 ms. Found 1 JPA repository interface.
2026-01-21T12:40:41.080+05:30  INFO 21592 --- [ims] [restartedMain] o.s.boot.tomcat.TomcatWebServer          : Tomcat initialized with port 8080 (http)
2026-01-21T12:40:41.080+05:30  INFO 21592 --- [ims] [restartedMain] o.apache.catalina.core.StandardService   : Starting service [Tomcat]
2026-01-21T12:40:41.081+05:30  INFO 21592 --- [ims] [restartedMain] o.apache.catalina.core.StandardEngine    : Starting Servlet engine: [Apache Tomcat/11.0.15]
2026-01-21T12:40:41.105+05:30  INFO 21592 --- [ims] [restartedMain] b.w.c.s.WebApplicationContextInitializer : Root WebApplicationContext: initialization completed in 325 ms
2026-01-21T12:40:41.142+05:30  INFO 21592 --- [ims] [restartedMain] org.hibernate.orm.jpa                    : HHH008540: Processing PersistenceUnitInfo [name: default]
2026-01-21T12:40:41.162+05:30  INFO 21592 --- [ims] [restartedMain] o.s.o.j.p.SpringPersistenceUnitInfo      : No LoadTimeWeaver setup: ignoring JPA class transformer
2026-01-21T12:40:41.162+05:30  INFO 21592 --- [ims] [restartedMain] com.zaxxer.hikari.HikariDataSource       : HikariPool-7 - Starting...
2026-01-21T12:40:41.173+05:30  INFO 21592 --- [ims] [restartedMain] com.zaxxer.hikari.pool.HikariPool        : HikariPool-7 - Added connection com.mysql.cj.jdbc.ConnectionImpl@1b9749d8
2026-01-21T12:40:41.173+05:30  INFO 21592 --- [ims] [restartedMain] com.zaxxer.hikari.HikariDataSource       : HikariPool-7 - Start completed.
2026-01-21T12:40:41.175+05:30  INFO 21592 --- [ims] [restartedMain] org.hibernate.orm.connections.pooling    : HHH10001005: Database info:
	Database JDBC URL [jdbc:mysql://localhost:3306/imsdb?createDatabaseIfNotExist=true]
	Database driver: MySQL Connector/J
	Database dialect: MySQLDialect
	Database version: 8.0.43
	Default catalog/schema: imsdb/undefined
	Autocommit mode: undefined/unknown
	Isolation level: REPEATABLE_READ [default REPEATABLE_READ]
	JDBC fetch size: none
	Pool: DataSourceConnectionProvider
	Minimum pool size: undefined/unknown
	Maximum pool size: undefined/unknown
2026-01-21T12:40:41.205+05:30  INFO 21592 --- [ims] [restartedMain] org.hibernate.orm.core                   : HHH000489: No JTA platform available (set 'hibernate.transaction.jta.platform' to enable JTA platform integration)
2026-01-21T12:40:41.212+05:30  INFO 21592 --- [ims] [restartedMain] j.LocalContainerEntityManagerFactoryBean : Initialized JPA EntityManagerFactory for persistence unit 'default'
2026-01-21T12:40:41.224+05:30  WARN 21592 --- [ims] [restartedMain] ConfigServletWebServerApplicationContext : Exception encountered during context initialization - cancelling refresh attempt: org.springframework.beans.factory.BeanCreationException: Error creating bean with name 'appSecurityConfig' defined in file [C:\Users\2393375\Documents\ADM2026\Backend\ims\target\classes\com\cts\config\AppSecurityConfig.class]: Failed to instantiate [com.cts.config.AppSecurityConfig$$SpringCGLIB$$0]: Constructor threw exception
2026-01-21T12:40:41.224+05:30  INFO 21592 --- [ims] [restartedMain] j.LocalContainerEntityManagerFactoryBean : Closing JPA EntityManagerFactory for persistence unit 'default'
2026-01-21T12:40:41.224+05:30  INFO 21592 --- [ims] [restartedMain] com.zaxxer.hikari.HikariDataSource       : HikariPool-7 - Shutdown initiated...
2026-01-21T12:40:41.225+05:30  INFO 21592 --- [ims] [restartedMain] com.zaxxer.hikari.HikariDataSource       : HikariPool-7 - Shutdown completed.
2026-01-21T12:40:41.226+05:30  INFO 21592 --- [ims] [restartedMain] o.apache.catalina.core.StandardService   : Stopping service [Tomcat]
2026-01-21T12:40:41.228+05:30  INFO 21592 --- [ims] [restartedMain] .s.b.a.l.ConditionEvaluationReportLogger : 

Error starting ApplicationContext. To display the condition evaluation report re-run your application with 'debug' enabled.
2026-01-21T12:40:41.230+05:30 ERROR 21592 --- [ims] [restartedMain] o.s.boot.SpringApplication               : Application run failed

org.springframework.beans.factory.BeanCreationException: Error creating bean with name 'appSecurityConfig' defined in file [C:\Users\2393375\Documents\ADM2026\Backend\ims\target\classes\com\cts\config\AppSecurityConfig.class]: Failed to instantiate [com.cts.config.AppSecurityConfig$$SpringCGLIB$$0]: Constructor threw exception
	at org.springframework.beans.factory.support.AbstractAutowireCapableBeanFactory.instantiateBean(AbstractAutowireCapableBeanFactory.java:1344) ~[spring-beans-7.0.2.jar:7.0.2]
	at org.springframework.beans.factory.support.AbstractAutowireCapableBeanFactory.createBeanInstance(AbstractAutowireCapableBeanFactory.java:1231) ~[spring-beans-7.0.2.jar:7.0.2]
	at org.springframework.beans.factory.support.AbstractAutowireCapableBeanFactory.doCreateBean(AbstractAutowireCapableBeanFactory.java:565) ~[spring-beans-7.0.2.jar:7.0.2]
	at org.springframework.beans.factory.support.AbstractAutowireCapableBeanFactory.createBean(AbstractAutowireCapableBeanFactory.java:525) ~[spring-beans-7.0.2.jar:7.0.2]
	at org.springframework.beans.factory.support.AbstractBeanFactory.lambda$doGetBean$0(AbstractBeanFactory.java:333) ~[spring-beans-7.0.2.jar:7.0.2]
	at org.springframework.beans.factory.support.DefaultSingletonBeanRegistry.getSingleton(DefaultSingletonBeanRegistry.java:371) ~[spring-beans-7.0.2.jar:7.0.2]
	at org.springframework.beans.factory.support.AbstractBeanFactory.doGetBean(AbstractBeanFactory.java:331) ~[spring-beans-7.0.2.jar:7.0.2]
	at org.springframework.beans.factory.support.AbstractBeanFactory.getBean(AbstractBeanFactory.java:196) ~[spring-beans-7.0.2.jar:7.0.2]
	at org.springframework.beans.factory.support.DefaultListableBeanFactory.instantiateSingleton(DefaultListableBeanFactory.java:1218) ~[spring-beans-7.0.2.jar:7.0.2]
	at org.springframework.beans.factory.support.DefaultListableBeanFactory.preInstantiateSingleton(DefaultListableBeanFactory.java:1184) ~[spring-beans-7.0.2.jar:7.0.2]
	at org.springframework.beans.factory.support.DefaultListableBeanFactory.preInstantiateSingletons(DefaultListableBeanFactory.java:1121) ~[spring-beans-7.0.2.jar:7.0.2]
	at org.springframework.context.support.AbstractApplicationContext.finishBeanFactoryInitialization(AbstractApplicationContext.java:993) ~[spring-context-7.0.2.jar:7.0.2]
	at org.springframework.context.support.AbstractApplicationContext.refresh(AbstractApplicationContext.java:620) ~[spring-context-7.0.2.jar:7.0.2]
	at org.springframework.boot.web.server.servlet.context.ServletWebServerApplicationContext.refresh(ServletWebServerApplicationContext.java:143) ~[spring-boot-web-server-4.0.1.jar:4.0.1]
	at org.springframework.boot.SpringApplication.refresh(SpringApplication.java:756) ~[spring-boot-4.0.1.jar:4.0.1]
	at org.springframework.boot.SpringApplication.refreshContext(SpringApplication.java:445) ~[spring-boot-4.0.1.jar:4.0.1]
	at org.springframework.boot.SpringApplication.run(SpringApplication.java:321) ~[spring-boot-4.0.1.jar:4.0.1]
	at org.springframework.boot.SpringApplication.run(SpringApplication.java:1365) ~[spring-boot-4.0.1.jar:4.0.1]
	at org.springframework.boot.SpringApplication.run(SpringApplication.java:1354) ~[spring-boot-4.0.1.jar:4.0.1]
	at com.cts.ImsApplication.main(ImsApplication.java:10) ~[classes/:na]
	at java.base/jdk.internal.reflect.DirectMethodHandleAccessor.invoke(DirectMethodHandleAccessor.java:103) ~[na:na]
	at java.base/java.lang.reflect.Method.invoke(Method.java:580) ~[na:na]
	at org.springframework.boot.devtools.restart.RestartLauncher.run(RestartLauncher.java:52) ~[spring-boot-devtools-4.0.1.jar:4.0.1]
Caused by: org.springframework.beans.BeanInstantiationException: Failed to instantiate [com.cts.config.AppSecurityConfig$$SpringCGLIB$$0]: Constructor threw exception
	at org.springframework.beans.BeanUtils.instantiateClass(BeanUtils.java:224) ~[spring-beans-7.0.2.jar:7.0.2]
	at org.springframework.beans.factory.support.SimpleInstantiationStrategy.instantiate(SimpleInstantiationStrategy.java:106) ~[spring-beans-7.0.2.jar:7.0.2]
	at org.springframework.beans.factory.support.AbstractAutowireCapableBeanFactory.instantiateBean(AbstractAutowireCapableBeanFactory.java:1338) ~[spring-beans-7.0.2.jar:7.0.2]
	... 22 common frames omitted
Caused by: java.lang.Error: Unresolved compilation problem: 
	The method anyRequest() is undefined for the type AuthorizeHttpRequestsConfigurer<HttpSecurity>.AuthorizedUrl

	at com.cts.config.AppSecurityConfig.<init>(AppSecurityConfig.java:24) ~[classes/:na]
	at com.cts.config.AppSecurityConfig$$SpringCGLIB$$0.<init>(<generated>) ~[classes/:na]
	at java.base/jdk.internal.reflect.DirectConstructorHandleAccessor.newInstance(DirectConstructorHandleAccessor.java:62) ~[na:na]
	at java.base/java.lang.reflect.Constructor.newInstanceWithCaller(Constructor.java:502) ~[na:na]
	at java.base/java.lang.reflect.Constructor.newInstance(Constructor.java:486) ~[na:na]
	at org.springframework.beans.BeanUtils.instantiateClass(BeanUtils.java:198) ~[spring-beans-7.0.2.jar:7.0.2]
	... 24 common frames omitted

2026-01-21T12:41:09.684+05:30  INFO 21592 --- [ims] [restartedMain] com.cts.ImsApplication                   : Starting ImsApplication using Java 21.0.6 with PID 21592 (C:\Users\2393375\Documents\ADM2026\Backend\ims\target\classes started by 2393375 in C:\Users\2393375\Documents\ADM2026\Backend\ims)
2026-01-21T12:41:09.684+05:30  INFO 21592 --- [ims] [restartedMain] com.cts.ImsApplication                   : No active profile set, falling back to 1 default profile: "default"
2026-01-21T12:41:09.888+05:30  INFO 21592 --- [ims] [restartedMain] .s.d.r.c.RepositoryConfigurationDelegate : Bootstrapping Spring Data JPA repositories in DEFAULT mode.
2026-01-21T12:41:09.897+05:30  INFO 21592 --- [ims] [restartedMain] .s.d.r.c.RepositoryConfigurationDelegate : Finished Spring Data repository scanning in 7 ms. Found 1 JPA repository interface.
2026-01-21T12:41:09.985+05:30  INFO 21592 --- [ims] [restartedMain] o.s.boot.tomcat.TomcatWebServer          : Tomcat initialized with port 8080 (http)
2026-01-21T12:41:09.986+05:30  INFO 21592 --- [ims] [restartedMain] o.apache.catalina.core.StandardService   : Starting service [Tomcat]
2026-01-21T12:41:09.986+05:30  INFO 21592 --- [ims] [restartedMain] o.apache.catalina.core.StandardEngine    : Starting Servlet engine: [Apache Tomcat/11.0.15]
2026-01-21T12:41:10.008+05:30  INFO 21592 --- [ims] [restartedMain] b.w.c.s.WebApplicationContextInitializer : Root WebApplicationContext: initialization completed in 322 ms
2026-01-21T12:41:10.054+05:30  INFO 21592 --- [ims] [restartedMain] org.hibernate.orm.jpa                    : HHH008540: Processing PersistenceUnitInfo [name: default]
2026-01-21T12:41:10.074+05:30  INFO 21592 --- [ims] [restartedMain] o.s.o.j.p.SpringPersistenceUnitInfo      : No LoadTimeWeaver setup: ignoring JPA class transformer
2026-01-21T12:41:10.074+05:30  INFO 21592 --- [ims] [restartedMain] com.zaxxer.hikari.HikariDataSource       : HikariPool-8 - Starting...
2026-01-21T12:41:10.085+05:30  INFO 21592 --- [ims] [restartedMain] com.zaxxer.hikari.pool.HikariPool        : HikariPool-8 - Added connection com.mysql.cj.jdbc.ConnectionImpl@3458501c
2026-01-21T12:41:10.085+05:30  INFO 21592 --- [ims] [restartedMain] com.zaxxer.hikari.HikariDataSource       : HikariPool-8 - Start completed.
2026-01-21T12:41:10.088+05:30  INFO 21592 --- [ims] [restartedMain] org.hibernate.orm.connections.pooling    : HHH10001005: Database info:
	Database JDBC URL [jdbc:mysql://localhost:3306/imsdb?createDatabaseIfNotExist=true]
	Database driver: MySQL Connector/J
	Database dialect: MySQLDialect
	Database version: 8.0.43
	Default catalog/schema: imsdb/undefined
	Autocommit mode: undefined/unknown
	Isolation level: REPEATABLE_READ [default REPEATABLE_READ]
	JDBC fetch size: none
	Pool: DataSourceConnectionProvider
	Minimum pool size: undefined/unknown
	Maximum pool size: undefined/unknown
2026-01-21T12:41:10.118+05:30  INFO 21592 --- [ims] [restartedMain] org.hibernate.orm.core                   : HHH000489: No JTA platform available (set 'hibernate.transaction.jta.platform' to enable JTA platform integration)
2026-01-21T12:41:10.126+05:30  INFO 21592 --- [ims] [restartedMain] j.LocalContainerEntityManagerFactoryBean : Initialized JPA EntityManagerFactory for persistence unit 'default'
2026-01-21T12:41:10.181+05:30  WARN 21592 --- [ims] [restartedMain] JpaBaseConfiguration$JpaWebConfiguration : spring.jpa.open-in-view is enabled by default. Therefore, database queries may be performed during view rendering. Explicitly configure spring.jpa.open-in-view to disable this warning
2026-01-21T12:41:10.372+05:30  INFO 21592 --- [ims] [restartedMain] r$InitializeUserDetailsManagerConfigurer : Global AuthenticationManager configured with UserDetailsService bean with name userDetailsService
2026-01-21T12:41:10.565+05:30  INFO 21592 --- [ims] [restartedMain] o.s.b.a.e.web.EndpointLinksResolver      : Exposing 13 endpoints beneath base path '/actuator'
2026-01-21T12:41:10.591+05:30  INFO 21592 --- [ims] [restartedMain] o.s.boot.tomcat.TomcatWebServer          : Tomcat started on port 8080 (http) with context path '/'
2026-01-21T12:41:10.596+05:30  INFO 21592 --- [ims] [restartedMain] com.cts.ImsApplication                   : Started ImsApplication in 0.954 seconds (process running for 494.373)
2026-01-21T12:41:10.599+05:30  INFO 21592 --- [ims] [restartedMain] .ConditionEvaluationDeltaLoggingListener : Condition evaluation unchanged
2026-01-21T12:42:02.287+05:30  INFO 21592 --- [ims] [File Watcher] rtingClassPathChangeChangedEventListener : Restarting due to 1 class path change (0 additions, 0 deletions, 1 modification)
2026-01-21T12:42:02.289+05:30  INFO 21592 --- [ims] [Thread-18] o.s.boot.tomcat.GracefulShutdown         : Commencing graceful shutdown. Waiting for active requests to complete
2026-01-21T12:42:02.303+05:30  INFO 21592 --- [ims] [tomcat-shutdown] o.s.boot.tomcat.GracefulShutdown         : Graceful shutdown complete
2026-01-21T12:42:02.306+05:30  INFO 21592 --- [ims] [Thread-18] j.LocalContainerEntityManagerFactoryBean : Closing JPA EntityManagerFactory for persistence unit 'default'
2026-01-21T12:42:02.306+05:30  INFO 21592 --- [ims] [Thread-18] com.zaxxer.hikari.HikariDataSource       : HikariPool-8 - Shutdown initiated...
2026-01-21T12:42:02.308+05:30  INFO 21592 --- [ims] [Thread-18] com.zaxxer.hikari.HikariDataSource       : HikariPool-8 - Shutdown completed.
2026-01-21T12:42:02.402+05:30  INFO 21592 --- [ims] [restartedMain] com.cts.ImsApplication                   : Starting ImsApplication using Java 21.0.6 with PID 21592 (C:\Users\2393375\Documents\ADM2026\Backend\ims\target\classes started by 2393375 in C:\Users\2393375\Documents\ADM2026\Backend\ims)
2026-01-21T12:42:02.402+05:30  INFO 21592 --- [ims] [restartedMain] com.cts.ImsApplication                   : No active profile set, falling back to 1 default profile: "default"
2026-01-21T12:42:02.595+05:30  INFO 21592 --- [ims] [restartedMain] .s.d.r.c.RepositoryConfigurationDelegate : Bootstrapping Spring Data JPA repositories in DEFAULT mode.
2026-01-21T12:42:02.602+05:30  INFO 21592 --- [ims] [restartedMain] .s.d.r.c.RepositoryConfigurationDelegate : Finished Spring Data repository scanning in 5 ms. Found 1 JPA repository interface.
2026-01-21T12:42:02.690+05:30  INFO 21592 --- [ims] [restartedMain] o.s.boot.tomcat.TomcatWebServer          : Tomcat initialized with port 8080 (http)
2026-01-21T12:42:02.690+05:30  INFO 21592 --- [ims] [restartedMain] o.apache.catalina.core.StandardService   : Starting service [Tomcat]
2026-01-21T12:42:02.690+05:30  INFO 21592 --- [ims] [restartedMain] o.apache.catalina.core.StandardEngine    : Starting Servlet engine: [Apache Tomcat/11.0.15]
2026-01-21T12:42:02.716+05:30  INFO 21592 --- [ims] [restartedMain] b.w.c.s.WebApplicationContextInitializer : Root WebApplicationContext: initialization completed in 313 ms
2026-01-21T12:42:02.761+05:30  INFO 21592 --- [ims] [restartedMain] org.hibernate.orm.jpa                    : HHH008540: Processing PersistenceUnitInfo [name: default]
2026-01-21T12:42:02.781+05:30  INFO 21592 --- [ims] [restartedMain] o.s.o.j.p.SpringPersistenceUnitInfo      : No LoadTimeWeaver setup: ignoring JPA class transformer
2026-01-21T12:42:02.784+05:30  INFO 21592 --- [ims] [restartedMain] com.zaxxer.hikari.HikariDataSource       : HikariPool-9 - Starting...
2026-01-21T12:42:02.815+05:30  INFO 21592 --- [ims] [restartedMain] com.zaxxer.hikari.pool.HikariPool        : HikariPool-9 - Added connection com.mysql.cj.jdbc.ConnectionImpl@741d9cba
2026-01-21T12:42:02.815+05:30  INFO 21592 --- [ims] [restartedMain] com.zaxxer.hikari.HikariDataSource       : HikariPool-9 - Start completed.
2026-01-21T12:42:02.818+05:30  INFO 21592 --- [ims] [restartedMain] org.hibernate.orm.connections.pooling    : HHH10001005: Database info:
	Database JDBC URL [jdbc:mysql://localhost:3306/imsdb?createDatabaseIfNotExist=true]
	Database driver: MySQL Connector/J
	Database dialect: MySQLDialect
	Database version: 8.0.43
	Default catalog/schema: imsdb/undefined
	Autocommit mode: undefined/unknown
	Isolation level: REPEATABLE_READ [default REPEATABLE_READ]
	JDBC fetch size: none
	Pool: DataSourceConnectionProvider
	Minimum pool size: undefined/unknown
	Maximum pool size: undefined/unknown
2026-01-21T12:42:02.850+05:30  INFO 21592 --- [ims] [restartedMain] org.hibernate.orm.core                   : HHH000489: No JTA platform available (set 'hibernate.transaction.jta.platform' to enable JTA platform integration)
2026-01-21T12:42:02.858+05:30  INFO 21592 --- [ims] [restartedMain] j.LocalContainerEntityManagerFactoryBean : Initialized JPA EntityManagerFactory for persistence unit 'default'
2026-01-21T12:42:02.911+05:30  WARN 21592 --- [ims] [restartedMain] JpaBaseConfiguration$JpaWebConfiguration : spring.jpa.open-in-view is enabled by default. Therefore, database queries may be performed during view rendering. Explicitly configure spring.jpa.open-in-view to disable this warning
2026-01-21T12:42:03.065+05:30  INFO 21592 --- [ims] [restartedMain] r$InitializeUserDetailsManagerConfigurer : Global AuthenticationManager configured with UserDetailsService bean with name userDetailsService
2026-01-21T12:42:03.232+05:30  INFO 21592 --- [ims] [restartedMain] o.s.b.a.e.web.EndpointLinksResolver      : Exposing 13 endpoints beneath base path '/actuator'
2026-01-21T12:42:03.251+05:30  INFO 21592 --- [ims] [restartedMain] o.s.boot.tomcat.TomcatWebServer          : Tomcat started on port 8080 (http) with context path '/'
2026-01-21T12:42:03.256+05:30  INFO 21592 --- [ims] [restartedMain] com.cts.ImsApplication                   : Started ImsApplication in 0.872 seconds (process running for 547.033)
2026-01-21T12:42:03.258+05:30  INFO 21592 --- [ims] [restartedMain] .ConditionEvaluationDeltaLoggingListener : Condition evaluation unchanged
2026-01-21T12:42:54.239+05:30  INFO 21592 --- [ims] [RMI TCP Connection(32)-127.0.0.1] inMXBeanRegistrar$SpringApplicationAdmin : Application shutdown requested.
2026-01-21T12:42:54.241+05:30  INFO 21592 --- [ims] [RMI TCP Connection(32)-127.0.0.1] o.s.boot.tomcat.GracefulShutdown         : Commencing graceful shutdown. Waiting for active requests to complete
2026-01-21T12:42:54.254+05:30  INFO 21592 --- [ims] [tomcat-shutdown] o.s.boot.tomcat.GracefulShutdown         : Graceful shutdown complete
2026-01-21T12:42:54.258+05:30  INFO 21592 --- [ims] [RMI TCP Connection(32)-127.0.0.1] j.LocalContainerEntityManagerFactoryBean : Closing JPA EntityManagerFactory for persistence unit 'default'
2026-01-21T12:42:54.258+05:30  INFO 21592 --- [ims] [RMI TCP Connection(32)-127.0.0.1] com.zaxxer.hikari.HikariDataSource       : HikariPool-9 - Shutdown initiated...
2026-01-21T12:42:54.264+05:30  INFO 21592 --- [ims] [RMI TCP Connection(32)-127.0.0.1] com.zaxxer.hikari.HikariDataSource       : HikariPool-9 - Shutdown completed.
